eprint_id,ubma_external,ubma_unibiblio,ubma_xml_error
3,,False,
10,False,False,
11,False,False,
13,False,False,
15,False,False,
16,False,True,
17,False,True,
18,False,False,
19,False,False,
20,False,False,
21,False,False,
22,False,False,
23,False,False,
24,False,False,
25,False,False,
26,False,True,
27,False,True,
28,False,False,
29,False,False,
30,False,False,
31,False,False,
32,False,False,
33,False,False,
34,False,False,
35,False,False,
36,False,True,
37,False,False,
38,False,False,
39,False,False,
40,False,True,
41,False,True,
42,False,False,
43,False,True,
44,False,False,
45,False,True,
46,False,False,
47,False,False,
48,False,True,
49,False,True,
50,False,False,
51,False,True,
52,False,False,
53,False,False,
54,False,False,
55,False,True,
56,False,False,
57,False,False,
58,False,False,
59,False,True,
60,False,False,
61,False,False,
62,False,True,
64,False,False,
65,False,False,
66,False,True,
67,False,True,
68,False,True,
69,False,True,
70,False,True,
71,False,False,
72,False,True,
73,False,True,
74,False,False,
75,False,True,
76,False,True,
77,False,False,
78,False,False,
79,False,False,
80,False,False,
81,False,False,
82,False,False,
83,False,False,
84,False,False,
85,False,False,
87,False,True,
88,False,True,
89,False,True,
90,False,False,
91,False,True,
92,False,True,
93,False,True,
94,False,False,
95,False,False,
96,False,True,
97,False,True,
98,False,True,
99,False,True,
100,False,True,
101,False,True,
102,False,True,
103,False,True,
104,False,True,
105,False,True,
106,False,False,
107,False,True,
108,False,False,
109,False,False,
112,False,False,
113,False,False,
114,False,False,
116,False,False,
117,False,False,
118,False,False,
119,False,False,
120,False,False,
121,False,False,
122,False,False,
123,False,False,
124,False,False,
125,False,False,
126,False,True,
127,False,False,
128,False,False,
129,False,False,
130,False,False,
131,False,False,
132,False,False,
133,False,False,
134,False,False,
135,False,False,
136,False,False,
137,False,False,
138,False,False,
139,False,False,
141,False,True,
142,False,False,
143,False,False,
144,False,False,
145,False,False,
146,False,False,
147,False,False,
148,False,False,
149,False,False,
150,False,False,
151,False,False,
152,False,False,
153,False,False,
154,False,False,
155,False,False,
156,False,False,
157,False,False,
158,False,False,
159,False,False,
161,False,False,
162,False,False,
163,False,False,
164,False,False,
165,False,False,
166,False,False,
167,False,True,
168,False,False,
169,False,False,
170,False,False,
171,False,False,
172,False,False,
173,False,False,
174,False,False,
175,False,False,
176,False,True,
177,False,False,
178,False,False,
179,False,False,
180,False,False,
181,False,False,
182,False,False,
183,False,False,
184,False,False,
185,False,False,
186,False,False,
187,False,False,
188,False,False,
189,False,False,
190,False,False,
191,False,False,
192,False,False,
193,False,False,
203,False,True,
204,False,True,
206,False,True,
207,False,False,
208,False,False,
209,False,True,
210,False,True,
211,False,True,
212,False,True,
213,False,True,
214,False,False,
215,False,True,
216,False,True,
217,False,False,
218,False,True,
219,False,True,
220,False,True,
221,False,True,
222,False,True,
223,False,True,
224,False,False,
226,False,True,
228,False,True,
229,False,False,
230,False,True,
231,False,True,
232,False,True,
233,False,True,
234,False,False,
235,False,True,
236,False,True,
237,False,True,
238,False,True,
239,False,True,
240,False,True,
241,False,True,
243,False,True,
244,False,False,
245,False,False,
247,False,False,
248,False,True,
249,False,True,
250,False,True,
251,False,True,
252,False,True,
253,False,False,
255,False,True,
256,False,True,
257,False,False,
258,False,True,
259,False,True,
260,False,True,
261,False,True,
262,False,True,
263,False,True,
264,False,True,
266,False,True,
267,False,True,
268,False,True,
269,False,True,
270,False,True,
271,False,True,
272,False,False,
273,False,True,
274,False,False,
275,False,True,
276,False,False,
277,False,False,
278,False,False,
279,False,True,
280,False,False,
281,False,True,
282,False,False,
283,False,False,
284,False,True,
285,False,True,
286,False,False,
287,False,False,
288,False,True,
289,False,True,
290,False,True,
291,False,True,
292,False,False,
293,False,True,
294,False,False,
295,False,False,
296,False,False,
297,False,False,
298,False,True,
299,False,True,
300,False,False,
301,False,False,
302,False,True,
303,False,False,
304,False,False,
305,False,False,
306,False,False,
307,False,True,
308,False,False,
309,False,False,
310,False,False,
311,False,False,
312,False,False,
313,False,True,
314,False,False,
315,False,False,
316,False,True,
317,False,True,
318,False,False,
319,False,False,
320,False,False,
321,False,False,
322,False,False,
323,False,False,
324,False,True,
325,False,True,
326,False,False,
327,False,True,
328,False,True,
329,False,False,
330,False,False,
331,False,False,
332,False,False,
333,False,True,
334,False,False,
335,False,True,
336,False,False,
337,False,False,
338,False,False,
339,False,False,
340,False,False,
341,False,True,
342,False,True,
343,False,False,
344,False,True,
345,False,False,
346,False,False,
347,False,False,
348,False,False,
349,False,False,
350,False,False,
351,False,False,
352,False,False,
353,False,False,
354,False,False,
355,False,False,
356,False,False,
357,False,False,
358,False,False,
359,False,False,
360,False,False,
361,False,True,
362,False,False,
363,False,False,
364,False,False,
365,False,True,
366,False,False,
367,False,False,
368,False,False,
369,False,False,
370,False,False,
371,False,False,
372,False,False,
373,False,False,
374,False,False,
375,False,True,
376,False,False,
377,False,False,
378,False,False,
379,False,False,
380,False,False,
381,False,False,
382,False,False,
383,False,False,
384,False,False,
385,False,True,
386,False,False,
387,False,False,
388,False,False,
389,False,False,
390,False,False,
391,False,False,
392,False,True,
393,False,True,
394,False,False,
395,False,False,
396,False,False,
397,False,False,
398,False,True,
399,False,True,
400,False,False,
401,False,False,
402,False,False,
403,False,False,
404,False,False,
405,False,False,
406,False,False,
407,False,False,
408,False,False,
409,False,False,
410,False,False,
411,False,False,
412,False,False,
413,False,False,
414,False,False,
415,False,False,
416,False,False,
417,False,False,
418,False,False,
419,False,False,
420,False,False,
421,False,False,
422,False,False,
423,False,False,
424,False,False,
425,False,False,
426,False,False,
427,False,False,
428,False,False,
429,False,False,
430,False,False,
431,False,False,
432,False,False,
433,False,False,
434,False,False,
435,False,False,
436,False,False,
437,False,False,
438,False,False,
439,False,False,
440,False,False,
441,False,False,
442,False,False,
443,False,False,
444,False,False,
445,False,False,
446,False,False,
447,False,False,
448,False,False,
449,False,False,
450,False,False,
451,False,False,
452,False,False,
453,False,False,
454,False,False,
455,False,False,
456,False,False,
457,False,False,
458,False,False,
459,False,False,
460,False,True,
461,False,False,
462,False,False,
463,False,False,
464,False,False,
465,False,False,
466,False,False,
467,False,False,
468,False,False,
469,False,False,
470,False,False,
471,False,False,
472,False,False,
473,False,False,
474,False,False,
475,False,False,
476,False,False,
477,False,False,
478,False,False,
479,False,False,
480,False,False,
481,False,False,
482,False,False,
483,False,False,
484,False,False,
485,False,False,
486,False,False,
487,False,False,
488,False,False,
489,False,True,
490,False,False,
491,False,False,
492,False,False,
493,False,False,
494,False,False,
495,False,False,
496,False,False,
497,False,False,
498,False,False,
499,False,False,
500,False,False,
501,False,False,
502,False,False,
503,False,False,
504,False,False,
505,False,False,
506,False,False,
507,False,False,
508,False,False,
509,False,False,
510,False,False,
511,False,False,
512,False,False,
513,False,False,
514,False,True,
515,False,False,
516,False,False,
517,False,False,
518,False,False,
519,False,False,
520,False,False,
521,False,False,
522,False,False,
523,False,False,
524,False,False,
525,False,False,
526,False,False,
527,False,False,
528,False,False,
529,False,False,
530,False,False,
531,False,False,
532,False,True,
533,False,False,
534,False,False,
535,False,False,
536,False,False,
537,False,False,
538,False,False,
539,False,False,
540,False,False,
541,False,False,
542,False,False,
543,False,False,
544,False,False,
545,False,False,
546,False,False,
547,False,False,
548,False,True,
549,False,False,
550,False,False,
551,False,False,
552,False,False,
553,False,False,
554,False,False,
555,False,False,
556,False,False,
557,False,False,
558,False,False,
559,False,False,
560,False,False,
561,False,False,
562,False,False,
563,False,False,
564,False,False,
565,False,False,
566,False,False,
567,False,True,
568,False,False,
569,False,False,
570,False,False,
571,False,False,
572,False,False,
573,False,False,
574,False,False,
575,False,False,
576,False,False,
577,False,False,
578,False,False,
579,False,False,
580,False,False,
581,False,False,
582,False,True,
583,False,False,
584,False,False,
585,False,False,
586,False,False,
587,False,True,
588,False,True,
589,False,True,
590,False,False,
591,False,False,
592,False,False,
593,False,False,
594,False,False,
595,False,True,
596,False,False,
597,False,False,
598,False,False,
599,False,False,
600,False,False,
601,False,False,
602,False,True,
603,False,False,
604,False,False,
605,False,False,
606,False,False,
607,False,False,
608,False,False,
609,False,False,
610,False,False,
611,False,False,
612,False,False,
613,False,False,
614,False,False,
615,False,False,
616,False,False,
617,False,False,
618,False,False,
619,False,False,
620,False,False,
621,False,False,
622,False,False,
623,False,False,
624,False,False,
625,False,False,
626,False,False,
627,False,False,
628,False,False,
629,False,False,
630,False,False,
631,False,False,
632,False,False,
633,False,False,
634,False,False,
635,False,False,
636,False,False,
637,False,False,
638,False,False,
639,False,False,
640,False,False,
641,False,False,
642,False,True,
643,False,False,
644,False,False,
645,False,True,
646,False,False,
647,False,False,
648,False,False,
649,False,False,
650,False,False,
651,False,False,
652,False,False,
653,False,False,
654,False,False,
655,False,True,
656,False,True,
657,False,False,
658,False,False,
659,False,False,
660,False,False,
661,False,False,
662,False,False,
663,False,False,
664,False,False,
665,False,False,
666,False,False,
667,False,True,
668,False,False,
669,False,False,
670,False,False,
671,False,True,
672,False,False,
673,False,False,
674,False,False,
675,False,False,
676,False,False,
677,False,False,
678,False,True,
679,False,False,
680,False,False,
681,False,False,
682,False,False,
683,False,False,
684,False,False,
685,False,False,
686,False,False,
687,False,False,
688,False,True,
689,False,False,
690,False,False,
691,False,False,
692,False,False,
693,True,False,
694,False,False,
695,False,False,
696,False,True,
697,False,False,
698,True,False,
699,False,False,
700,False,False,
701,False,False,
702,False,False,
703,False,False,
704,False,False,
705,False,False,
706,False,False,
707,False,False,
708,False,False,
709,False,False,
710,False,False,
711,False,False,
712,False,False,
713,False,False,
714,False,False,
715,False,False,
716,False,False,
717,False,False,
718,False,False,
719,False,False,
720,False,True,
721,False,False,
724,False,False,
725,False,True,
726,False,True,
727,False,False,
728,False,False,
729,False,False,
730,False,True,
731,False,False,
732,False,True,
733,False,True,
734,False,True,
735,False,False,
736,False,False,
737,False,False,
738,False,True,
739,False,False,
740,False,True,
741,False,True,
742,False,True,
743,False,True,
744,False,False,
745,False,True,
746,False,True,
747,False,False,
748,False,True,
749,False,False,
750,False,True,
751,False,False,
752,False,True,
753,False,True,
754,False,True,
755,False,True,
756,False,True,
757,False,True,
758,False,True,
759,False,False,
760,False,False,
761,False,True,
762,False,False,
763,False,True,
764,False,False,
765,False,True,
766,False,True,
767,False,True,
768,False,True,
769,False,True,
770,False,True,
771,False,True,
772,False,True,
773,False,True,
774,False,True,
776,False,True,
777,False,True,
778,False,True,
779,False,True,
780,False,True,
781,False,True,
782,False,True,
783,False,True,
784,False,True,
785,False,True,
786,False,True,
787,False,True,
788,False,False,
789,False,True,
790,False,True,
791,False,True,
792,False,True,
793,False,False,
794,False,True,
795,False,True,
796,False,False,
797,False,True,
798,False,True,
799,False,False,
800,False,True,
801,False,False,
802,False,False,
803,False,True,
804,False,True,
805,False,True,
806,False,False,
807,False,True,
808,False,False,
809,False,False,
810,False,False,
811,False,False,
812,False,False,
813,False,False,
814,False,False,
815,False,True,
816,False,False,
817,False,False,
818,False,False,
819,False,True,
820,False,False,
821,False,True,
822,False,False,
823,False,True,
824,False,False,
825,False,False,
826,False,True,
827,False,False,
828,False,True,
829,False,False,
830,False,True,
831,False,True,
832,False,False,
833,False,True,
834,False,True,
835,False,True,
836,False,True,
837,False,True,
838,False,True,
839,False,True,
840,False,True,
841,False,True,
842,False,True,
843,False,False,
844,False,False,
845,False,True,
846,False,True,
847,False,True,
848,False,False,
849,False,True,
850,False,True,
851,False,False,
853,False,False,
854,False,True,
855,False,True,
856,False,False,
857,False,False,
859,False,False,
860,False,False,
861,False,True,
862,False,False,
863,False,True,
865,False,False,
866,False,False,
868,False,False,
869,False,False,
870,False,False,
872,False,False,
873,False,True,
874,False,False,
876,False,False,
878,False,False,
879,False,False,
880,False,False,
881,False,False,
882,False,False,
883,False,True,
884,False,False,
885,False,True,
886,False,True,
887,False,True,
888,False,False,
889,False,True,
890,False,False,
891,False,True,
892,False,False,
893,False,False,
894,False,False,
895,False,False,
896,False,True,
897,False,False,
898,False,False,
899,False,True,
900,False,False,
901,False,False,
902,False,False,
903,False,False,
904,False,True,
905,False,True,
906,False,False,
907,False,False,
908,False,False,
909,False,False,
910,False,False,
911,False,False,
912,False,False,
913,False,False,
914,False,False,
915,False,False,
916,False,False,
917,False,False,
918,False,False,
919,False,False,
920,False,False,
921,False,False,
922,False,False,
923,False,False,
924,False,False,
925,False,False,
926,False,False,
927,False,False,
928,False,False,
929,False,False,
930,False,False,
931,False,False,
932,False,False,
933,False,False,
934,False,False,
935,False,False,
936,False,False,
937,False,False,
938,False,False,
939,False,False,
940,False,False,
941,False,False,
942,False,False,
943,False,False,
944,False,False,
945,False,False,
946,False,False,
947,False,False,
948,False,False,
949,False,False,
950,False,False,
951,False,False,
952,False,False,
953,False,False,
954,False,False,
955,False,False,
956,False,False,
957,False,False,
958,False,False,
959,False,False,
960,False,False,
961,False,True,
962,False,True,
963,False,True,
964,False,False,
965,False,True,
966,False,False,
967,False,False,
968,False,False,
969,False,False,
970,False,False,
971,False,False,
972,False,False,
973,False,False,
974,False,False,
975,False,False,
976,False,False,
977,False,True,
978,False,False,
979,False,False,
980,False,False,
981,False,False,
982,False,False,
983,False,False,
984,False,False,
985,False,False,
986,False,False,
987,False,False,
988,False,False,
989,False,False,
990,False,False,
991,False,False,
992,False,True,
993,False,False,
994,False,False,
996,False,False,
997,False,False,
998,False,True,
999,False,True,
1000,False,False,
1001,False,False,
1002,False,False,
1003,False,False,
1004,False,False,
1005,False,True,
1006,False,False,
1007,False,False,
1008,False,False,
1009,False,True,
1010,False,False,
1011,False,False,
1012,False,True,
1013,False,False,
1014,False,False,
1015,False,False,
1016,False,False,
1017,False,True,
1018,False,False,
1019,False,False,
1020,False,False,
1021,False,False,
1022,False,True,
1023,False,False,
1024,False,False,
1025,False,True,
1026,False,False,
1027,False,True,
1028,False,True,
1029,False,False,
1030,False,True,
1031,False,True,
1032,False,True,
1033,False,False,
1034,False,True,
1035,False,False,
1036,False,True,
1037,False,True,
1038,False,True,
1039,False,False,
1040,False,True,
1041,False,False,
1042,False,True,
1043,False,True,
1044,False,False,
1045,False,True,
1046,False,False,
1047,False,False,
1048,False,False,
1049,False,False,
1050,False,True,
1051,False,False,
1052,False,True,
1053,False,False,
1054,False,True,
1055,False,False,
1056,False,False,
1057,False,True,
1058,False,False,
1059,False,False,
1060,False,False,
1061,False,False,
1062,False,False,
1063,False,False,
1064,False,False,
1065,False,False,
1066,False,False,
1067,False,True,
1068,False,True,
1069,False,False,
1070,False,False,
1071,False,False,
1072,False,False,
1073,False,False,
1074,False,False,
1078,False,False,
1079,False,True,
1081,False,False,
1082,False,False,
1083,False,True,
1084,False,False,
1085,False,False,
1086,False,False,
1089,False,False,
1090,False,False,
1091,False,False,
1092,False,False,
1093,False,True,
1094,False,False,
1095,False,False,
1096,False,True,
1097,False,False,
1098,False,True,
1099,False,True,
1100,False,False,
1101,False,True,
1102,False,True,
1103,False,False,
1104,False,False,
1105,False,False,
1106,False,True,
1107,False,False,
1108,False,False,
1109,False,False,
1110,False,True,
1111,False,False,
1112,False,False,
1113,False,False,
1114,False,False,
1115,False,False,
1116,False,False,
1117,False,False,
1118,False,False,
1119,False,False,
1120,False,False,
1121,False,False,
1122,False,False,
1123,False,False,
1124,False,False,
1125,False,False,
1126,False,False,
1127,False,False,
1128,False,False,
1129,False,False,
1130,False,False,
1131,False,False,
1132,False,False,
1133,False,False,
1134,False,False,
1136,False,False,
1137,False,False,
1138,False,False,
1139,False,False,
1140,False,True,
1141,False,False,
1143,False,False,
1146,False,False,
1147,False,False,
1148,False,True,
1149,False,False,
1150,False,True,
1151,False,True,
1152,False,False,
1153,False,False,
1154,False,False,
1155,False,True,
1156,False,False,
1157,False,False,
1158,False,True,
1161,False,False,
1162,False,False,
1163,False,False,
1164,False,True,
1165,False,True,
1166,False,True,
1167,False,False,
1168,False,False,
1169,False,True,
1170,False,True,
1171,False,False,
1174,False,False,
1175,False,False,
1176,False,False,
1177,False,False,
1178,False,False,
1179,False,False,
1180,False,False,
1181,False,False,
1182,False,False,
1183,False,False,
1184,False,True,
1185,False,False,
1186,False,False,
1187,False,False,
1188,False,False,
1189,False,False,
1190,False,False,
1191,False,False,
1192,False,False,
1193,False,False,
1194,False,False,
1195,False,False,
1196,False,False,
1197,False,False,
1198,False,False,
1199,False,False,
1200,False,False,
1201,False,False,
1202,False,False,
1203,False,False,
1204,False,False,
1205,False,False,
1206,False,False,
1207,False,False,
1208,False,True,
1209,False,False,
1210,False,False,
1211,False,False,
1212,False,False,
1213,False,False,
1214,False,False,
1215,False,False,
1216,False,False,
1217,False,False,
1218,False,False,
1219,False,False,
1220,False,False,
1221,False,False,
1222,False,False,
1223,False,False,
1224,False,False,
1225,False,False,
1226,False,False,
1227,False,False,
1229,False,False,
1230,False,False,
1231,False,False,
1232,False,False,
1233,False,False,
1234,False,False,
1235,False,False,
1236,False,False,
1237,False,False,
1238,False,False,
1239,False,False,
1240,False,False,
1241,False,False,
1242,False,False,
1243,False,False,
1244,False,False,
1245,False,False,
1246,False,False,
1247,False,False,
1248,False,True,
1249,False,True,
1250,False,False,
1251,False,False,
1252,False,False,
1253,False,False,
1254,False,False,
1255,False,False,
1256,False,False,
1257,False,False,
1258,False,False,
1259,False,False,
1260,False,False,
1261,False,True,
1262,False,False,
1263,False,False,
1264,False,False,
1265,False,False,
1266,False,False,
1267,False,False,
1268,False,True,
1269,False,True,
1270,False,True,
1271,False,True,
1272,False,False,
1273,False,False,
1274,False,False,
1275,False,False,
1276,False,True,
1277,False,False,
1278,False,False,
1279,False,True,
1280,False,False,
1281,False,False,
1282,False,False,
1283,False,False,
1284,False,False,
1285,False,False,
1286,False,False,
1287,False,False,
1288,False,False,
1289,False,False,
1290,False,False,
1291,False,False,
1292,False,False,
1293,False,False,
1294,False,True,
1295,False,True,
1296,False,False,
1297,False,True,
1299,False,False,
1300,False,False,
1301,False,False,
1302,False,False,
1303,False,False,
1304,False,False,
1305,False,True,
1306,False,False,
1308,False,True,
1309,False,True,
1310,False,True,
1311,False,True,
1312,False,True,
1313,False,False,
1314,False,False,
1315,False,False,
1316,False,True,
1317,False,False,
1318,False,False,
1319,False,True,
1320,False,False,
1321,False,False,
1322,False,False,
1324,False,True,
1325,False,False,
1326,False,False,
1327,False,False,
1328,False,True,
1329,False,False,
1330,False,False,
1331,False,False,
1332,False,False,
1333,False,False,
1336,False,False,
1337,False,False,
1338,False,False,
1339,False,True,
1341,False,True,
1342,False,True,
1344,False,False,
1345,False,False,
1346,False,False,
1347,False,False,
1348,False,False,
1349,False,False,
1350,False,False,
1351,False,True,
1352,False,True,
1353,False,False,
1354,False,True,
1355,False,False,
1356,False,False,
1357,False,False,
1358,False,False,
1359,False,False,
1360,False,False,
1361,False,False,
1362,False,False,
1363,False,True,
1364,False,False,
1365,False,False,
1366,False,False,
1367,False,False,
1368,False,False,
1369,False,False,
1370,False,False,
1371,False,False,
1372,False,False,
1373,False,False,
1374,False,False,
1375,False,False,
1376,False,False,
1377,False,False,
1380,False,False,
1381,False,False,
1383,False,False,
1384,False,False,
1385,False,False,
1386,False,False,
1390,False,False,
1391,False,False,
1392,False,True,
1393,False,True,
1394,False,False,
1395,False,False,
1396,False,False,
1397,False,True,
1398,False,False,
1399,False,False,
1400,False,False,
1401,False,True,
1404,False,False,
1405,False,True,
1406,False,False,
1407,False,False,
1408,False,False,
1409,False,False,
1410,False,False,
1412,False,False,
1413,False,True,
1414,False,True,
1415,False,False,
1416,False,False,
1418,False,False,
1420,False,True,
1421,False,True,
1422,False,False,
1423,False,False,
1424,False,True,
1425,False,False,
1426,False,False,
1427,False,False,
1428,False,False,
1429,False,False,
1430,False,False,
1431,False,False,
1432,False,False,
1433,False,False,
1435,False,False,
1436,False,True,
1437,False,False,
1438,False,False,
1439,False,False,
1440,False,False,
1441,False,False,
1442,False,False,
1443,False,False,
1444,False,False,
1445,False,False,
1446,False,False,
1447,False,False,
1448,False,False,
1449,False,False,
1450,False,False,
1451,False,False,
1452,False,True,
1453,False,False,
1454,False,False,
1455,False,False,
1456,False,True,
1457,False,False,
1458,False,False,
1459,False,False,
1460,False,False,
1461,False,False,
1462,False,False,
1463,False,False,
1464,False,False,
1465,False,False,
1466,False,False,
1467,False,True,
1468,False,False,
1469,False,False,
1470,False,False,
1471,False,False,
1472,False,False,
1473,False,False,
1474,False,False,
1475,False,False,
1476,False,False,
1477,False,False,
1478,False,False,
1479,False,False,
1480,False,False,
1481,False,False,
1482,False,False,
1483,False,False,
1484,False,False,
1485,False,False,
1486,False,False,
1487,False,False,
1488,False,False,
1489,False,False,
1490,False,False,
1491,False,False,
1492,False,False,
1493,False,False,
1494,False,False,
1495,False,False,
1496,False,False,
1497,False,False,
1498,False,False,
1499,False,False,
1500,False,False,
1501,False,False,
1502,False,True,
1503,False,False,
1504,False,False,
1505,False,False,
1506,False,False,
1507,False,False,
1508,False,False,
1509,False,False,
1510,False,False,
1511,False,False,
1512,False,False,
1513,False,False,
1514,False,False,
1515,False,True,
1516,False,False,
1517,False,False,
1518,False,False,
1519,False,False,
1520,False,False,
1521,False,False,
1522,False,True,
1523,False,False,
1524,False,True,
1525,False,False,
1526,False,False,
1527,False,False,
1528,False,False,
1529,False,False,
1530,False,False,
1531,False,False,
1532,False,True,
1533,False,True,
1534,False,False,
1535,False,False,
1536,False,False,
1537,False,False,
1538,False,False,
1539,False,True,
1540,False,True,
1541,False,True,
1542,False,True,
1543,False,True,
1544,False,True,
1545,False,False,
1546,False,True,
1547,False,True,
1548,False,True,
1549,False,True,
1550,False,True,
1551,False,True,
1552,False,True,
1553,False,True,
1554,False,True,
1555,False,True,
1556,False,True,
1557,False,True,
1558,False,True,
1559,False,False,
1560,False,False,
1561,False,True,
1562,False,True,
1563,False,True,
1564,False,False,
1565,False,True,
1566,False,True,
1567,False,True,
1568,False,True,
1569,False,True,
1570,False,True,
1571,False,True,
1572,False,True,
1573,False,True,
1574,False,True,
1575,False,False,
1576,False,True,
1577,False,False,
1578,False,False,
1579,False,True,
1580,False,True,
1581,False,True,
1582,False,False,
1583,False,False,
1584,False,False,
1585,False,False,
1586,False,False,
1587,False,False,
1588,False,False,
1589,False,True,
1590,False,False,
1591,False,False,
1592,False,False,
1593,False,False,
1594,False,False,
1595,False,False,
1596,False,False,
1597,False,False,
1598,False,False,
1599,False,False,
1600,False,False,
1601,False,False,
1602,False,False,
1603,False,False,
1604,False,False,
1605,False,True,
1606,False,False,
1607,False,False,
1608,False,False,
1609,False,False,
1610,False,True,
1611,False,False,
1612,False,False,
1613,False,False,
1614,False,False,
1615,False,False,
1616,False,False,
1617,False,False,
1618,False,False,
1619,False,False,
1620,False,False,
1621,False,False,
1622,False,False,
1623,False,False,
1624,False,False,
1625,False,False,
1626,False,False,
1627,False,True,
1628,False,True,
1630,False,False,
1631,False,False,
1632,False,False,
1633,False,False,
1634,False,False,
1635,False,False,
1636,False,False,
1637,False,False,
1638,False,False,
1639,False,False,
1640,False,False,
1641,False,False,
1642,False,False,
1643,False,False,
1644,False,False,
1645,False,False,
1646,False,False,
1647,False,False,
1648,False,False,
1649,False,False,
1650,False,False,
1651,False,False,
1652,False,False,
1653,False,True,
1654,False,False,
1655,False,False,
1656,False,False,
1657,False,False,
1658,False,False,
1659,False,False,
1660,False,False,
1661,False,False,
1662,False,True,
1663,False,True,
1664,False,True,
1665,False,False,
1666,False,False,
1667,False,False,
1668,False,False,
1669,False,False,
1670,False,True,
1671,False,False,
1672,False,False,
1673,False,True,
1674,False,False,
1675,False,False,
1676,False,False,
1677,False,False,
1678,False,False,
1679,False,False,
1680,False,False,
1681,False,False,
1682,False,False,
1683,False,False,
1684,False,False,
1685,False,False,
1686,False,False,
1687,False,True,
1688,False,False,
1689,False,False,
1691,False,False,
1692,False,False,
1693,False,False,
1694,False,True,
1695,False,False,
1696,False,False,
1697,False,False,
1698,False,False,
1699,False,True,
1700,False,False,
1701,False,False,
1702,False,False,
1703,False,True,
1704,False,False,
1705,False,False,
1706,False,False,
1707,False,False,
1708,False,False,
1709,False,False,
1710,False,False,
1711,False,False,
1712,False,True,
1713,False,True,
1714,False,False,
1715,False,False,
1716,False,True,
1717,False,False,
1718,False,False,
1719,False,True,
1720,False,False,
1721,False,False,
1722,False,False,
1723,False,False,
1724,False,False,
1725,False,True,
1726,False,True,
1727,False,True,
1728,False,False,
1730,False,False,
1731,False,False,
1732,False,False,
1733,False,False,
1734,False,False,
1735,False,False,
1736,False,False,
1737,False,False,
1738,False,False,
1739,False,False,
1740,False,False,
1741,False,True,
1742,False,True,
1743,False,True,
1744,False,True,
1745,False,False,
1746,False,True,
1747,False,False,
1748,False,False,
1749,False,False,
1750,False,False,
1751,False,False,
1752,False,False,
1753,False,False,
1754,False,False,
1755,False,False,
1756,False,False,
1757,False,False,
1758,False,False,
1759,False,False,
1760,False,True,
1761,False,False,
1762,False,False,
1763,False,False,
1764,False,False,
1765,False,False,
1766,False,False,
1767,False,False,
1768,False,False,
1769,False,False,
1770,False,False,
1771,False,True,
1772,False,False,
1773,False,False,
1774,False,True,
1775,False,False,
1776,False,False,
1777,False,False,
1778,False,True,
1779,False,False,
1780,False,False,
1781,False,True,
1782,False,False,
1783,False,True,
1784,False,False,
1785,False,False,
1786,False,False,
1787,False,False,
1788,False,False,
1789,False,False,
1790,False,False,
1791,False,False,
1792,False,False,
1793,False,False,
1794,False,False,
1795,False,False,
1796,False,False,
1797,False,False,
1798,False,True,
1799,False,False,
1800,False,False,
1801,False,False,
1802,False,True,
1803,False,False,
1804,False,False,
1805,False,False,
1806,False,False,
1807,False,False,
1808,False,True,
1809,False,False,
1810,False,False,
1811,False,False,
1812,False,True,
1815,False,False,
1816,False,False,
1817,False,False,
1818,False,False,
1819,False,False,
1820,False,False,
1821,False,False,
1822,False,False,
1823,False,False,
1824,False,False,
1825,False,False,
1826,False,False,
1827,False,False,
1828,False,False,
1829,False,False,
1830,False,False,
1831,False,False,
1832,False,False,
1833,False,False,
1834,False,False,
1835,False,False,
1836,False,False,
1837,False,False,
1838,False,False,
1839,False,True,
1840,False,False,
1841,False,True,
1842,False,True,
1843,False,False,
1844,False,True,
1845,False,False,
1846,False,False,
1847,False,False,
1848,False,False,
1849,False,False,
1850,False,False,
1851,False,False,
1852,False,False,
1853,False,False,
1854,False,False,
1855,False,False,
1856,False,False,
1857,False,False,
1858,False,False,
1859,False,False,
1860,False,False,
1861,False,True,
1862,False,True,
1863,False,True,
1864,False,False,
1865,False,False,
1866,False,False,
1867,False,False,
1868,False,False,
1869,False,False,
1870,False,False,
1871,False,False,
1872,False,False,
1873,False,False,
1874,False,False,
1875,False,False,
1876,False,False,
1877,False,False,
1878,False,False,
1879,False,True,
1880,False,False,
1881,False,False,
1882,False,False,
1883,False,False,
1884,False,False,
1885,False,False,
1886,False,False,
1887,False,False,
1888,False,False,
1889,False,False,
1890,False,False,
1891,False,False,
1892,False,False,
1893,False,False,
1894,False,False,
1895,False,False,
1896,False,True,
1897,False,True,
1898,False,False,
1899,False,False,
1900,False,True,
1901,False,False,
1902,False,False,
1903,False,False,
1904,False,False,
1905,False,False,
1906,False,True,
1908,False,True,
1909,False,False,
1910,False,True,
1911,False,True,
1912,False,False,
1913,False,False,
1914,False,False,
1915,False,False,
1916,False,False,
1917,False,False,
1918,False,False,
1919,False,False,
1920,False,False,
1921,False,False,
1922,False,False,
1923,False,False,
1924,False,False,
1925,False,False,
1926,False,False,
1927,False,False,
1928,False,False,
1929,False,False,
1930,False,False,
1931,False,True,
1932,False,True,
1933,False,False,
1934,False,True,
1935,False,False,
1936,False,False,
1937,False,True,
1938,False,True,
1939,False,False,
1940,False,True,
1941,False,True,
1942,False,False,
1943,False,False,
1944,False,False,
1945,False,False,
1946,False,False,
1947,False,False,
1948,False,True,
1949,False,False,
1951,False,False,
1952,False,False,
1953,False,False,
1954,False,False,
1955,False,True,
1956,False,False,
1957,False,False,
1958,False,False,
1959,False,False,
1960,False,False,
1961,False,True,
1962,False,False,
1963,False,False,
1964,False,False,
1965,False,False,
1966,False,False,
1967,False,False,
1968,False,False,
1969,False,False,
1970,False,False,
1971,False,False,
1972,False,False,
1973,False,False,
1974,False,False,
1976,False,False,
1977,False,False,
1978,False,True,
1979,False,True,
1980,False,False,
1981,False,True,
1982,False,True,
1983,False,False,
1984,False,True,
1985,False,False,
1986,False,True,
1987,False,False,
1988,False,False,
1989,False,False,
1990,False,False,
1991,False,False,
1992,False,False,
1993,False,False,
1994,False,False,
1995,False,False,
1996,False,False,
1997,False,False,
1998,False,False,
1999,False,False,
2000,False,False,
2001,False,False,
2002,False,False,
2003,False,False,
2004,False,False,
2005,False,False,
2006,False,False,
2007,False,False,
2008,False,False,
2009,False,False,
2010,False,False,
2011,False,True,
2013,False,False,
2014,False,False,
2015,False,True,
2016,False,False,
2017,False,False,
2018,False,False,
2019,False,False,
2020,False,False,
2021,False,True,
2022,False,False,
2023,False,False,
2024,False,True,
2025,False,False,
2026,False,False,
2027,False,False,
2028,False,False,
2029,False,False,
2030,False,False,
2031,False,True,
2032,False,False,
2033,False,False,
2034,False,False,
2035,False,False,
2036,False,False,
2037,False,False,
2038,False,False,
2039,False,False,
2040,False,False,
2041,False,False,
2042,False,False,
2043,False,False,
2044,False,False,
2045,False,True,
2046,False,False,
2047,False,True,
2048,False,False,
2049,False,False,
2050,False,False,
2051,False,False,
2052,False,False,
2053,False,False,
2054,False,False,
2055,False,False,
2056,False,True,
2057,False,True,
2058,False,True,
2059,False,True,
2060,False,True,
2061,False,True,
2062,False,False,
2063,False,False,
2064,False,False,
2065,False,False,
2067,False,True,
2068,False,False,
2069,False,False,
2070,False,True,
2071,False,False,
2072,False,True,
2073,False,False,
2074,False,True,
2077,False,False,
2078,False,False,
2079,False,True,
2080,False,True,
2081,False,True,
2082,False,True,
2083,False,False,
2084,False,False,
2085,False,False,
2086,False,False,
2087,False,False,
2088,False,False,
2089,False,False,
2090,False,False,
2091,False,False,
2092,False,False,
2093,False,False,
2094,False,False,
2095,False,False,
2096,False,False,
2097,False,False,
2098,False,False,
2099,False,False,
2100,False,False,
2101,False,False,
2102,False,False,
2103,False,True,
2104,False,True,
2105,False,False,
2106,False,False,
2107,False,False,
2108,False,False,
2109,False,False,
2110,False,False,
2111,False,True,
2112,False,False,
2113,False,False,
2114,False,False,
2115,False,False,
2116,False,False,
2117,False,True,
2118,False,True,
2119,False,False,
2120,False,False,
2122,False,True,
2123,False,True,
2124,False,True,
2125,False,False,
2126,False,True,
2127,False,True,
2128,False,True,
2129,False,True,
2130,False,True,
2131,False,True,
2132,False,True,
2133,False,True,
2134,False,True,
2135,False,False,
2136,False,False,
2137,False,True,
2138,False,False,
2139,False,False,
2140,False,True,
2145,False,False,
2146,False,False,
2147,False,False,
2148,False,False,
2149,False,False,
2150,False,False,
2151,False,False,
2152,False,False,
2153,False,False,
2154,False,False,
2155,False,False,
2156,False,False,
2157,False,False,
2158,False,False,
2159,False,False,
2160,False,False,
2161,False,False,
2162,False,False,
2163,False,True,
2164,False,False,
2165,False,False,
2166,False,False,
2167,False,False,
2168,False,False,
2169,False,False,
2170,False,False,
2171,False,False,
2172,False,False,
2173,False,False,
2174,False,True,
2175,False,False,
2176,False,False,
2177,False,False,
2178,False,False,
2180,False,False,
2181,False,False,
2182,False,False,
2183,False,False,
2184,False,False,
2185,False,False,
2186,False,False,
2187,False,False,
2188,False,True,
2189,False,False,
2190,False,False,
2191,False,False,
2192,False,False,
2193,False,False,
2194,False,True,
2195,False,False,
2196,False,False,
2197,False,True,
2198,False,True,
2199,False,False,
2200,False,False,
2201,False,True,
2202,False,True,
2203,False,False,
2204,False,False,
2205,False,True,
2206,False,False,
2207,False,False,
2208,False,False,
2209,False,False,
2210,False,False,
2211,False,False,
2212,False,False,
2213,False,False,
2214,False,False,
2215,False,False,
2216,False,False,
2217,False,False,
2218,False,False,
2219,False,False,
2220,False,False,
2221,False,False,
2222,False,False,
2223,False,True,
2224,False,False,
2225,False,False,
2226,False,False,
2227,False,False,
2228,False,False,
2229,False,False,
2230,False,False,
2231,False,True,
2232,False,False,
2233,False,False,
2234,False,False,
2235,False,False,
2236,False,False,
2237,False,False,
2238,False,False,
2239,False,True,
2240,False,False,
2241,False,False,
2242,False,False,
2243,False,True,
2244,False,True,
2245,False,False,
2246,False,False,
2247,False,True,
2248,False,False,
2249,False,False,
2250,False,False,
2251,False,False,
2252,False,False,
2253,False,False,
2254,False,False,
2255,False,False,
2256,False,False,
2257,False,False,
2258,False,True,
2259,False,False,
2260,False,False,
2261,False,False,
2262,False,False,
2263,False,False,
2264,False,False,
2265,False,False,
2266,False,False,
2267,False,True,
2268,False,False,
2269,False,False,
2270,False,False,
2271,False,False,
2272,False,True,
2275,False,False,
2276,False,False,
2277,False,False,
2278,False,False,
2279,False,False,
2280,False,False,
2281,False,False,
2283,False,False,
2284,False,False,
2285,False,False,
2286,False,True,
2287,False,False,
2288,False,False,
2289,False,True,
2290,False,True,
2291,False,True,
2292,False,False,
2293,False,False,
2294,False,False,
2295,False,True,
2296,False,False,
2297,False,False,
2300,False,False,
2301,False,True,
2302,False,False,
2303,False,False,
2304,False,False,
2305,False,True,
2306,False,False,
2307,False,False,
2308,False,False,
2309,False,False,
2310,False,False,
2311,False,False,
2312,False,False,
2313,False,False,
2314,False,False,
2315,False,False,
2316,False,False,
2317,False,True,
2318,False,False,
2319,False,False,
2320,False,True,
2321,False,True,
2322,False,True,
2323,False,False,
2324,False,True,
2325,False,True,
2326,False,True,
2327,False,False,
2329,False,True,
2330,False,False,
2331,False,False,
2332,False,True,
2336,False,False,
2337,False,False,
2338,False,False,
2339,False,True,
2340,False,False,
2341,False,False,
2342,False,False,
2343,False,False,
2344,False,False,
2345,False,True,
2346,False,False,
2347,False,False,
2348,False,False,
2349,False,False,
2350,False,False,
2351,False,False,
2352,False,False,
2353,False,False,
2354,False,False,
2355,False,False,
2356,False,False,
2357,False,False,
2358,False,False,
2359,False,False,
2360,False,False,
2361,False,True,
2362,False,False,
2363,False,False,
2364,False,False,
2365,False,True,
2367,False,True,
2368,False,False,
2369,False,False,
2370,False,False,
2371,False,False,
2372,False,False,
2373,False,False,
2374,False,False,
2375,False,True,
2376,False,True,
2377,False,True,
2378,False,True,
2379,False,False,
2380,False,True,
2381,False,False,
2382,False,False,
2384,False,True,
2385,False,True,
2386,False,True,
2387,False,True,
2388,False,True,
2389,False,False,
2390,False,True,
2391,False,True,
2392,False,True,
2393,False,False,
2394,False,True,
2395,False,False,
2396,False,True,
2397,False,False,
2398,False,False,
2399,False,False,
2400,False,True,
2401,False,False,
2402,False,False,
2403,False,False,
2404,False,False,
2405,False,False,
2406,False,False,
2407,False,False,
2408,False,False,
2409,False,False,
2410,False,False,
2411,False,False,
2412,False,False,
2413,False,False,
2414,False,False,
2415,False,False,
2416,False,False,
2417,False,False,
2418,False,False,
2419,False,True,
2420,False,False,
2421,False,False,
2422,False,False,
2423,False,False,
2424,False,False,
2425,False,False,
2426,False,False,
2427,False,True,
2428,False,False,
2429,False,True,
2431,False,False,
2432,False,True,
2433,False,False,
2434,False,False,
2435,False,False,
2436,False,False,
2437,False,False,
2438,False,True,
2439,False,True,
2440,False,True,
2441,False,True,
2442,False,True,
2443,False,True,
2444,False,True,
2445,False,True,
2446,False,False,
2447,False,True,
2448,False,False,
2449,False,False,
2450,False,False,
2451,False,False,
2452,False,False,
2453,False,False,
2454,False,False,
2455,False,False,
2456,False,False,
2457,False,False,
2460,False,False,
2461,False,False,
2462,False,True,
2463,False,False,
2464,False,False,
2465,False,False,
2466,False,True,
2467,False,False,
2468,False,False,
2469,False,False,
2470,False,True,
2471,False,False,
2472,False,False,
2473,False,False,
2474,False,False,
2475,False,False,
2476,False,False,
2477,False,False,
2478,False,False,
2479,False,False,
2481,False,False,
2482,False,True,
2483,False,True,
2484,False,False,
2486,False,False,
2487,False,False,
2488,False,True,
2489,False,True,
2490,False,False,
2491,False,False,
2492,False,False,
2493,False,False,
2495,False,True,
2496,False,False,
2497,False,False,
2498,False,False,
2499,False,False,
2500,False,True,
2501,False,True,
2502,False,True,
2503,False,False,
2504,False,True,
2505,False,True,
2506,False,True,
2507,False,True,
2508,False,True,
2509,False,True,
2510,False,True,
2511,False,True,
2512,False,False,
2513,False,True,
2514,False,True,
2515,False,True,
2516,False,True,
2517,False,True,
2518,False,False,
2519,False,False,
2520,False,False,
2521,False,False,
2522,False,False,
2523,False,False,
2524,False,False,
2525,False,False,
2526,False,False,
2527,False,False,
2528,False,False,
2529,False,True,
2530,False,False,
2531,False,True,
2532,False,True,
2533,False,False,
2534,False,True,
2535,False,True,
2536,False,False,
2542,False,True,
2543,False,True,
2544,False,True,
2545,False,True,
2546,False,True,
2547,False,True,
2548,False,True,
2549,False,True,
2550,False,False,
2551,False,True,
2552,False,True,
2553,False,True,
2554,False,True,
2555,False,True,
2556,False,True,
2557,False,True,
2558,False,False,
2559,False,True,
2560,False,True,
2561,False,True,
2562,False,True,
2563,False,False,
2564,False,True,
2565,False,False,
2566,False,True,
2567,False,True,
2568,False,True,
2569,False,True,
2570,False,True,
2571,False,True,
2572,False,True,
2573,False,True,
2574,False,True,
2575,False,True,
2576,False,True,
2577,False,True,
2578,False,True,
2579,False,False,
2580,False,True,
2581,False,True,
2582,False,True,
2583,False,True,
2584,False,True,
2585,False,False,
2586,False,False,
2587,False,False,
2588,False,False,
2589,False,False,
2590,False,False,
2591,False,False,
2592,False,False,
2593,False,False,
2594,False,False,
2595,False,False,
2596,False,False,
2597,False,False,
2598,False,False,
2599,False,False,
2600,False,True,
2601,False,True,
2602,False,True,
2603,False,False,
2604,False,True,
2605,False,False,
2606,False,False,
2607,False,False,
2609,False,True,
2610,False,True,
2611,False,True,
2612,False,True,
2613,False,False,
2614,False,False,
2615,False,False,
2616,False,False,
2617,False,False,
2618,False,False,
2619,False,False,
2620,False,False,
2621,False,False,
2622,False,False,
2623,False,False,
2624,False,False,
2625,False,False,
2626,False,False,
2627,False,False,
2628,False,False,
2629,False,True,
2630,False,False,
2631,False,False,
2632,False,False,
2633,False,False,
2634,False,False,
2635,False,False,
2636,False,False,
2637,False,False,
2638,False,False,
2639,False,True,
2640,False,False,
2641,False,False,
2642,False,False,
2643,False,True,
2644,False,False,
2645,False,False,
2646,False,False,
2647,False,False,
2648,False,False,
2649,False,False,
2650,False,False,
2651,False,True,
2652,False,False,
2653,False,True,
2654,False,True,
2655,False,True,
2656,False,False,
2657,False,False,
2658,False,True,
2659,False,True,
2660,False,False,
2661,False,True,
2662,False,False,
2663,False,True,
2664,False,False,
2665,False,False,
2666,False,False,
2667,False,False,
2668,False,False,
2669,False,False,
2670,False,False,
2671,False,False,
2672,False,False,
2673,False,False,
2674,False,True,
2675,False,False,
2676,False,False,
2677,False,False,
2678,False,False,
2679,False,True,
2680,False,True,
2681,False,False,
2682,False,False,
2683,False,True,
2684,False,False,
2685,False,True,
2686,False,True,
2687,False,True,
2688,False,False,
2689,False,False,
2690,False,False,
2691,False,False,
2692,False,False,
2693,False,False,
2694,False,False,
2695,False,False,
2696,False,False,
2697,False,False,
2698,False,False,
2699,False,False,
2700,False,False,
2701,False,False,
2702,False,False,
2703,False,False,
2704,False,False,
2705,False,False,
2706,False,False,
2707,False,False,
2709,False,False,
2710,False,False,
2711,False,False,
2712,False,False,
2713,False,False,
2714,False,False,
2715,False,False,
2718,False,False,
2719,False,False,
2720,False,False,
2721,False,False,
2722,False,False,
2723,False,False,
2724,False,False,
2725,False,False,
2726,False,False,
2727,False,False,
2728,False,False,
2729,False,False,
2730,False,False,
2731,False,False,
2732,False,False,
2733,False,False,
2734,False,True,
2735,False,True,
2737,False,True,
2738,False,False,
2739,False,False,
2740,False,False,
2741,False,False,
2742,False,False,
2743,False,True,
2744,False,False,
2745,False,True,
2746,False,False,
2747,False,True,
2748,False,False,
2749,False,True,
2750,False,False,
2751,False,False,
2752,False,False,
2753,False,True,
2754,False,False,
2755,False,True,
2756,False,False,
2757,False,False,
2758,False,False,
2759,False,False,
2760,False,False,
2761,False,False,
2762,False,True,
2763,False,True,
2764,False,False,
2765,False,False,
2766,False,False,
2767,False,True,
2768,False,False,
2769,False,False,
2770,False,True,
2771,False,False,
2772,False,False,
2773,False,False,
2774,False,True,
2775,False,True,
2776,False,True,
2777,False,True,
2778,False,True,
2779,False,True,
2780,False,False,
2781,False,False,
2782,False,False,
2783,False,True,
2784,False,False,
2785,False,False,
2786,False,False,
2787,False,True,
2788,False,False,
2789,False,True,
2790,False,False,
2791,False,True,
2792,False,False,
2793,False,True,
2794,False,False,
2795,False,False,
2796,False,True,
2797,False,False,
2798,False,False,
2799,False,False,
2800,False,False,
2801,False,False,
2802,False,False,
2803,False,False,
2804,False,False,
2805,False,True,
2806,False,False,
2807,False,False,
2808,False,True,
2809,False,False,
2810,False,False,
2811,False,True,
2812,False,False,
2813,False,True,
2814,False,True,
2815,False,False,
2816,False,False,
2817,False,False,
2818,False,False,
2819,False,True,
2820,False,False,
2821,False,False,
2822,False,False,
2823,False,False,
2824,False,False,
2825,False,False,
2826,False,False,
2827,False,False,
2828,False,False,
2829,False,True,
2830,False,False,
2831,False,True,
2832,False,False,
2833,False,True,
2834,False,True,
2835,False,False,
2836,False,True,
2837,False,True,
2838,False,True,
2839,False,True,
2840,False,True,
2841,False,False,
2842,False,False,
2843,False,False,
2844,False,False,
2845,False,False,
2846,False,False,
2847,False,False,
2848,False,False,
2849,False,True,
2850,False,False,
2851,False,False,
2852,False,True,
2853,False,False,
2854,False,True,
2855,False,False,
2856,False,True,
2857,False,False,
2858,False,False,
2859,False,False,
2860,False,True,
2861,False,True,
2862,False,False,
2863,False,True,
2864,False,True,
2865,False,False,
2866,False,False,
2867,False,True,
2868,False,True,
2869,False,False,
2870,False,False,
2871,False,False,
2872,False,False,
2874,False,True,
2875,False,False,
2876,False,False,
2877,False,False,
2878,False,False,
2879,False,False,
2880,False,False,
2881,False,False,
2882,False,False,
2883,False,True,
2884,False,True,
2885,False,True,
2886,False,True,
2887,False,False,
2888,False,True,
2889,False,True,
2890,False,False,
2891,False,False,
2892,False,False,
2893,False,False,
2894,False,False,
2895,False,False,
2896,False,False,
2897,False,False,
2898,False,False,
2899,False,False,
2900,False,False,
2901,False,False,
2902,False,False,
2903,False,False,
2904,False,True,
2905,False,False,
2906,False,False,
2907,False,False,
2908,False,False,
2909,False,False,
2910,False,False,
2911,False,False,
2912,False,False,
2913,False,False,
2915,False,True,
2916,False,True,
2917,False,False,
2918,False,False,
2919,False,True,
2920,False,False,
2921,False,True,
2922,False,True,
2923,False,True,
2924,False,False,
2925,False,True,
2926,False,False,
2927,False,False,
2928,False,False,
2929,False,False,
2930,False,False,
2931,False,False,
2932,False,False,
2933,False,False,
2934,False,False,
2935,False,False,
2936,False,False,
2937,False,False,
2938,False,False,
2939,False,False,
2940,False,True,
2942,False,False,
2943,False,False,
2944,False,False,
2945,False,False,
2946,False,False,
2947,False,False,
2948,False,True,
2949,False,False,
2950,False,False,
2952,False,True,
2953,False,True,
2954,False,True,
2955,False,True,
2956,False,False,
2957,False,False,
2958,False,True,
2959,False,True,
2960,False,False,
2961,False,False,
2962,False,False,
2963,False,False,
2964,False,False,
2965,False,False,
2966,False,True,
2967,False,False,
2968,False,False,
2969,False,False,
2970,False,False,
2971,False,False,
2972,False,False,
2973,False,True,
2974,False,False,
2975,False,False,
2976,False,False,
2977,False,False,
2978,False,False,
2979,False,False,
2980,False,False,
2981,False,False,
2982,False,False,
2983,False,False,
2984,False,False,
2985,False,False,
2986,False,True,
2987,False,False,
2988,False,False,
2989,False,False,
2990,False,False,
2991,False,True,
2992,False,False,
2993,False,True,
2994,False,False,
2995,False,False,
2996,False,False,
2997,False,True,
2998,False,False,
2999,False,False,
3000,False,False,
3001,False,False,
3002,False,False,
3003,False,False,
3004,False,False,
3005,False,False,
3006,False,False,
3008,False,True,
3009,False,False,
3010,False,False,
3011,False,False,
3012,False,False,
3013,False,False,
3014,False,False,
3015,False,False,
3016,False,False,
3017,False,False,
3018,False,False,
3019,False,False,
3020,False,False,
3021,False,True,
3022,False,False,
3023,False,False,
3024,False,False,
3025,False,False,
3026,False,False,
3027,False,False,
3028,False,True,
3029,False,False,
3030,False,False,
3032,False,False,
3033,False,False,
3034,False,True,
3035,False,False,
3036,False,True,
3037,False,False,
3038,False,False,
3039,False,False,
3040,False,False,
3041,False,False,
3042,False,False,
3043,False,False,
3044,False,True,
3045,False,False,
3046,False,False,
3047,False,False,
3048,False,False,
3050,False,True,
3051,False,True,
3052,False,True,
3053,False,True,
3054,False,False,
3055,False,False,
3056,False,False,
3057,False,False,
3058,False,False,
3059,False,False,
3060,False,False,
3061,False,False,
3062,False,False,
3063,False,False,
3064,False,False,
3065,False,False,
3066,False,False,
3067,False,False,
3068,False,False,
3069,False,False,
3070,False,False,
3071,False,False,
3072,False,False,
3073,False,False,
3074,False,True,
3075,False,False,
3076,False,False,
3077,False,False,
3078,False,False,
3080,False,False,
3081,False,False,
3082,False,False,
3083,False,False,
3084,False,False,
3085,False,False,
3086,False,False,
3087,False,False,
3088,False,False,
3089,False,False,
3090,False,False,
3091,False,False,
3092,False,False,
3093,False,False,
3094,False,False,
3095,False,False,
3096,False,False,
3097,False,True,
3098,False,False,
3099,False,False,
3100,False,False,
3101,False,False,
3102,False,False,
3103,False,False,
3104,False,False,
3105,False,False,
3106,False,False,
3107,False,False,
3108,False,False,
3109,False,False,
3110,False,False,
3111,False,False,
3112,False,False,
3113,False,False,
3114,False,False,
3115,False,False,
3116,False,False,
3117,False,True,
3118,False,False,
3119,False,False,
3120,False,False,
3121,False,False,
3122,False,False,
3123,False,False,
3124,False,False,
3125,False,True,
3127,False,True,
3128,False,False,
3129,False,False,
3131,False,True,
3132,False,False,
3134,False,False,
3135,False,True,
3136,False,False,
3137,False,False,
3138,False,False,
3139,False,False,
3140,False,False,
3141,False,False,
3142,False,False,
3143,False,False,
3144,False,False,
3145,False,False,
3146,False,False,
3147,False,False,
3148,False,False,
3149,False,True,
3150,False,False,
3151,False,False,
3153,False,False,
3154,False,True,
3155,False,False,
3156,False,False,
3157,False,False,
3158,False,False,
3159,False,False,
3160,False,True,
3161,False,False,
3162,False,False,
3163,False,False,
3164,False,False,
3165,False,False,
3166,False,False,
3167,False,False,
3168,False,False,
3169,False,True,
3170,False,False,
3171,False,False,
3172,False,True,
3173,False,False,
3174,False,False,
3175,False,False,
3176,False,False,
3177,False,False,
3178,False,True,
3179,False,True,
3181,False,False,
3182,False,False,
3183,False,False,
3184,False,False,
3185,False,False,
3186,False,False,
3187,False,False,
3188,False,False,
3189,False,False,
3190,False,False,
3191,False,False,
3192,False,False,
3193,False,False,
3194,False,False,
3195,False,True,
3196,False,False,
3197,False,True,
3198,False,False,
3199,False,False,
3200,False,False,
3201,False,False,
3202,False,False,
3203,False,True,
3204,False,True,
5002,,True,
5003,,True,
5004,,True,
5005,,True,
5006,,True,
5010,,True,
5011,,True,
5012,False,True,
5013,,True,
5015,,True,
5016,,True,
5017,False,True,
5018,,True,
5019,,True,
5020,,True,
5021,,True,
5022,True,False,
5023,,True,
5024,,True,
5025,,True,
5026,,True,
5027,,True,
5028,,True,
5029,,True,
5031,,True,
5032,,True,
5033,,True,
5034,,True,
5035,,True,
5036,,True,
5037,,True,
5038,,True,
5039,,True,
5040,,True,
5041,,True,
5042,,True,
5043,,True,
5045,,True,
5047,,True,
5048,,True,
5049,,True,
5050,,True,
5051,,True,
5052,,True,
5053,,True,
5054,True,False,
5055,,True,
5056,,True,
5057,,True,
5058,,True,
5059,,True,
5060,,True,
5061,,True,
5062,,True,
5063,,True,
5064,,True,
5066,,True,
5068,,True,
5069,,True,
5070,,True,
5071,False,True,
5073,,True,
5074,,True,
5075,,True,
5076,,True,
5077,,True,
5078,,True,
5079,,True,
5080,,True,
5081,,True,
5082,,True,
5083,,True,
5084,,True,
5087,,True,
5088,,True,
5089,,True,
5090,,True,
5091,,True,
5092,,True,
5093,,True,
5094,,True,
5095,,True,
5096,,True,
5097,,True,
5098,False,True,
5099,,True,
5100,,True,
5101,,True,
5102,,True,
5103,,True,
5104,,True,
5105,,True,
5106,,True,
5107,,True,
5108,,True,
5109,,True,
5111,,True,
5112,,True,
5113,,True,
5114,,True,
5115,False,True,
5116,,True,
5117,,True,
5118,,True,
5120,,True,
5121,,True,
5122,,True,
5123,,True,
5124,,True,
5125,,True,
5126,,True,
5127,,True,
5128,,True,
5129,,True,
5131,,True,
5132,,True,
5133,,True,
5134,,True,
5136,,True,
5137,False,True,
5138,,True,
5153,,True,
5154,,True,
5155,,True,
5156,,True,
5157,,True,
5158,,True,
5159,,True,
5160,,True,
5161,,True,
5162,,True,
5163,False,True,
5164,,True,
5165,,True,
5166,,True,
5167,,True,
5168,,True,
5169,,True,
5170,,True,
5171,,True,
5172,,True,
5173,,True,
5174,,True,
5175,,True,
5176,,True,
5177,,True,
5178,,True,
5179,,True,
5180,,True,
5181,,True,
5182,,True,
5183,,True,
5184,,True,
5185,,True,
5187,,True,
5188,,True,
5189,,True,
5190,,True,
5191,,True,
5192,,True,
5194,,True,
5195,,True,
5196,,True,
5198,,True,
5199,,True,
5200,False,True,
5201,,True,
5202,,True,
5203,,True,
5204,,True,
5205,,True,
5206,,True,
5207,,True,
5208,,True,
5209,False,True,
5210,,True,
5211,,True,
5212,,True,
5213,,True,
5214,,True,
5216,,True,
5218,,True,
5219,,True,
5221,,True,
5222,,True,
5224,,True,
5225,,True,
5226,,True,
5227,,True,
5229,,True,
5231,,True,
5233,,True,
5234,,True,
5236,,True,
5237,,True,
5238,,True,
5239,,True,
5240,,True,
5241,,True,
5243,False,True,
5245,,True,
5247,,True,
5249,,True,
5251,,True,
5252,False,True,
5253,,True,
5255,,True,
5256,,True,
5257,,True,
5258,,True,
5259,,True,
5260,,True,
5261,,True,
5262,,True,
5263,,True,
5264,,True,
5265,,True,
5267,,True,
5268,,True,
5270,,True,
5271,,True,
5272,,True,
5273,,True,
5274,,True,
5275,,True,
5276,,True,
5277,,True,
5278,,True,
5279,,True,
5280,False,True,
5281,,True,
5282,,True,
5283,,True,
5287,,True,
5288,,True,
5289,,True,
5290,,True,
5291,,True,
5293,,True,
5294,,True,
5295,,True,
5296,,True,
5297,,True,
5298,,True,
5299,,True,
5300,,True,
5301,,True,
5302,,True,
5303,,True,
5304,,True,
5306,,True,
5307,,True,
5308,,True,
5309,,True,
5310,,True,
5311,,True,
5312,,True,
5313,,True,
5314,,True,
5315,,True,
5316,,True,
5318,,True,
5319,,True,
5320,,True,
5321,,True,
5323,,True,
5324,,True,
5328,,True,
5329,,True,
5330,,True,
5331,,True,
5332,,True,
5334,,True,
5335,,True,
5336,,True,
5337,,True,
5339,,True,
5340,,True,
5341,,True,
5342,,True,
5343,,True,
5344,,True,
5345,,True,
5346,,True,
5347,,True,
5348,,True,
5349,,True,
5350,,True,
5351,,True,
5353,,True,
5354,False,True,
5355,,True,
5356,,True,
5358,,True,
5359,,True,
5360,,True,
5361,False,True,
5362,,True,
5364,,True,
5367,,True,
5368,,True,
5369,,True,
5370,,True,
5371,,True,
5372,,True,
5373,,True,
5375,,True,
5376,,True,
5377,,True,
5378,,True,
5379,,True,
5380,,True,
5381,,True,
5382,,True,
5383,,True,
5384,,True,
5385,,True,
5386,,True,
5387,,True,
5388,,True,
5389,,True,
5390,,True,
5391,,True,
5392,,True,
5393,,True,
5394,,True,
5396,,True,
5397,,True,
5398,,True,
5399,,True,
5400,,True,
5401,False,True,
5402,,True,
5403,,True,
5404,,True,
5405,,True,
5406,,True,
5407,,True,
5408,,True,
5409,,True,
5410,,True,
5411,,True,
5412,,True,
5413,,True,
5414,,True,
5415,,True,
5416,,True,
5417,,True,
5418,,True,
5419,,True,
5420,,True,
5423,,True,
5424,,True,
5426,,True,
5427,,True,
5428,,True,
5429,,True,
5430,,True,
5431,,True,
5432,,True,
5433,,True,
5434,,True,
5435,,True,
5436,,True,
5437,,True,
5438,,True,
5439,,True,
5440,,True,
5441,,True,
5442,,True,
5443,,True,
5444,,True,
5445,,True,
5446,,True,
5447,,True,
5448,,True,
5449,,True,
5450,False,True,
5451,,True,
5452,,True,
5453,,True,
5454,,True,
5455,,True,
5456,,True,
5457,,True,
5458,,True,
5459,,True,
5461,,True,
5463,,True,
5465,,True,
5467,,True,
5468,,True,
5469,,True,
5470,,True,
5471,,True,
5472,,True,
5475,,True,
5476,,True,
5477,,True,
5478,,True,
5479,,True,
5480,,True,
5481,,True,
5482,,True,
5483,,True,
5484,,True,
5486,,True,
5487,,True,
5488,,True,
5489,,True,
5490,,True,
5491,,True,
5492,,True,
5493,False,True,
5494,,True,
5495,,True,
5496,,True,
5497,,True,
5498,,True,
5499,,True,
5501,,True,
5502,,True,
5503,,True,
5505,,True,
5506,,True,
5507,,True,
5508,,True,
5520,,True,
5521,False,True,
5522,,True,
5524,,True,
5526,,True,
5528,,True,
5529,,True,
5530,,True,
5531,,True,
5532,,True,
5533,,True,
5534,,True,
5535,False,True,
5536,,True,
5539,,True,
5540,,True,
5542,,True,
5543,False,True,
5545,,True,
5546,False,True,
5547,,True,
5548,,True,
5550,,True,
5551,,True,
5553,,True,
5554,,True,
5555,,True,
5556,,True,
5557,,True,
5558,,True,
5559,,True,
5560,,True,
5562,False,True,
5563,,True,
5565,,True,
5566,False,True,
5567,,True,
5569,,True,
5570,,True,
5571,,True,
5572,,True,
5573,,True,
5574,,True,
5575,,True,
5576,,True,
5577,False,True,
5578,,True,
5579,,True,
5581,False,True,
5582,,True,
5583,,True,
5584,,True,
5585,,True,
5586,,True,
5587,,True,
5589,,True,
5590,,True,
5591,,True,
5594,,True,
5595,,True,
5596,,True,
5597,,True,
5598,,True,
5599,,True,
5600,,True,
5601,,True,
5603,,True,
5604,,True,
5606,,True,
5607,,True,
5608,,True,
5609,,True,
5610,,True,
5613,,True,
5614,,True,
5615,,True,
5616,,True,
5617,,True,
5619,,True,
5620,False,True,
5621,,True,
5622,,True,
5623,,True,
5624,,True,
5625,,True,
5626,,True,
5627,,True,
5628,,True,
5629,,True,
5631,,True,
5632,,True,
5633,,True,
5634,,True,
5635,,True,
5637,,True,
5638,,True,
5639,,True,
5640,,True,
5641,,True,
5642,,True,
5643,,True,
5644,,True,
5645,,True,
5646,,True,
5648,False,True,
5649,,True,
5650,,True,
5651,,True,
5652,,True,
5653,,True,
5654,,True,
5655,,True,
5656,,True,
5657,,True,
5658,,True,
5659,,True,
5660,,True,
5661,,True,
5662,,True,
5663,,True,
5664,,True,
5665,,True,
5666,,True,
5667,,True,
5668,,True,
5670,,True,
5671,,True,
5675,,True,
5677,,True,
5679,,True,
5681,,True,
5682,,True,
5683,,True,
5684,,True,
5685,,True,
5686,,True,
5687,,True,
5689,,True,
5690,,True,
5691,,True,
5692,,True,
5693,,True,
5694,,True,
5695,,True,
5696,,True,
5697,,True,
5698,,True,
5699,,True,
5700,,True,
5701,,True,
5702,,True,
5703,,True,
5704,,True,
5705,,True,
5706,,True,
5707,,True,
5709,,True,
5710,,True,
5711,,True,
5712,,True,
5713,,True,
5714,,True,
5716,,True,
5720,,True,
5721,,True,
5722,,True,
5724,,True,
5725,,True,
5726,,True,
5727,,True,
5728,,True,
5729,,True,
5730,,True,
5731,,True,
5732,,True,
5733,,True,
5734,,True,
5736,,True,
5737,,True,
5739,,True,
5740,,True,
5741,,True,
5742,,True,
5744,,True,
5745,,True,
5746,,True,
5748,,True,
5749,,True,
5751,,True,
5752,,True,
5753,,True,
5754,,True,
5755,,True,
5757,,True,
5758,,True,
5761,,True,
5762,,True,
5763,,True,
5765,,True,
5766,,True,
5768,,True,
5769,,True,
5770,,True,
5771,,True,
5772,,True,
5773,,True,
5774,,True,
5775,,True,
5776,,True,
5777,,True,
5779,,True,
5780,,True,
5782,,True,
5783,,True,
5784,,True,
5785,,True,
5786,,True,
5787,,True,
5788,,True,
5789,False,True,
5790,,True,
5791,,True,
5793,,True,
5794,,True,
5795,,True,
5797,,True,
5799,,True,
5800,,True,
5801,,True,
5802,,True,
5803,,True,
5804,,True,
5805,,True,
5807,,True,
5808,,True,
5809,,True,
5810,,True,
5811,,True,
5812,,True,
5813,,True,
5814,,True,
5815,,True,
5816,,True,
5817,,True,
5818,,True,
5819,,True,
5820,,True,
5821,,True,
5823,,True,
5824,,True,
5825,,True,
5826,,True,
5827,,True,
5828,,True,
5829,False,True,
5830,,True,
5831,,True,
5832,,True,
5833,,True,
5834,,True,
5835,,True,
5836,,True,
5837,,True,
5839,,True,
5840,False,True,
5844,,True,
5845,,True,
5846,,True,
5847,,True,
5848,,True,
5849,,True,
5850,,True,
5851,,True,
5852,,True,
5853,,True,
5854,,True,
5855,,True,
5856,False,True,
5857,,True,
5859,False,True,
5860,,True,
5862,,True,
5863,,True,
5864,,True,
5865,,True,
5866,,True,
5869,,True,
5871,,True,
5872,,True,
5873,,True,
5874,,True,
5875,,True,
5876,,True,
5877,,True,
5878,,True,
5880,,True,
5881,,True,
5882,,True,
5883,,True,
5884,,True,
5885,,True,
5886,,True,
5887,,True,
5888,,True,
5889,,True,
5890,,True,
5891,,True,
5892,,True,
5893,,True,
5894,,True,
5895,,True,
5897,,True,
5898,,True,
5899,,True,
5900,False,True,
5901,,True,
5902,,True,
5903,,True,
5904,,True,
5905,,True,
5906,,True,
5907,,True,
5908,,True,
5909,,True,
5910,,True,
5911,,True,
5912,,True,
5913,False,True,
5915,,True,
5916,,True,
5917,,True,
5918,,True,
5919,,True,
5920,,True,
5921,,True,
5922,,True,
5923,,True,
5924,False,True,
5925,,True,
5927,,True,
5928,,True,
5929,,True,
5930,,True,
5931,,True,
5932,,True,
5933,,True,
5934,,True,
5935,,True,
5936,,True,
5937,,True,
5938,,True,
5939,,True,
5941,,True,
5942,,True,
5943,,True,
5944,,True,
5945,,True,
5946,,True,
5947,,True,
5949,,True,
5950,,True,
5952,,True,
5953,,True,
5954,,True,
5955,,True,
5957,,True,
5958,,True,
5960,,True,
5962,,True,
5964,,True,
5966,,True,
5967,,True,
5968,,True,
5969,,True,
5970,,True,
5971,,True,
5973,,True,
5974,,True,
5975,False,True,
5976,,True,
5977,,True,
5978,,True,
5979,,True,
5980,,True,
5982,,True,
5983,,True,
5984,,True,
5985,,True,
5986,,True,
5988,,True,
5989,,True,
5990,False,True,
5992,,True,
5993,,True,
5994,,True,
5995,,True,
5996,,True,
5997,,True,
5998,,True,
6000,,True,
6001,,True,
6002,,True,
6003,,True,
6004,,True,
6005,,True,
6006,,True,
6007,,True,
6008,,True,
6009,,True,
6010,,True,
6011,,True,
6012,,True,
6013,,True,
6014,,True,
6015,,True,
6017,,True,
6018,,True,
6019,,True,
6020,,True,
6025,,True,
6026,,True,
6027,,True,
6031,,True,
6034,,True,
6036,,True,
6038,,True,
6039,,True,
6040,,True,
6041,,True,
6042,,True,
6045,,True,
6046,,True,
6047,,True,
6048,,True,
6052,,True,
6053,,True,
6054,,True,
6055,,True,
6056,,True,
6057,,True,
6058,,True,
6059,,True,
6060,,True,
6061,,True,
6063,,True,
6064,,True,
6065,,True,
6066,,True,
6068,,True,
6069,,True,
6070,,True,
6072,,True,
6073,,True,
6074,,True,
6075,,True,
6076,,True,
6077,,True,
6078,,True,
6079,,True,
6080,,True,
6083,,True,
6084,,True,
6085,,True,
6086,,True,
6087,,True,
6088,,True,
6089,,True,
6090,,True,
6091,,True,
6092,,True,
6093,,True,
6094,,True,
6095,,True,
6096,,True,
6097,,True,
6098,,True,
6099,,True,
6100,,True,
6101,,True,
6102,,True,
6103,,True,
6105,,True,
6106,,True,
6107,,True,
6108,,True,
6109,,True,
6110,,True,
6111,,True,
6112,,True,
6113,,True,
6114,,True,
6115,,True,
6116,,True,
6117,,True,
6118,,True,
6119,,True,
6122,,True,
6123,,True,
6124,,True,
6125,,True,
6126,False,True,
6127,,True,
6128,,True,
6129,,True,
6131,,True,
6134,,True,
6135,,True,
6136,,True,
6137,,True,
6139,,True,
6140,,True,
6141,,True,
6142,,True,
6143,,True,
6144,,True,
6145,,True,
6146,,True,
6147,,True,
6148,False,True,
6150,,True,
6151,,True,
6152,,True,
6153,,True,
6155,,True,
6156,,True,
6157,,True,
6158,,True,
6159,,True,
6161,,True,
6162,,True,
6163,,True,
6164,,True,
6166,,True,
6167,,True,
6168,,True,
6169,,True,
6170,,True,
6171,,True,
6172,,True,
6173,,True,
6174,,True,
6175,,True,
6176,,True,
6177,,True,
6178,,True,
6179,,True,
6180,,True,
6182,,True,
6185,,True,
6186,,True,
6187,,True,
6188,,True,
6189,,True,
6190,,True,
6191,,True,
6192,,True,
6193,,True,
6195,,True,
6196,,True,
6197,,True,
6198,,True,
6199,,True,
6200,,True,
6201,,True,
6202,,True,
6203,,True,
6204,,True,
6205,,True,
6206,,True,
6207,,True,
6208,,True,
6210,,True,
6211,,True,
6212,,True,
6213,,True,
6214,,True,
6215,,True,
6216,,True,
6217,False,True,
6218,,True,
6219,,True,
6220,,True,
6221,,True,
6227,,True,
6228,,True,
6229,,True,
6231,,True,
6232,,True,
6233,,True,
6234,,True,
6235,,True,
6236,False,True,
6237,,True,
6238,,True,
6239,,True,
6240,,True,
6243,,True,
6244,,True,
6245,,True,
6246,,True,
6247,,True,
6248,,True,
6249,,True,
6250,,True,
6251,,True,
6252,,True,
6253,False,True,
6255,,True,
6256,,True,
6257,,True,
6261,,True,
6262,,True,
6263,,True,
6264,,True,
6265,,True,
6266,,True,
6267,,True,
6269,,True,
6270,,True,
6271,,True,
6275,,True,
6276,,True,
6277,,True,
6278,,True,
6279,,True,
6283,,True,
6284,,True,
6285,,True,
6286,,True,
6287,,True,
6288,,True,
6289,,True,
6290,,True,
6291,,True,
6292,,True,
6293,,True,
6294,,True,
6295,,True,
6296,,True,
6304,,True,
6305,,True,
6306,,True,
6307,,True,
6308,,True,
6309,,True,
6314,,True,
6317,,True,
6318,,True,
6321,,True,
6322,,True,
6323,,True,
6324,,True,
6325,False,True,
6326,,True,
6327,,True,
6328,,True,
6329,,True,
6330,,True,
6331,,True,
6332,,True,
6333,,True,
6334,,True,
6335,,True,
6336,,True,
6337,,True,
6338,,True,
6340,,True,
6341,,True,
6343,,True,
6344,,True,
6345,,True,
6346,,True,
6347,,True,
6348,,True,
6349,,True,
6351,,True,
6352,,True,
6353,,True,
6356,,True,
6358,,True,
6359,,True,
6360,,True,
6361,,True,
6362,,True,
6363,,True,
6364,,True,
6368,,True,
6369,,True,
6370,,True,
6371,,True,
6372,,True,
6373,,True,
6374,,True,
6375,,True,
6376,,True,
6377,,True,
6378,,True,
6379,,True,
6380,False,True,
6381,,True,
6382,,True,
6383,,True,
6384,,True,
6385,,True,
6387,,True,
6388,False,True,
6390,,True,
6391,,True,
6392,,True,
6394,,True,
6395,,True,
6396,,True,
6397,,True,
6399,,True,
6400,,True,
6401,,True,
6403,,True,
6405,,True,
6406,,True,
6407,,True,
6408,,True,
6409,,True,
6410,,True,
6412,,True,
6413,,True,
6414,,True,
6415,,True,
6418,,True,
6419,,True,
6420,,True,
6421,,True,
6422,,True,
6423,,True,
6425,,True,
6426,,True,
6427,,True,
6428,,True,
6429,,True,
6430,,True,
6431,,True,
6432,,True,
6433,,True,
6434,,True,
6435,,True,
6436,,True,
6437,,True,
6439,,True,
6440,,True,
6442,,True,
6443,,True,
6444,False,True,
6445,,True,
6447,,True,
6448,,True,
6449,,True,
6450,,True,
6451,,True,
6452,,True,
6453,,True,
6454,,True,
6456,,True,
6457,,True,
6458,,True,
6459,,True,
6460,,True,
6462,,True,
6463,,True,
6464,,True,
6465,,True,
6466,,True,
6467,,True,
6469,,True,
6470,,True,
6471,,True,
6472,,True,
6473,,True,
6474,,True,
6475,,True,
6477,,True,
6479,,True,
6480,,True,
6482,,True,
6483,,True,
6485,,True,
6486,False,True,
6488,,True,
6489,,True,
6490,,True,
6491,,True,
6492,,True,
6493,,True,
6495,,True,
6496,,True,
6497,,True,
6498,,True,
6499,,True,
6502,,True,
6503,,True,
6507,,True,
6509,,True,
6511,,True,
6512,,True,
6513,,True,
6515,,True,
6516,,True,
6517,,True,
6518,,True,
6519,,True,
6521,,True,
6523,,True,
6524,,True,
6526,,True,
6527,,True,
6530,,True,
6531,,True,
6532,,True,
6535,,True,
6536,,True,
6537,,True,
6538,,True,
6540,,True,
6541,,True,
6543,,True,
6544,,True,
6545,,True,
6546,,True,
6547,,True,
6548,,True,
6549,,True,
6561,,True,
6563,,True,
6566,,True,
6567,,True,
6568,,True,
6569,,True,
6570,,True,
6571,,True,
6572,,True,
6573,,True,
6575,,True,
6576,,True,
6577,,True,
6578,,True,
6579,,True,
6580,,True,
6581,,True,
6582,,True,
6583,,True,
6584,,True,
6585,,True,
6586,,True,
6588,,True,
6589,,True,
6591,,True,
6592,,True,
6593,,True,
6594,,True,
6595,,True,
6596,,True,
6597,False,True,
6600,,True,
6601,,True,
6602,,True,
6603,,True,
6604,,True,
6605,,True,
6606,,True,
6607,,True,
6608,,True,
6610,,True,
6611,,True,
6612,,True,
6613,,True,
6614,,True,
6615,,True,
6616,,True,
6617,,True,
6619,,True,
6620,,True,
6621,,True,
6622,,True,
6623,,True,
6624,,True,
6625,,True,
6626,,True,
6627,,True,
6628,,True,
6629,,True,
6630,,True,
6632,,True,
6633,,True,
6634,,True,
6636,,True,
6637,,True,
6638,,True,
6639,,True,
6640,,True,
6641,,True,
6642,,True,
6643,,True,
6644,,True,
6647,,True,
6648,,True,
6649,,True,
6650,,True,
6651,,True,
6653,,True,
6654,,True,
6655,,True,
6656,,True,
6657,,True,
6658,,True,
6659,,True,
6660,,True,
6661,,True,
6662,,True,
6663,,True,
6666,,True,
6667,,True,
6668,,True,
6669,,True,
6670,,True,
6671,,True,
6672,,True,
6673,,True,
6675,,True,
6676,,True,
6677,False,True,
6678,,True,
6679,,True,
6680,,True,
6681,,True,
6683,,True,
6685,,True,
6686,,True,
6687,,True,
6688,,True,
6691,,True,
6693,,True,
6694,,True,
6695,,True,
6699,False,True,
6700,,True,
6701,,True,
6703,,True,
6705,,True,
6708,,True,
6709,,True,
6710,,True,
6711,,True,
6714,,True,
6716,False,True,
6717,,True,
6718,,True,
6719,,True,
6720,,True,
6721,,True,
6723,,True,
6725,,True,
6726,,True,
6727,,True,
6728,,True,
6729,,True,
6730,,True,
6732,,True,
6733,,True,
6734,,True,
6735,,True,
6736,,True,
6737,,True,
6738,,True,
6739,,True,
6740,,True,
6741,,True,
6742,,True,
6744,,True,
6745,,True,
6746,,True,
6747,,True,
6748,,True,
6749,,True,
6750,,True,
6751,,True,
6752,,True,
6753,,True,
6754,,True,
6756,,True,
6757,,True,
6758,,True,
6759,,True,
6760,,True,
6761,,True,
6762,,True,
6763,,True,
6764,,True,
6765,,True,
6767,,True,
6768,,True,
6769,,True,
6772,,True,
6774,,True,
6775,,True,
6777,,True,
6778,,True,
6779,,True,
6780,,True,
6781,,True,
6782,,True,
6783,,True,
6784,,True,
6785,,True,
6786,,True,
6787,,True,
6788,,True,
6789,,True,
6790,,True,
6791,,True,
6792,False,True,
6793,,True,
6794,,True,
6795,,True,
6796,,True,
6797,,True,
6798,,True,
6799,,True,
6800,,True,
6801,,True,
6802,,True,
6803,,True,
6804,,True,
6805,,True,
6806,,True,
6807,,True,
6809,False,True,
6810,,True,
6811,,True,
6813,,True,
6814,,True,
6817,,True,
6818,,True,
6821,,True,
6822,,True,
6824,,True,
6825,,True,
6826,,True,
6828,,True,
6829,,True,
6830,,True,
6831,,True,
6833,,True,
6836,,True,
6837,,True,
6838,,True,
6839,,True,
6840,,True,
6841,,True,
6842,,True,
6843,,True,
6844,,True,
6845,,True,
6846,,True,
6848,,True,
6849,,True,
6850,,True,
6851,,True,
6852,,True,
6853,,True,
6854,False,True,
6855,,True,
6856,,True,
6857,,True,
6858,,True,
6859,,True,
6861,,True,
6862,,True,
6863,,True,
6864,,True,
6865,,True,
6866,,True,
6867,,True,
6868,,True,
6869,,True,
6870,,True,
6871,,True,
6872,,True,
6873,,True,
6874,,True,
6875,False,True,
6877,,True,
6878,,True,
6879,,True,
6880,,True,
6881,,True,
6882,,True,
6883,,True,
6884,,True,
6885,,True,
6886,,True,
6887,,True,
6888,,True,
6889,,True,
6890,,True,
6892,,True,
6893,,True,
6895,,True,
6896,,True,
6897,,True,
6898,,True,
6899,,True,
6900,,True,
6901,,True,
6902,,True,
6903,,True,
6904,,True,
6905,,True,
6906,,True,
6907,,True,
6908,,True,
6909,,True,
6912,,True,
6913,,True,
6915,,True,
6916,,True,
6917,,True,
6918,,True,
6919,,True,
6920,,True,
6921,,True,
6922,,True,
6924,,True,
6926,,True,
6929,,True,
6930,,True,
6932,,True,
6934,,True,
6935,,True,
6938,,True,
6939,,True,
6941,,True,
6942,,True,
6943,,True,
6944,,True,
6945,,True,
6947,,True,
6948,,True,
6950,,True,
6952,,True,
6953,,True,
6954,,True,
6955,,True,
6956,,True,
6957,,True,
6958,,True,
6959,,True,
6960,,True,
6961,,True,
6962,,True,
6963,,True,
6964,,True,
6965,,True,
6966,,True,
6967,,True,
6968,,True,
6969,,True,
6973,,True,
6975,,True,
6976,,True,
6977,,True,
6979,,True,
6981,,True,
6982,,True,
6983,,True,
6986,,True,
6987,,True,
6988,,True,
6989,,True,
6990,,True,
6991,,True,
6992,,True,
6994,,True,
6995,,True,
6996,,True,
6997,,True,
6998,,True,
7000,,True,
7002,,True,
7003,,True,
7004,,True,
7005,,True,
7006,,True,
7007,,True,
7008,,True,
7009,,True,
7010,,True,
7011,,True,
7012,,True,
7013,,True,
7014,,True,
7015,,True,
7016,,True,
7017,,True,
7018,False,True,
7019,,True,
7021,,True,
7022,,True,
7025,,True,
7026,,True,
7027,,True,
7028,,True,
7029,,True,
7030,,True,
7031,,True,
7032,,True,
7033,,True,
7034,,True,
7035,,True,
7036,,True,
7038,,True,
7040,,True,
7041,,True,
7042,,True,
7043,,True,
7045,,True,
7046,,True,
7048,,True,
7049,,True,
7050,,True,
7051,,True,
7052,,True,
7053,,True,
7054,,True,
7055,,True,
7056,,True,
7057,,True,
7059,,True,
7060,,True,
7061,,True,
7062,,True,
7063,,True,
7064,,True,
7065,,True,
7066,,True,
7067,,True,
7068,,True,
7069,,True,
7070,,True,
7071,,True,
7073,,True,
7074,,True,
7075,,True,
7076,,True,
7077,,True,
7078,,True,
7079,,True,
7080,,True,
7081,,True,
7082,,True,
7083,,True,
7085,,True,
7086,,True,
7087,,True,
7088,False,True,
7089,,True,
7091,,True,
7092,,True,
7094,,True,
7095,,True,
7098,,True,
7099,,True,
7100,,True,
7101,,True,
7104,,True,
7105,,True,
7107,,True,
7108,,True,
7110,,True,
7111,,True,
7112,,True,
7113,,True,
7114,,True,
7115,,True,
7116,,True,
7117,,True,
7118,,True,
7119,,True,
7120,,True,
7121,,True,
7122,,True,
7123,,True,
7124,,True,
7125,,True,
7126,,True,
7128,,True,
7129,,True,
7131,,True,
7133,,True,
7134,,True,
7135,,True,
7137,False,True,
7138,,True,
7139,,True,
7140,,True,
7141,,True,
7143,,True,
7144,False,True,
7145,False,True,
7146,,True,
7147,,True,
7149,,True,
7150,,True,
7152,,True,
7153,,True,
7154,,True,
7155,,True,
7157,,True,
7158,,True,
7159,,True,
7160,,True,
7161,,True,
7163,,True,
7164,,True,
7166,,True,
7168,,True,
7169,,True,
7170,,True,
7171,,True,
7172,,True,
7173,,True,
7174,,True,
7175,,True,
7176,,True,
7177,,True,
7178,,True,
7179,,True,
7180,,True,
7181,,True,
7182,,True,
7183,,True,
7184,,True,
7185,,True,
7186,,True,
7187,,True,
7188,,True,
7189,,True,
7190,,True,
7191,,True,
7192,,True,
7193,,True,
7194,,True,
7195,,True,
7196,,True,
7197,,True,
7198,,True,
7199,,True,
7200,,True,
7201,,True,
7202,,True,
7203,,True,
7204,,True,
7205,,True,
7206,,True,
7208,,True,
7209,,True,
7210,,True,
7211,,True,
7212,,True,
7213,,True,
7216,,True,
7218,,True,
7221,,True,
7222,,True,
7223,,True,
7224,,True,
7226,,True,
7227,,True,
7228,,True,
7230,,True,
7231,False,True,
7233,,True,
7234,,True,
7235,,True,
7236,,True,
7237,,True,
7238,,True,
7239,,True,
7241,,True,
7242,,True,
7243,,True,
7244,,True,
7245,,True,
7246,,True,
7247,,True,
7248,,True,
7249,,True,
7254,,True,
7255,,True,
7256,,True,
7258,,True,
7259,,True,
7260,,True,
7261,,True,
7262,True,False,
7263,,True,
7264,,True,
7265,,True,
7267,,True,
7268,,True,
7269,,True,
7270,,True,
7271,,True,
7272,,True,
7273,,True,
7274,,True,
7275,,True,
7276,,True,
7278,,True,
7279,,True,
7280,,True,
7281,,True,
7282,,True,
7283,,True,
7284,,True,
7285,,True,
7287,,True,
7288,,True,
7289,,True,
7290,,True,
7291,,True,
7292,,True,
7293,,True,
7294,,True,
7295,,True,
7296,,True,
7297,,True,
7298,,True,
7299,,True,
7300,,True,
7302,,True,
7304,,True,
7305,,True,
7306,,True,
7308,,True,
7310,,True,
7311,,True,
7312,,True,
7313,,True,
7314,,True,
7316,,True,
7317,,True,
7318,False,True,
7319,,True,
7320,,True,
7321,,True,
7322,,True,
7323,,True,
7324,,True,
7325,False,True,
7326,,True,
7327,,True,
7328,,True,
7329,,True,
7330,,True,
7331,,True,
7333,,True,
7334,,True,
7335,,True,
7336,,True,
7337,,True,
7338,,True,
7339,,True,
7341,,True,
7343,,True,
7345,,True,
7346,,True,
7347,,True,
7350,,True,
7351,,True,
7353,,True,
7354,,True,
7355,,True,
7356,,True,
7357,,True,
7358,,True,
7361,,True,
7362,,True,
7364,,True,
7366,,True,
7367,,True,
7369,,True,
7370,,True,
7371,,True,
7372,,True,
7373,,True,
7375,,True,
7376,,True,
7377,,True,
7378,,True,
7381,,True,
7382,,True,
7383,,True,
7384,,True,
7386,,True,
7387,,True,
7389,,True,
7390,,True,
7391,,True,
7393,,True,
7394,,True,
7395,,True,
7397,,True,
7398,,True,
7399,,True,
7400,,True,
7401,,True,
7403,,True,
7404,,True,
7405,,True,
7406,,True,
7407,,True,
7408,,True,
7409,,True,
7410,,True,
7411,,True,
7412,,True,
7413,,True,
7414,,True,
7415,,True,
7416,,True,
7417,,True,
7418,,True,
7419,,True,
7420,,True,
7423,,True,
7426,,True,
7427,,True,
7431,,True,
7432,,True,
7433,,True,
7434,,True,
7435,,True,
7436,,True,
7437,,True,
7438,,True,
7439,,True,
7440,,True,
7442,,True,
7444,False,True,
7446,,True,
7447,,True,
7448,,True,
7452,,True,
7453,,True,
7454,,True,
7456,,True,
7457,,True,
7460,,True,
7461,,True,
7462,,True,
7463,,True,
7465,,True,
7466,,True,
7468,,True,
7469,,True,
7470,,True,
7471,,True,
7472,,True,
7473,,True,
7474,,True,
7475,,True,
7477,,True,
7479,,True,
7482,,True,
7483,,True,
7484,,True,
7485,,True,
7486,,True,
7487,,True,
7491,,True,
7492,,True,
7493,,True,
7494,,True,
7495,,True,
7496,,True,
7497,,True,
7498,,True,
7500,,True,
7502,,True,
7503,,True,
7505,,True,
7506,,True,
7508,,True,
7509,,True,
7512,,True,
7513,,True,
7514,,True,
7515,,True,
7516,,True,
7517,,True,
7518,,True,
7519,,True,
7520,,True,
7521,,True,
7522,,True,
7523,,True,
7524,,True,
7525,,True,
7526,,True,
7527,,True,
7528,,True,
7529,,True,
7530,,True,
7533,,True,
7534,,True,
7535,,True,
7536,,True,
7537,,True,
7538,,True,
7540,,True,
7544,,True,
7545,,True,
7546,,True,
7547,,True,
7548,,True,
7549,,True,
7550,,True,
7552,,True,
7553,,True,
7554,,True,
7555,,True,
7556,,True,
7558,,True,
7559,,True,
7560,,True,
7562,,True,
7563,,True,
7565,,True,
7566,,True,
7567,,True,
7568,,True,
7570,,True,
7571,,True,
7573,,True,
7574,,True,
7575,,True,
7576,,True,
7577,,True,
7578,,True,
7582,,True,
7584,,True,
7585,,True,
7586,,True,
7587,,True,
7588,,True,
7590,,True,
7591,,True,
7592,,True,
7593,,True,
7595,,True,
7596,,True,
7597,,True,
7598,,True,
7599,,True,
7600,,True,
7601,,True,
7602,,True,
7603,,True,
7604,,True,
7605,,True,
7606,,True,
7607,,True,
7609,,True,
7612,,True,
7613,,True,
7614,,True,
7617,,True,
7618,,True,
7619,,True,
7620,,True,
7621,,True,
7622,,True,
7623,,True,
7624,,True,
7625,,True,
7626,,True,
7627,,True,
7628,,True,
7629,False,True,
7630,,True,
7631,,True,
7632,,True,
7633,,True,
7634,,True,
7637,,True,
7638,,True,
7639,,True,
7640,,True,
7641,,True,
7642,,True,
7645,,True,
7646,,True,
7647,,True,
7648,,True,
7649,,True,
7650,,True,
7651,,True,
7652,,True,
7654,,True,
7655,,True,
7656,,True,
7657,,True,
7658,,True,
7659,,True,
7660,,True,
7661,,True,
7662,,True,
7663,,True,
7664,,True,
7665,,True,
7666,False,True,
7667,,True,
7668,,True,
7669,,True,
7670,,True,
7671,,True,
7673,,True,
7674,,True,
7675,,True,
7676,,True,
7677,,True,
7678,,True,
7679,,True,
7680,,True,
7681,,True,
7684,,True,
7686,,True,
7688,False,True,
7689,,True,
7690,,True,
7691,,True,
7692,,True,
7693,,True,
7694,,True,
7695,,True,
7696,,True,
7697,,True,
7698,,True,
7700,,True,
7701,,True,
7702,,True,
7703,,True,
7705,,True,
7706,,True,
7707,,True,
7708,,True,
7709,,True,
7710,,True,
7712,,True,
7713,,True,
7714,,True,
7715,,True,
7716,,True,
7717,,True,
7718,,True,
7719,,True,
7720,,True,
7721,,True,
7722,,True,
7723,,True,
7725,,True,
7726,,True,
7727,,True,
7728,False,True,
7729,,True,
7730,,True,
7731,,True,
7732,,True,
7733,,True,
7734,,True,
7736,,True,
7737,,True,
7738,,True,
7739,,True,
7740,,True,
7741,,True,
7742,,True,
7743,,True,
7744,,True,
7745,,True,
7746,,True,
7748,,True,
7750,,True,
7751,,True,
7754,,True,
7755,,True,
7756,,True,
7757,,True,
7758,,True,
7759,,True,
7760,,True,
7761,,True,
7762,,True,
7764,,True,
7765,,True,
7766,False,True,
7767,,True,
7768,,True,
7769,,True,
7770,,True,
7771,,True,
7772,,True,
7773,,True,
7774,,True,
7775,,True,
7776,,True,
7777,,True,
7778,,True,
7779,,True,
7780,,True,
7781,,True,
7782,,True,
7783,,True,
7784,,True,
7785,,True,
7786,,True,
7787,,True,
7788,,True,
7789,,True,
7790,,True,
7791,,True,
7792,,True,
7793,,True,
7794,,True,
7795,,True,
7796,,True,
7797,,True,
7798,,True,
7800,,True,
7801,,True,
7802,,True,
7805,,True,
7806,,True,
7807,,True,
7808,,True,
7809,,True,
7811,,True,
7812,,True,
7814,,True,
7815,,True,
7816,,True,
7818,,True,
7819,,True,
7820,,True,
7821,,True,
7822,,True,
7824,False,True,
7825,,True,
7826,,True,
7827,,True,
7828,,True,
7829,,True,
7830,,True,
7831,,True,
7833,,True,
7835,,True,
7836,,True,
7839,,True,
7841,,True,
7842,,True,
7843,,True,
7844,,True,
7846,,True,
7847,,True,
7849,,True,
7850,,True,
7851,,True,
7852,,True,
7854,,True,
7855,,True,
7856,,True,
7857,,True,
7858,,True,
7859,,True,
7860,,True,
7862,,True,
7880,,True,
7881,,True,
7882,,True,
7883,,True,
7884,,True,
7885,,True,
7886,,True,
7887,,True,
7889,,True,
7892,False,True,
7893,,True,
7894,,True,
7895,,True,
7896,,True,
7898,,True,
7901,,True,
7902,,True,
7903,,True,
7904,,True,
7905,,True,
7906,,True,
7907,,True,
7908,,True,
7909,,True,
7910,,True,
7911,,True,
7912,,True,
7913,,True,
7914,,True,
7915,,True,
7917,,True,
7918,,True,
7919,,True,
7921,,True,
7922,,True,
7923,False,True,
7924,,True,
7925,,True,
7926,,True,
7927,,True,
7929,,True,
7930,,True,
7931,,True,
7932,,True,
7933,,True,
7934,,True,
7935,,True,
7936,,True,
7937,,True,
7938,,True,
7939,,True,
7940,,True,
7941,,True,
7942,,True,
7943,,True,
7945,,True,
7946,,True,
7947,,True,
7949,,True,
7950,,True,
7951,,True,
7952,,True,
7953,,True,
7955,,True,
7956,,True,
7959,,True,
7960,,True,
7961,,True,
7962,,True,
7963,,True,
7964,,True,
7965,,True,
7966,,True,
7967,,True,
7968,,True,
7969,,True,
7970,,True,
7971,,True,
7972,,True,
7973,,True,
7974,,True,
7975,,True,
7976,,True,
7977,,True,
7978,,True,
7979,,True,
7981,,True,
7982,,True,
7983,,True,
7984,,True,
7985,,True,
7986,,True,
7987,,True,
7988,,True,
7989,,True,
7990,,True,
7993,,True,
7994,,True,
7995,,True,
7996,,True,
7997,,True,
7999,,True,
8001,,True,
8003,,True,
8007,,True,
8008,False,True,
8009,,True,
8010,,True,
8012,,True,
8014,,True,
8015,,True,
8017,,True,
8018,,True,
8019,,True,
8020,,True,
8021,,True,
8022,,True,
8023,,True,
8024,,True,
8025,,True,
8027,False,True,
8028,,True,
8029,,True,
8030,,True,
8031,,True,
8032,,True,
8033,,True,
8034,,True,
8035,,True,
8036,,True,
8037,,True,
8038,,True,
8039,,True,
8040,,True,
8042,,True,
8044,,True,
8045,,True,
8046,,True,
8047,,True,
8048,,True,
8049,,True,
8050,,True,
8051,,True,
8052,,True,
8053,,True,
8055,,True,
8057,,True,
8058,,True,
8060,,True,
8061,,True,
8062,False,True,
8063,False,True,
8064,,True,
8065,,True,
8066,,True,
8067,,True,
8068,,True,
8070,,True,
8072,,True,
8073,,True,
8075,,True,
8076,,True,
8077,,True,
8078,,True,
8080,,True,
8081,,True,
8082,,True,
8084,,True,
8085,,True,
8086,,True,
8087,,True,
8088,,True,
8089,False,True,
8090,,True,
8091,,True,
8092,,True,
8093,,True,
8094,,True,
8095,,True,
8096,,True,
8097,,True,
8098,False,True,
8099,False,True,
8100,,True,
8103,,True,
8104,,True,
8105,,True,
8107,,True,
8108,,True,
8109,,True,
8110,,True,
8111,,True,
8112,,True,
8113,,True,
8114,,True,
8116,,True,
8117,,True,
8118,,True,
8119,,True,
8121,,True,
8122,,True,
8123,,True,
8124,,True,
8125,,True,
8126,,True,
8127,,True,
8128,,True,
8129,,True,
8130,,True,
8131,,True,
8132,,True,
8133,,True,
8134,,True,
8135,,True,
8136,,True,
8137,,True,
8139,,True,
8141,,True,
8143,,True,
8144,,True,
8146,,True,
8148,,True,
8149,,True,
8150,,True,
8152,,True,
8153,,True,
8154,,True,
8156,,True,
8157,,True,
8158,,True,
8159,,True,
8160,,True,
8161,,True,
8162,,True,
8163,,True,
8164,,True,
8165,,True,
8166,,True,
8167,,True,
8168,,True,
8170,,True,
8171,,True,
8173,,True,
8174,,True,
8175,,True,
8176,,True,
8177,,True,
8178,,True,
8179,,True,
8181,,True,
8182,,True,
8183,,True,
8184,,True,
8185,,True,
8186,,True,
8187,,True,
8188,,True,
8189,,True,
8190,,True,
8192,,True,
8193,,True,
8194,,True,
8195,,True,
8196,,True,
8197,,True,
8198,,True,
8199,,True,
8200,,True,
8201,False,True,
8202,,True,
8203,,True,
8204,,True,
8205,,True,
8206,,True,
8207,,True,
8208,,True,
8209,,True,
8210,,True,
8211,,True,
8212,,True,
8213,,True,
8214,,True,
8215,,True,
8216,,True,
8217,,True,
8218,,True,
8219,,True,
8220,,True,
8221,,True,
8223,,True,
8224,,True,
8225,,True,
8226,,True,
8227,,True,
8228,,True,
8230,,True,
8231,,True,
8232,,True,
8233,,True,
8234,,True,
8235,,True,
8236,,True,
8238,,True,
8239,,True,
8240,,True,
8241,,True,
8243,,True,
8245,,True,
8246,,True,
8247,True,False,
8248,False,True,
8250,,True,
8251,,True,
8253,,True,
8254,,True,
8256,,True,
8257,,True,
8258,,True,
8259,,True,
8260,,True,
8261,,True,
8262,,True,
8263,,True,
8264,False,True,
8265,,True,
8266,,True,
8267,,True,
8268,,True,
8269,,True,
8270,,True,
8271,,True,
8272,,True,
8273,,True,
8274,True,False,
8275,,True,
8278,,True,
8279,,True,
8281,,True,
8282,False,True,
8284,,True,
8285,,True,
8286,,True,
8287,,True,
8288,,True,
8289,,True,
8290,,True,
8291,,True,
8292,,True,
8294,,True,
8295,,True,
8296,,True,
8297,,True,
8298,,True,
8299,,True,
8300,,True,
8301,,True,
8302,,True,
8303,,True,
8304,,True,
8305,,True,
8306,,True,
8307,,True,
8308,,True,
8309,,True,
8310,,True,
8311,,True,
8312,,True,
8313,,True,
8314,,True,
8316,,True,
8317,,True,
8319,,True,
8321,,True,
8322,,True,
8323,,True,
8324,,True,
8325,,True,
8326,,True,
8328,,True,
8329,,True,
8330,,True,
8331,False,True,
8332,,True,
8333,,True,
8334,,True,
8335,,True,
8336,,True,
8337,,True,
8338,,True,
8339,,True,
8340,,True,
8341,,True,
8342,,True,
8344,,True,
8345,,True,
8346,,True,
8350,,True,
8351,,True,
8352,,True,
8353,,True,
8354,,True,
8355,,True,
8356,,True,
8357,,True,
8358,,True,
8359,,True,
8360,,True,
8361,,True,
8362,,True,
8363,,True,
8364,,True,
8365,,True,
8366,,True,
8368,,True,
8369,,True,
8370,,True,
8371,,True,
8372,,True,
8373,,True,
8374,,True,
8375,,True,
8376,,True,
8377,,True,
8378,,True,
8379,,True,
8381,,True,
8382,,True,
8383,,True,
8384,,True,
8385,,True,
8386,,True,
8387,,True,
8388,,True,
8389,,True,
8390,,True,
8391,,True,
8392,,True,
8393,,True,
8394,,True,
8395,,True,
8398,,True,
8399,,True,
8400,,True,
8401,,True,
8402,,True,
8403,,True,
8404,,True,
8405,,True,
8406,,True,
8407,,True,
8408,,True,
8409,,True,
8410,,True,
8412,,True,
8413,,True,
8414,,True,
8415,,True,
8416,,True,
8419,,True,
8420,,True,
8422,False,True,
8423,,True,
8425,,True,
8426,,True,
8427,,True,
8428,,True,
8429,,True,
8430,,True,
8431,,True,
8432,,True,
8433,,True,
8434,,True,
8435,False,True,
8436,,True,
8437,,True,
8439,,True,
8440,,True,
8445,,True,
8446,,True,
8447,,True,
8448,,True,
8451,,True,
8452,,True,
8453,,True,
8454,,True,
8456,,True,
8459,,True,
8460,,True,
8462,,True,
8463,,True,
8464,,True,
8465,,True,
8466,,True,
8467,,True,
8468,,True,
8469,,True,
8470,,True,
8471,,True,
8472,,True,
8473,,True,
8474,,True,
8475,,True,
8477,,True,
8478,,True,
8479,False,True,
8481,,True,
8482,,True,
8483,,True,
8484,,True,
8485,False,True,
8486,,True,
8487,,True,
8488,,True,
8489,,True,
8492,,True,
8493,,True,
8494,,True,
8495,,True,
8496,,True,
8497,,True,
8498,,True,
8500,,True,
8501,,True,
8502,,True,
8503,,True,
8504,,True,
8505,,True,
8506,,True,
8507,,True,
8508,,True,
8509,,True,
8510,,True,
8511,,True,
8512,,True,
8513,,True,
8514,,True,
8515,,True,
8516,,True,
8517,,True,
8518,,True,
8519,,True,
8520,,True,
8521,,True,
8522,,True,
8523,,True,
8524,,True,
8525,,True,
8526,,True,
8527,,True,
8528,,True,
8529,,True,
8530,,True,
8531,,True,
8532,,True,
8533,,True,
8534,,True,
8535,,True,
8536,,True,
8537,False,True,
8538,,True,
8539,,True,
8540,,True,
8541,,True,
8542,,True,
8543,,True,
8544,,True,
8545,,True,
8546,,True,
8547,,True,
8548,,True,
8549,,True,
8550,,True,
8551,,True,
8552,,True,
8553,,True,
8554,,True,
8556,,True,
8557,,True,
8558,,True,
8559,,True,
8560,,True,
8561,,True,
8562,,True,
8563,,True,
8564,,True,
8565,,True,
8566,,True,
8567,,True,
8568,,True,
8569,False,True,
8570,,True,
8572,,True,
8573,,True,
8577,,True,
8578,,True,
8579,,True,
8581,,True,
8582,,True,
8583,,True,
8584,,True,
8585,,True,
8586,,True,
8588,,True,
8589,,True,
8590,,True,
8591,,True,
8592,,True,
8593,False,True,
8594,,True,
8595,,True,
8596,,True,
8597,,True,
8598,,True,
8599,,True,
8600,False,True,
8601,,True,
8603,,True,
8605,,True,
8606,,True,
8607,,True,
8609,,True,
8612,,True,
8613,,True,
8614,,True,
8615,,True,
8616,,True,
8617,,True,
8618,,True,
8619,,True,
8620,,True,
8621,,True,
8622,,True,
8623,,True,
8624,,True,
8625,False,True,
8627,,True,
8628,,True,
8629,,True,
8630,,True,
8631,,True,
8632,,True,
8633,,True,
8634,,True,
8635,,True,
8636,,True,
8637,,True,
8638,,True,
8639,,True,
8640,,True,
8641,,True,
8643,,True,
8644,,True,
8645,False,True,
8646,,True,
8647,,True,
8648,True,False,
8649,,True,
8651,,True,
8652,,True,
8653,,True,
8654,,True,
8655,,True,
8656,,True,
8657,,True,
8658,,True,
8659,,True,
8660,,True,
8663,,True,
8664,,True,
8665,,True,
8666,,True,
8667,,True,
8668,,True,
8669,,True,
8670,,True,
8671,,True,
8672,,True,
8673,,True,
8674,,True,
8675,,True,
8676,,True,
8678,,True,
8679,,True,
8680,,True,
8681,,True,
8682,,True,
8683,,True,
8684,,True,
8685,,True,
8686,,True,
8687,,True,
8688,,True,
8689,,True,
8690,,True,
8691,,True,
8692,,True,
8693,,True,
8694,,True,
8696,,True,
8697,,True,
8698,,True,
8699,,True,
8700,,True,
8701,,True,
8702,,True,
8704,,True,
8705,,True,
8706,,True,
8707,,True,
8708,,True,
8709,,True,
8710,,True,
8711,,True,
8712,,True,
8713,,True,
8715,,True,
8716,,True,
8717,,True,
8718,,True,
8719,,True,
8720,,True,
8721,,True,
8722,,True,
8725,,True,
8726,,True,
8727,,True,
8728,,True,
8730,,True,
8731,,True,
8732,,True,
8733,,True,
8734,,True,
8735,,True,
8736,,True,
8737,,True,
8738,,True,
8739,,True,
8741,,True,
8742,,True,
8743,,True,
8744,,True,
8745,,True,
8746,,True,
8748,,True,
8749,,True,
8750,,True,
8751,,True,
8752,,True,
8753,,True,
8754,,True,
8755,,True,
8756,,True,
8757,,True,
8758,,True,
8759,,True,
8760,,True,
8761,,True,
8762,,True,
8763,,True,
8764,,True,
8765,,True,
8766,,True,
8767,,True,
8768,True,False,
8770,,True,
8771,,True,
8772,,True,
8773,,True,
8774,,True,
8775,,True,
8776,,True,
8777,,True,
8778,False,True,
8779,,True,
8780,,True,
8781,,True,
8782,,True,
8783,,True,
8784,,True,
8785,,True,
8786,,True,
8787,,True,
8788,,True,
8790,,True,
8792,,True,
8793,,True,
8794,,True,
8797,,True,
8798,,True,
8799,,True,
8800,,True,
8801,,True,
8805,,True,
8806,,True,
8807,,True,
8808,,True,
8809,,True,
8810,,True,
8811,,True,
8812,,True,
8813,,True,
8814,,True,
8815,,True,
8816,,True,
8817,,True,
8819,,True,
8820,,True,
8821,False,True,
8822,,True,
8823,,True,
8824,,True,
8825,,True,
8826,,True,
8827,,True,
8828,,True,
8829,False,True,
8830,,True,
8831,,True,
8832,,True,
8833,,True,
8834,,True,
8835,,True,
8836,,True,
8837,,True,
8839,,True,
8840,,True,
8841,,True,
8845,,True,
8846,,True,
8847,,True,
8848,,True,
8849,,True,
8850,False,True,
8851,,True,
8852,,True,
8853,,True,
8854,,True,
8855,,True,
8856,,True,
8857,,True,
8858,,True,
8859,,True,
8860,,True,
8862,,True,
8863,,True,
8864,,True,
8865,,True,
8866,,True,
8867,,True,
8869,,True,
8870,,True,
8871,,True,
8872,,True,
8873,,True,
8875,,True,
8876,,True,
8878,,True,
8879,,True,
8880,,True,
8881,,True,
8882,True,False,
8883,,True,
8884,,True,
8885,,True,
8887,,True,
8890,,True,
8891,,True,
8892,,True,
8893,,True,
8894,,True,
8896,,True,
8899,,True,
8900,,True,
8901,,True,
8902,,True,
8904,,True,
8905,,True,
8906,,True,
8907,,True,
8910,,True,
8911,,True,
8913,,True,
8915,,True,
8917,,True,
8918,,True,
8919,,True,
8920,,True,
8921,,True,
8922,,True,
8923,,True,
8925,,True,
8928,,True,
8930,,True,
8932,,True,
8933,,True,
8935,,True,
8936,,True,
8937,,True,
8939,,True,
8940,,True,
8941,,True,
8942,,True,
8943,,True,
8944,,True,
8945,,True,
8946,,True,
8947,,True,
8950,,True,
8951,,True,
8952,,True,
8953,,True,
8955,,True,
8957,,True,
8959,,True,
8961,,True,
8962,,True,
8964,,True,
8965,,True,
8966,,True,
8967,,True,
8968,False,True,
8969,,True,
8970,,True,
8971,,True,
8972,,True,
8973,,True,
8974,,True,
8975,,True,
8976,,True,
8977,,True,
8978,,True,
8979,,True,
8980,,True,
8981,,True,
8982,,True,
8983,,True,
8984,,True,
8985,,True,
8986,,True,
8987,,True,
8988,False,True,
8990,,True,
8991,,True,
8992,,True,
8993,,True,
8994,,True,
8995,,True,
8996,,True,
8997,,True,
8998,,True,
8999,,True,
9000,,True,
9001,,True,
9003,,True,
9004,,True,
9005,,True,
9007,,True,
9008,,True,
9009,,True,
9010,,True,
9011,,True,
9012,,True,
9013,,True,
9014,,True,
9015,,True,
9016,,True,
9017,,True,
9018,,True,
9019,,True,
9020,,True,
9023,,True,
9024,,True,
9025,,True,
9026,,True,
9027,,True,
9028,,True,
9029,,True,
9030,,True,
9031,False,True,
9032,,True,
9033,,True,
9035,,True,
9036,,True,
9038,,True,
9039,,True,
9040,,True,
9041,,True,
9042,,True,
9043,,True,
9045,,True,
9046,,True,
9047,,True,
9048,,True,
9049,,True,
9050,,True,
9051,,True,
9052,,True,
9053,,True,
9054,,True,
9055,,True,
9056,,True,
9057,,True,
9059,,True,
9060,,True,
9061,,True,
9064,False,True,
9065,,True,
9066,,True,
9068,,True,
9069,,True,
9070,,True,
9072,,True,
9073,,True,
9074,,True,
9075,,True,
9077,,True,
9078,,True,
9079,,True,
9080,,True,
9081,,True,
9083,,True,
9084,,True,
9085,,True,
9086,,True,
9087,False,True,
9088,,True,
9089,,True,
9091,,True,
9092,,True,
9093,,True,
9094,,True,
9095,,True,
9096,,True,
9097,,True,
9098,,True,
9099,,True,
9100,,True,
9101,,True,
9102,,True,
9103,,True,
9104,,True,
9105,,True,
9106,,True,
9107,,True,
9108,,True,
9109,,True,
9111,,True,
9112,,True,
9114,,True,
9115,,True,
9116,,True,
9117,,True,
9118,,True,
9119,,True,
9120,,True,
9121,,True,
9122,,True,
9123,,True,
9124,,True,
9125,,True,
9126,,True,
9127,,True,
9128,,True,
9129,,True,
9150,,True,
9151,,True,
9152,,True,
9153,,True,
9154,,True,
9155,,True,
9156,,True,
9157,,True,
9158,,True,
9159,,True,
9160,,True,
9161,,True,
9162,,True,
9163,,True,
9165,,True,
9166,,True,
9167,,True,
9168,,True,
9169,,True,
9170,,True,
9171,,True,
9172,,True,
9173,,True,
9175,,True,
9176,,True,
9177,,True,
9178,,True,
9179,,True,
9181,,True,
9182,False,True,
9183,,True,
9184,,True,
9186,,True,
9187,,True,
9189,,True,
9190,,True,
9191,,True,
9192,,True,
9194,,True,
9196,,True,
9197,False,True,
9198,,True,
9199,,True,
9200,False,True,
9201,,True,
9202,,True,
9203,,True,
9204,,True,
9205,,True,
9206,,True,
9207,,True,
9208,,True,
9209,,True,
9210,,True,
9211,,True,
9212,,True,
9213,,True,
9214,,True,
9215,,True,
9216,,True,
9217,,True,
9218,,True,
9219,,True,
9221,,True,
9222,,True,
9223,,True,
9224,,True,
9225,,True,
9226,,True,
9227,,True,
9229,,True,
9230,,True,
9231,,True,
9232,,True,
9233,,True,
9234,,True,
9235,,True,
9237,,True,
9238,,True,
9239,False,True,
9240,,True,
9241,,True,
9242,,True,
9243,,True,
9244,,True,
9245,,True,
9246,,True,
9247,,True,
9248,False,True,
9249,,True,
9250,,True,
9251,,True,
9252,,True,
9253,,True,
9254,,True,
9255,,True,
9256,,True,
9257,,True,
9258,,True,
9259,,True,
9260,,True,
9261,,True,
9262,,True,
9263,,True,
9268,,True,
9270,,True,
9271,,True,
9272,,True,
9273,,True,
9274,,True,
9275,,True,
9276,,True,
9277,,True,
9278,,True,
9279,,True,
9280,,True,
9281,,True,
9282,,True,
9283,,True,
9284,,True,
9285,,True,
9286,False,True,
9288,,True,
9289,,True,
9290,,True,
9292,,True,
9293,,True,
9294,,True,
9295,,True,
9296,,True,
9297,,True,
9298,,True,
9300,,True,
9301,,True,
9302,,True,
9304,,True,
9305,,True,
9306,,True,
9307,,True,
9308,,True,
9309,,True,
9310,,True,
9311,,True,
9312,,True,
9313,,True,
9314,,True,
9315,,True,
9316,,True,
9317,,True,
9318,,True,
9319,,True,
9320,,True,
9321,,True,
9322,,True,
9323,,True,
9324,,True,
9325,,True,
9326,,True,
9328,,True,
9331,,True,
9332,,True,
9333,,True,
9334,,True,
9336,,True,
9338,,True,
9339,,True,
9340,,True,
9341,,True,
9342,,True,
9344,,True,
9345,,True,
9346,,True,
9347,,True,
9348,,True,
9349,,True,
9350,,True,
9351,,True,
9352,,True,
9354,,True,
9356,,True,
9357,,True,
9358,,True,
9360,,True,
9361,,True,
9362,,True,
9363,,True,
9364,,True,
9365,,True,
9366,,True,
9367,,True,
9368,,True,
9369,,True,
9370,,True,
9371,,True,
9372,,True,
9373,,True,
9375,,True,
9376,,True,
9377,,True,
9378,,True,
9379,,True,
9380,,True,
9381,,True,
9383,,True,
9384,True,False,
9385,,True,
9386,,True,
9387,,True,
9388,,True,
9389,False,True,
9390,,True,
9393,,True,
9394,,True,
9395,,True,
9396,,True,
9397,,True,
9398,,True,
9400,,True,
9401,,True,
9402,,True,
9403,,True,
9404,,True,
9405,,True,
9406,,True,
9407,,True,
9408,False,True,
9409,,True,
9410,False,True,
9411,,True,
9412,,True,
9413,,True,
9414,,True,
9415,,True,
9417,,True,
9418,,True,
9419,,True,
9420,,True,
9421,,True,
9424,False,True,
9425,,True,
9426,,True,
9428,,True,
9429,,True,
9430,,True,
9431,,True,
9433,,True,
9435,,True,
9436,,True,
9437,,True,
9438,,True,
9439,,True,
9440,,True,
9441,,True,
9442,,True,
9443,False,True,
9444,,True,
9446,,True,
9447,,True,
9448,,True,
9449,,True,
9450,,True,
9451,,True,
9452,,True,
9453,,True,
9454,,True,
9455,,True,
9456,,True,
9457,,True,
9458,,True,
9460,,True,
9462,,True,
9463,,True,
9465,,True,
9466,,True,
9467,,True,
9468,,True,
9469,,True,
9470,,True,
9471,,True,
9472,False,True,
9473,,True,
9474,,True,
9475,,True,
9476,,True,
9477,,True,
9478,,True,
9479,,True,
9480,False,True,
9481,,True,
9482,,True,
9483,,True,
9484,,True,
9485,,True,
9486,,True,
9487,,True,
9488,,True,
9489,,True,
9490,,True,
9491,,True,
9492,,True,
9493,,True,
9494,,True,
9496,False,True,
9497,False,True,
9498,,True,
9499,,True,
9500,,True,
9501,,True,
9503,,True,
9504,,True,
9505,,True,
9506,,True,
9507,,True,
9508,,True,
9509,,True,
9510,,True,
9511,,True,
9512,,True,
9513,,True,
9514,,True,
9515,,True,
9516,,True,
9517,,True,
9518,,True,
9521,,True,
9523,,True,
9524,False,True,
9526,,True,
9527,,True,
9528,,True,
9529,,True,
9530,,True,
9531,,True,
9532,,True,
9533,,True,
9534,,True,
9535,,True,
9536,,True,
9537,,True,
9538,,True,
9539,,True,
9540,,True,
9541,,True,
9542,,True,
9543,,True,
9544,,True,
9545,,True,
9546,,True,
9547,,True,
9548,,True,
9549,,True,
9550,,True,
9551,,True,
9552,,True,
9553,,True,
9554,,True,
9555,,True,
9556,,True,
9557,,True,
9558,,True,
9560,,True,
9561,,True,
9563,,True,
9564,,True,
9565,,True,
9566,,True,
9567,,True,
9568,,True,
9569,False,True,
9570,,True,
9571,,True,
9572,,True,
9573,,True,
9574,,True,
9575,,True,
9576,,True,
9577,,True,
9578,,True,
9579,,True,
9580,,True,
9581,,True,
9582,,True,
9583,,True,
9585,,True,
9586,,True,
9588,,True,
9589,,True,
9590,,True,
9591,,True,
9592,,True,
9593,,True,
9594,,True,
9596,,True,
9597,,True,
9599,,True,
9600,,True,
9601,,True,
9602,,True,
9603,,True,
9604,,True,
9605,,True,
9608,,True,
9610,,True,
9612,,True,
9613,,True,
9615,,True,
9616,,True,
9619,,True,
9620,False,True,
9621,,True,
9622,,True,
9623,,True,
9624,,True,
9625,,True,
9626,,True,
9627,,True,
9628,,True,
9629,,True,
9630,,True,
9631,,True,
9632,,True,
9633,,True,
9634,,True,
9635,True,False,
9636,,True,
9637,,True,
9638,,True,
9639,,True,
9640,,True,
9641,,True,
9642,,True,
9643,,True,
9644,,True,
9645,,True,
9646,,True,
9647,,True,
9648,,True,
9650,,True,
9651,,True,
9652,,True,
9653,,True,
9654,,True,
9655,,True,
9656,,True,
9657,,True,
9658,,True,
9659,,True,
9660,,True,
9661,,True,
9662,False,True,
9663,,True,
9664,,True,
9665,,True,
9666,,True,
9667,,True,
9668,,True,
9669,,True,
9670,,True,
9671,,True,
9672,,True,
9673,,True,
9674,,True,
9675,,True,
9676,,True,
9678,,True,
9680,,True,
9681,,True,
9682,,True,
9683,,True,
9684,,True,
9685,,True,
9686,,True,
9687,,True,
9689,,True,
9690,,True,
9691,,True,
9692,,True,
9693,,True,
9694,False,True,
9695,,True,
9696,,True,
9697,,True,
9698,,True,
9699,,True,
9700,,True,
9701,,True,
9702,,True,
9703,,True,
9704,,True,
9705,,True,
9706,,True,
9707,,True,
9708,,True,
9709,,True,
9710,,True,
9711,,True,
9712,,True,
9713,,True,
9714,,True,
9715,,True,
9716,,True,
9718,,True,
9719,,True,
9720,,True,
9722,,True,
9723,,True,
9724,,True,
9725,,True,
9726,,True,
9727,False,True,
9728,False,True,
9729,,True,
9730,,True,
9731,,True,
9732,,True,
9733,,True,
9734,,True,
9735,,True,
9736,,True,
9737,,True,
9738,,True,
9739,,True,
9740,,True,
9741,,True,
9742,,True,
9743,,True,
9744,,True,
9745,,True,
9746,,True,
9747,,True,
9748,,True,
9749,,True,
9750,,True,
9752,,True,
9753,,True,
9754,,True,
9755,,True,
9756,,True,
9757,,True,
9758,,True,
9760,,True,
9761,,True,
9763,,True,
9764,,True,
9765,,True,
9767,,True,
9768,,True,
9769,,True,
9770,,True,
9771,,True,
9772,,True,
9773,,True,
9774,,True,
9775,,True,
9776,,True,
9778,,True,
9779,,True,
9780,,True,
9781,,True,
9782,,True,
9783,,True,
9784,,True,
9785,,True,
9786,True,False,
9788,,True,
9789,,True,
9790,,True,
9791,,True,
9792,,True,
9793,,True,
9794,,True,
9795,,True,
9796,,True,
9797,,True,
9798,,True,
9799,,True,
9800,,True,
9801,,True,
9802,,True,
9803,,True,
9804,,True,
9805,,True,
9806,,True,
9807,,True,
9808,,True,
9809,,True,
9810,,True,
9811,,True,
9813,,True,
9814,,True,
9815,,True,
9816,,True,
9817,,True,
9818,,True,
9819,,True,
9820,,True,
9821,,True,
9822,,True,
9824,,True,
9825,,True,
9826,,True,
9827,,True,
9828,,True,
9829,,True,
9830,,True,
9831,,True,
9832,,True,
9833,,True,
9834,,True,
9835,,True,
9836,,True,
9837,,True,
9838,,True,
9839,,True,
9840,,True,
9841,,True,
9842,,True,
9843,,True,
9844,,True,
9845,,True,
9846,,True,
9847,,True,
9848,,True,
9849,,True,
9850,,True,
9851,,True,
9852,,True,
9853,,True,
9854,,True,
9855,,True,
9856,,True,
9857,,True,
9858,,True,
9859,,True,
9860,,True,
9861,,True,
9862,,True,
9863,,True,
9864,,True,
9865,,True,
9867,,True,
9868,,True,
9869,,True,
9873,,True,
9876,,True,
9877,,True,
9878,,True,
9879,,True,
9880,,True,
9881,,True,
9882,,True,
9883,,True,
9885,,True,
9886,,True,
9887,,True,
9888,,True,
9889,,True,
9891,,True,
9892,,True,
9893,,True,
9895,,True,
9896,,True,
9898,,True,
9899,,True,
9900,False,True,
9901,,True,
9902,,True,
9903,,True,
9904,,True,
9905,,True,
9906,,True,
9907,,True,
9908,,True,
9909,,True,
9910,,True,
9911,,True,
9912,,True,
9913,,True,
9914,,True,
9915,,True,
9917,,True,
9918,,True,
9919,,True,
9920,,True,
9921,,True,
9922,,True,
9924,,True,
9925,,True,
9926,,True,
9928,,True,
9929,False,True,
9930,,True,
9931,,True,
9932,,True,
9933,,True,
9934,,True,
9936,,True,
9938,,True,
9939,,True,
9940,,True,
9941,,True,
9942,,True,
9945,,True,
9946,False,True,
9947,,True,
9948,,True,
9949,,True,
9950,,True,
9951,,True,
9952,,True,
9953,,True,
9956,,True,
9957,,True,
9958,,True,
9959,,True,
9961,,True,
9962,,True,
9963,,True,
9964,,True,
9965,,True,
9966,,True,
9967,,True,
9968,,True,
9969,,True,
9970,,True,
9971,,True,
9972,,True,
9973,,True,
9974,,True,
9975,,True,
9976,,True,
9977,,True,
9978,,True,
9979,,True,
9980,,True,
9981,,True,
9982,,True,
9983,,True,
9984,,True,
9985,,True,
9986,,True,
9987,False,True,
9988,,True,
9989,,True,
9990,,True,
9991,,True,
9992,,True,
9993,,True,
9994,,True,
9995,,True,
9996,,True,
9997,,True,
9998,,True,
10000,,True,
10001,,True,
10002,,True,
10003,,True,
10004,,True,
10005,,True,
10006,,True,
10007,,True,
10008,,True,
10009,,True,
10010,,True,
10011,,True,
10012,,True,
10013,,True,
10014,,True,
10015,,True,
10016,,True,
10017,,True,
10018,,True,
10019,,True,
10020,,True,
10021,,True,
10022,,True,
10023,,True,
10024,,True,
10025,,True,
10026,,True,
10027,,True,
10028,,True,
10029,,True,
10030,,True,
10031,,True,
10032,,True,
10033,,True,
10034,,True,
10035,,True,
10036,,True,
10037,,True,
10038,,True,
10039,,True,
10040,,True,
10041,,True,
10042,,True,
10046,,True,
10047,,True,
10048,,True,
10050,,True,
10051,,True,
10052,,True,
10053,,True,
10054,,True,
10055,,True,
10057,,True,
10058,,True,
10060,,True,
10061,,True,
10062,,True,
10063,,True,
10064,,True,
10065,,True,
10066,,True,
10067,,True,
10070,,True,
10071,,True,
10073,,True,
10074,,True,
10075,False,True,
10077,,True,
10078,,True,
10079,,True,
10080,,True,
10081,,True,
10082,,True,
10083,,True,
10084,,True,
10085,,True,
10086,,True,
10088,,True,
10089,,True,
10090,,True,
10091,,True,
10092,,True,
10093,,True,
10094,,True,
10095,,True,
10096,,True,
10097,,True,
10098,False,True,
10099,,True,
10100,,True,
10101,,True,
10102,,True,
10103,,True,
10104,False,True,
10105,,True,
10106,,True,
10107,,True,
10108,,True,
10109,,True,
10110,,True,
10111,,True,
10112,,True,
10113,,True,
10114,,True,
10115,,True,
10116,,True,
10117,,True,
10118,,True,
10119,False,True,
10120,False,True,
10121,,True,
10122,,True,
10123,,True,
10124,,True,
10125,,True,
10126,,True,
10127,,True,
10128,,True,
10129,,True,
10136,,True,
10137,,True,
10138,,True,
10139,,True,
10140,,True,
10141,,True,
10143,,True,
10144,,True,
10145,,True,
10146,,True,
10148,,True,
10149,,True,
10150,,True,
10151,,True,
10152,,True,
10153,,True,
10155,,True,
10157,,True,
10158,,True,
10159,,True,
10160,,True,
10162,,True,
10163,,True,
10164,,True,
10165,,True,
10166,,True,
10167,,True,
10168,,True,
10169,,True,
10170,,True,
10171,,True,
10172,,True,
10174,,True,
10175,,True,
10176,,True,
10177,,True,
10178,,True,
10180,,True,
10181,,True,
10183,,True,
10184,,True,
10185,,True,
10186,,True,
10187,,True,
10188,,True,
10189,,True,
10190,,True,
10191,,True,
10192,,True,
10193,,True,
10194,,True,
10195,,True,
10196,,True,
10197,,True,
10198,,True,
10199,False,True,
10200,,True,
10201,,True,
10202,,True,
10203,,True,
10204,,True,
10205,,True,
10206,,True,
10207,,True,
10208,False,True,
10210,,True,
10211,,True,
10212,,True,
10213,,True,
10214,,True,
10215,,True,
10216,,True,
10217,,True,
10218,,True,
10220,,True,
10221,,True,
10222,,True,
10223,,True,
10224,,True,
10225,,True,
10226,,True,
10228,,True,
10229,,True,
10230,,True,
10231,,True,
10232,,True,
10233,,True,
10234,,True,
10235,,True,
10236,,True,
10237,,True,
10238,,True,
10239,,True,
10240,,True,
10241,,True,
10242,,True,
10243,,True,
10244,,True,
10245,,True,
10247,,True,
10248,,True,
10249,,True,
10250,,True,
10251,,True,
10252,,True,
10253,,True,
10254,,True,
10255,,True,
10256,,True,
10257,,True,
10258,,True,
10259,,True,
10260,,True,
10261,,True,
10263,,True,
10264,,True,
10265,,True,
10266,,True,
10267,,True,
10268,,True,
10269,,True,
10270,,True,
10272,,True,
10273,,True,
10274,,True,
10275,,True,
10276,,True,
10278,,True,
10279,,True,
10280,,True,
10281,,True,
10282,,True,
10283,,True,
10284,,True,
10286,,True,
10287,,True,
10288,,True,
10289,,True,
10290,,True,
10292,,True,
10294,,True,
10295,,True,
10296,,True,
10297,,True,
10298,,True,
10299,,True,
10300,,True,
10301,,True,
10302,,True,
10304,,True,
10306,,True,
10307,,True,
10308,,True,
10309,,True,
10310,,True,
10312,,True,
10313,,True,
10314,,True,
10315,,True,
10317,,True,
10318,,True,
10319,,True,
10320,,True,
10322,,True,
10323,,True,
10324,,True,
10325,,True,
10326,,True,
10327,,True,
10328,,True,
10329,,True,
10330,,True,
10331,,True,
10332,,True,
10333,,True,
10334,,True,
10335,,True,
10336,,True,
10337,,True,
10338,,True,
10341,,True,
10342,False,True,
10343,,True,
10344,,True,
10345,,True,
10346,,True,
10348,,True,
10349,,True,
10350,,True,
10351,,True,
10352,,True,
10353,,True,
10354,,True,
10355,,True,
10356,,True,
10357,,True,
10358,,True,
10359,,True,
10360,,True,
10361,,True,
10362,,True,
10363,,True,
10364,,True,
10365,,True,
10366,,True,
10368,,True,
10370,,True,
10372,,True,
10374,,True,
10375,,True,
10376,,True,
10377,,True,
10378,,True,
10379,False,True,
10380,,True,
10381,False,True,
10383,,True,
10384,,True,
10385,,True,
10386,,True,
10391,,True,
10392,,True,
10394,,True,
10395,,True,
10396,,True,
10397,,True,
10399,,True,
10400,,True,
10401,,True,
10402,,True,
10404,,True,
10405,,True,
10406,,True,
10407,,True,
10408,,True,
10410,,True,
10411,,True,
10412,,True,
10413,,True,
10414,,True,
10415,,True,
10416,,True,
10417,,True,
10418,,True,
10420,,True,
10421,,True,
10422,,True,
10423,,True,
10424,,True,
10425,False,True,
10426,,True,
10427,,True,
10428,,True,
10429,,True,
10430,,True,
10431,,True,
10432,,True,
10433,,True,
10434,,True,
10435,,True,
10436,,True,
10437,,True,
10438,,True,
10439,,True,
10440,,True,
10441,,True,
10442,,True,
10443,,True,
10444,,True,
10446,,True,
10447,,True,
10448,,True,
10449,,True,
10450,,True,
10451,,True,
10452,,True,
10453,,True,
10454,,True,
10455,,True,
10458,,True,
10459,,True,
10461,,True,
10462,,True,
10463,,True,
10464,,True,
10465,,True,
10466,,True,
10467,,True,
10468,,True,
10469,,True,
10470,,True,
10473,,True,
10475,,True,
10476,,True,
10477,,True,
10478,,True,
10479,,True,
10480,,True,
10481,,True,
10482,,True,
10484,,True,
10485,,True,
10486,,True,
10487,,True,
10488,,True,
10489,,True,
10490,,True,
10491,,True,
10492,,True,
10493,,True,
10494,,True,
10495,,True,
10496,,True,
10497,,True,
10498,,True,
10499,,True,
10500,,True,
10501,,True,
10502,,True,
10503,False,True,
10504,,True,
10520,,True,
10523,,True,
10525,False,True,
10526,,True,
10527,,True,
10528,,True,
10529,,True,
10530,,True,
10531,,True,
10534,,True,
10535,,True,
10536,,True,
10537,,True,
10539,,True,
10541,,True,
10542,,True,
10543,,True,
10544,,True,
10545,,True,
10546,,True,
10547,,True,
10549,,True,
10551,False,True,
10553,,True,
10554,,True,
10555,,True,
10556,,True,
10557,,True,
10558,,True,
10559,,True,
10560,,True,
10561,,True,
10564,,True,
10565,,True,
10566,,True,
10567,,True,
10568,,True,
10569,,True,
10570,,True,
10571,,True,
10572,,True,
10573,,True,
10574,,True,
10576,,True,
10577,,True,
10578,,True,
10579,,True,
10580,,True,
10581,,True,
10583,,True,
10584,,True,
10585,,True,
10586,,True,
10587,,True,
10588,,True,
10589,,True,
10590,,True,
10591,,True,
10592,,True,
10593,False,True,
10594,,True,
10595,False,True,
10596,,True,
10597,,True,
10598,,True,
10599,,True,
10600,,True,
10601,,True,
10602,,True,
10603,,True,
10604,,True,
10605,,True,
10606,True,False,
10607,False,True,
10608,,True,
10609,,True,
10610,,True,
10611,,True,
10612,,True,
10613,,True,
10614,,True,
10615,,True,
10616,,True,
10618,,True,
10619,,True,
10621,,True,
10622,,True,
10623,,True,
10624,,True,
10625,,True,
10626,,True,
10628,,True,
10629,,True,
10630,False,True,
10631,False,True,
10632,,True,
10633,,True,
10634,,True,
10635,,True,
10636,,True,
10637,,True,
10638,,True,
10639,False,True,
10640,,True,
10641,,True,
10642,False,True,
10643,,True,
10644,,True,
10645,,True,
10646,,True,
10648,,True,
10649,,True,
10650,,True,
10651,,True,
10652,,True,
10653,,True,
10654,False,True,
10655,,True,
10656,,True,
10657,,True,
10658,,True,
10659,,True,
10660,,True,
10661,,True,
10662,,True,
10663,,True,
10664,,True,
10665,,True,
10666,,True,
10667,,True,
10669,,True,
10670,False,True,
10673,,True,
10676,,True,
10677,,True,
10678,,True,
10679,,True,
10680,,True,
10681,,True,
10682,,True,
10683,,True,
10684,,True,
10686,,True,
10687,,True,
10688,,True,
10689,,True,
10690,,True,
10691,,True,
10692,,True,
10693,,True,
10694,,True,
10695,,True,
10696,,True,
10697,,True,
10699,,True,
10701,,True,
10702,,True,
10703,,True,
10705,,True,
10706,,True,
10707,,True,
10708,,True,
10710,,True,
10711,,True,
10713,,True,
10714,,True,
10715,,True,
10716,,True,
10718,,True,
10720,,True,
10721,False,True,
10722,,True,
10723,False,True,
10724,,True,
10726,,True,
10727,,True,
10728,,True,
10730,,True,
10731,False,True,
10732,False,True,
10733,,True,
10734,,True,
10735,,True,
10736,,True,
10737,,True,
10738,,True,
10739,,True,
10740,,True,
10741,,True,
10742,,True,
10743,,True,
10744,,True,
10745,,True,
10746,,True,
10748,,True,
10749,,True,
10750,,True,
10751,,True,
10753,,True,
10754,,True,
10755,,True,
10756,,True,
10757,,True,
10758,,True,
10759,,True,
10760,,True,
10761,,True,
10762,,True,
10763,,True,
10764,,True,
10765,,True,
10766,,True,
10768,False,True,
10769,,True,
10770,,True,
10771,,True,
10772,,True,
10773,,True,
10774,,True,
10775,,True,
10776,,True,
10777,False,True,
10778,,True,
10779,,True,
10781,,True,
10782,,True,
10783,,True,
10784,,True,
10785,,True,
10787,,True,
10788,,True,
10789,,True,
10790,,True,
10791,,True,
10792,,True,
10793,,True,
10794,,True,
10795,,True,
10796,,True,
10797,,True,
10798,,True,
10801,,True,
10802,,True,
10803,,True,
10804,,True,
10805,,True,
10806,,True,
10808,,True,
10809,,True,
10810,,True,
10811,,True,
10812,,True,
10813,False,True,
10814,,True,
10815,,True,
10817,,True,
10818,,True,
10820,,True,
10821,,True,
10822,,True,
10823,,True,
10824,False,True,
10825,,True,
10826,,True,
10827,,True,
10828,,True,
10829,,True,
10830,,True,
10831,,True,
10832,,True,
10833,,True,
10834,,True,
10835,,True,
10836,,True,
10837,,True,
10838,,True,
10839,,True,
10841,,True,
10842,,True,
10843,,True,
10844,,True,
10845,,True,
10846,,True,
10847,,True,
10848,,True,
10849,,True,
10850,,True,
10851,,True,
10852,,True,
10853,False,True,
10854,,True,
10855,,True,
10856,,True,
10859,,True,
10860,,True,
10861,,True,
10862,,True,
10863,,True,
10865,,True,
10866,,True,
10867,False,True,
10868,,True,
10869,,True,
10870,,True,
10871,,True,
10873,False,True,
10874,,True,
10875,,True,
10876,,True,
10877,,True,
10878,,True,
10879,,True,
10880,,True,
10882,,True,
10883,,True,
10884,,True,
10885,,True,
10886,,True,
10887,,True,
10888,,True,
10889,,True,
10890,,True,
10891,,True,
10892,,True,
10893,,True,
10894,,True,
10895,,True,
10896,,True,
10898,,True,
10899,,True,
10900,,True,
10901,,True,
10902,,True,
10903,,True,
10904,,True,
10905,,True,
10906,,True,
10907,,True,
10909,,True,
10910,,True,
10911,,True,
10912,,True,
10913,,True,
10916,,True,
10917,,True,
10918,,True,
10920,,True,
10921,,True,
10922,,True,
10924,,True,
10925,,True,
10926,,True,
10928,,True,
10929,,True,
10930,,True,
10931,,True,
10932,,True,
10933,,True,
10934,,True,
10935,,True,
10936,,True,
10937,,True,
10939,,True,
10940,,True,
10941,,True,
10943,,True,
10944,,True,
10945,,True,
10947,,True,
10948,,True,
10949,,True,
10951,,True,
10954,,True,
10956,,True,
10957,,True,
10958,False,True,
10959,,True,
10960,,True,
10961,,True,
10962,,True,
10963,,True,
10964,,True,
10965,,True,
10966,,True,
10969,,True,
10970,,True,
10971,,True,
10973,,True,
10974,,True,
10975,,True,
10976,False,True,
10977,,True,
10980,,True,
10981,,True,
10982,,True,
10983,,True,
10984,,True,
10986,,True,
10987,False,True,
10988,,True,
10990,,True,
10991,False,True,
10992,,True,
10993,,True,
10994,False,True,
10996,,True,
11000,,True,
11001,,True,
11002,,True,
11003,,True,
11004,,True,
11005,,True,
11006,,True,
11008,,True,
11009,False,True,
11010,,True,
11012,False,True,
11015,,True,
11016,,True,
11019,,True,
11020,,True,
11021,,True,
11022,,True,
11025,,True,
11026,False,True,
11027,,True,
11028,,True,
11029,,True,
11030,,True,
11031,,True,
11033,,True,
11034,,True,
11035,,True,
11036,,True,
11038,,True,
11039,,True,
11040,,True,
11041,,True,
11042,,True,
11045,,True,
11046,,True,
11047,,True,
11048,,True,
11050,,True,
11051,,True,
11052,,True,
11053,,True,
11055,,True,
11056,,True,
11057,,True,
11058,,True,
11059,,True,
11060,,True,
11061,,True,
11062,,True,
11063,,True,
11064,,True,
11065,,True,
11066,,True,
11067,,True,
11068,,True,
11070,,True,
11072,,True,
11073,,True,
11074,,True,
11075,,True,
11076,,True,
11077,,True,
11078,,True,
11079,False,True,
11080,,True,
11082,,True,
11083,,True,
11084,,True,
11085,,True,
11086,,True,
11087,,True,
11088,,True,
11089,,True,
11090,,True,
11091,,True,
11093,,True,
11094,,True,
11095,,True,
11096,,True,
11097,,True,
11098,,True,
11099,,True,
11100,,True,
11101,,True,
11102,,True,
11103,,True,
11104,,True,
11105,False,True,
11108,,True,
11109,,True,
11110,,True,
11111,,True,
11112,,True,
11115,False,True,
11117,,True,
11118,,True,
11119,,True,
11120,,True,
11121,,True,
11122,,True,
11123,,True,
11124,,True,
11125,,True,
11126,,True,
11128,,True,
11129,,True,
11130,,True,
11132,,True,
11133,,True,
11134,,True,
11135,,True,
11136,,True,
11139,,True,
11141,,True,
11142,,True,
11143,,True,
11144,,True,
11145,,True,
11146,,True,
11147,,True,
11148,,True,
11149,,True,
11150,,True,
11151,,True,
11152,,True,
11153,,True,
11154,,True,
11155,,True,
11156,,True,
11158,,True,
11159,,True,
11160,,True,
11161,,True,
11162,,True,
11163,,True,
11164,False,False,
11165,,True,
11166,,True,
11168,,True,
11170,,True,
11171,,True,
11173,,True,
11174,,True,
11176,,True,
11179,,True,
11180,,True,
11181,,True,
11183,,True,
11184,,True,
11185,,True,
11186,,True,
11187,,True,
11188,,True,
11190,,True,
11192,,True,
11193,,True,
11195,,True,
11197,,True,
11198,,True,
11199,,True,
11200,,True,
11202,,True,
11203,,True,
11204,,True,
11205,,True,
11206,,True,
11207,,True,
11208,,True,
11209,,True,
11210,,True,
11211,,True,
11212,,True,
11213,,True,
11214,,True,
11216,,True,
11217,,True,
11218,,True,
11219,,True,
11220,,True,
11221,,True,
11222,,True,
11223,,True,
11224,,True,
11225,,True,
11226,,True,
11229,,True,
11230,,True,
11231,,True,
11232,,True,
11233,,True,
11236,,True,
11237,,True,
11238,,True,
11240,,True,
11242,,True,
11244,,True,
11245,,True,
11246,,True,
11247,,True,
11248,,True,
11249,,True,
11251,,True,
11252,,True,
11253,,True,
11254,,True,
11256,,True,
11257,False,True,
11258,,True,
11259,,True,
11260,,True,
11261,,True,
11262,,True,
11263,,True,
11264,,True,
11265,,True,
11266,,True,
11267,,True,
11268,,True,
11269,,True,
11273,,True,
11274,,True,
11275,,True,
11277,,True,
11278,,True,
11279,,True,
11280,,True,
11281,,True,
11282,,True,
11284,,True,
11286,False,True,
11287,,True,
11289,,True,
11290,,True,
11292,,True,
11293,,True,
11294,,True,
11295,,True,
11296,,True,
11297,True,False,
11298,,True,
11302,,True,
11303,,True,
11304,,True,
11305,,True,
11306,,True,
11307,,True,
11308,,True,
11309,,True,
11310,,True,
11311,,True,
11313,,True,
11315,,True,
11316,,True,
11317,,True,
11318,,True,
11320,,True,
11321,,True,
11322,False,True,
11323,,True,
11325,,True,
11326,,True,
11327,,True,
11328,,True,
11329,,True,
11330,,True,
11331,True,False,
11332,,True,
11333,,True,
11334,,True,
11335,,True,
11336,,True,
11338,,True,
11339,,True,
11340,,True,
11341,,True,
11342,,True,
11343,,True,
11344,,True,
11345,,True,
11346,,True,
11347,,True,
11348,,True,
11349,,True,
11350,,True,
11351,,True,
11352,,True,
11353,,True,
11354,,True,
11356,,True,
11357,,True,
11358,False,True,
11359,False,True,
11360,,True,
11361,,True,
11362,,True,
11363,,True,
11364,,True,
11367,,True,
11368,,True,
11369,,True,
11370,,True,
11371,,True,
11372,,True,
11373,,True,
11375,,True,
11376,,True,
11377,,True,
11379,False,True,
11381,,True,
11382,,True,
11383,,True,
11385,,True,
11386,,True,
11387,,True,
11388,,True,
11389,,True,
11390,,True,
11391,,True,
11392,,True,
11393,,True,
11394,,True,
11396,,True,
11398,,True,
11399,,True,
11400,,True,
11401,,True,
11402,,True,
11403,,True,
11404,,True,
11405,,True,
11406,,True,
11407,,True,
11408,,True,
11409,,True,
11410,,True,
11412,,True,
11413,,True,
11415,,True,
11416,,True,
11417,,True,
11418,,True,
11419,,True,
11420,,True,
11421,,True,
11422,,True,
11423,,True,
11424,,True,
11425,,True,
11426,,True,
11427,,True,
11428,,True,
11430,,True,
11431,,True,
11432,,True,
11433,,True,
11434,,True,
11435,,True,
11436,,True,
11437,,True,
11439,,True,
11441,,True,
11442,,True,
11443,,True,
11445,,True,
11446,,True,
11447,,True,
11448,,True,
11450,,True,
11453,,True,
11454,,True,
11456,,True,
11458,,True,
11459,,True,
11460,,True,
11461,,True,
11462,,True,
11463,,True,
11465,,True,
11466,,True,
11467,,True,
11468,,True,
11469,,True,
11471,,True,
11472,,True,
11473,,True,
11474,,True,
11475,,True,
11476,,True,
11477,,True,
11478,,True,
11479,,True,
11480,,True,
11481,,True,
11482,False,True,
11484,,True,
11485,,True,
11486,,True,
11487,,True,
11488,,True,
11489,,True,
11492,,True,
11493,,True,
11494,,True,
11495,,True,
11497,,True,
11500,,True,
11501,,True,
11502,False,True,
11503,,True,
11504,,True,
11505,,True,
11506,,True,
11507,,True,
11509,,True,
11510,,True,
11511,,True,
11512,,True,
11513,,True,
11515,,True,
11516,,True,
11517,,True,
11518,,True,
11520,,True,
11521,,True,
11522,,True,
11523,False,True,
11524,,True,
11525,,True,
11527,,True,
11528,,True,
11529,,True,
11530,,True,
11531,,True,
11532,,True,
11534,,True,
11535,,True,
11536,,True,
11537,,True,
11538,,True,
11539,,True,
11540,,True,
11541,,True,
11543,,True,
11544,,True,
11545,,True,
11547,,True,
11548,,True,
11549,,True,
11551,,True,
11552,,True,
11553,,True,
11554,,True,
11555,,True,
11556,,True,
11557,,True,
11558,,True,
11559,,True,
11560,,True,
11561,,True,
11562,,True,
11563,,True,
11565,,True,
11566,,True,
11568,,True,
11569,,True,
11571,,True,
11573,,True,
11575,,True,
11576,,True,
11577,,True,
11578,False,True,
11579,,True,
11580,,True,
11581,,True,
11582,,True,
11584,,True,
11585,,True,
11586,,True,
11588,,True,
11589,,True,
11591,,True,
11592,,True,
11593,,True,
11594,,True,
11595,,True,
11596,,True,
11597,,True,
11598,,True,
11600,,True,
11602,,True,
11603,,True,
11604,,True,
11605,,True,
11606,,True,
11607,,True,
11608,,True,
11609,,True,
11611,,True,
11612,,True,
11614,,True,
11615,False,True,
11616,,True,
11617,,True,
11618,,True,
11619,,True,
11620,,True,
11621,,True,
11622,,True,
11623,,True,
11624,,True,
11625,,True,
11626,,True,
11627,,True,
11628,,True,
11630,,True,
11632,,True,
11635,,True,
11636,,True,
11637,,True,
11638,,True,
11639,,True,
11640,,True,
11642,,True,
11643,,True,
11644,,True,
11646,,True,
11647,,True,
11648,,True,
11649,,True,
11650,,True,
11651,,True,
11653,,True,
11654,,True,
11656,,True,
11657,,True,
11658,,True,
11659,,True,
11660,,True,
11661,,True,
11662,,True,
11663,,True,
11664,,True,
11665,,True,
11666,,True,
11668,,True,
11670,,True,
11671,,True,
11672,,True,
11674,,True,
11675,,True,
11676,,True,
11677,,True,
11678,,True,
11679,,True,
11680,,True,
11681,,True,
11682,,True,
11685,,True,
11686,,True,
11687,,True,
11688,,True,
11689,,True,
11690,,True,
11691,,True,
11692,,True,
11693,,True,
11694,,True,
11695,,True,
11696,,True,
11698,,True,
11699,,True,
11700,,True,
11702,,True,
11704,,True,
11705,,True,
11707,True,False,
11708,,True,
11709,,True,
11710,,True,
11711,,True,
11712,,True,
11714,,True,
11715,,True,
11716,,True,
11717,,True,
11718,,True,
11719,,True,
11720,,True,
11721,,True,
11722,,True,
11723,,True,
11724,,True,
11725,,True,
11726,,True,
11727,,True,
11728,,True,
11730,,True,
11732,,True,
11733,,True,
11734,,True,
11736,,True,
11738,,True,
11740,,True,
11742,,True,
11743,,True,
11744,,True,
11745,,True,
11746,,True,
11747,,True,
11749,,True,
11750,,True,
11751,,True,
11752,,True,
11753,,True,
11754,,True,
11755,,True,
11756,,True,
11757,True,False,
11758,,True,
11759,,True,
11760,,True,
11761,,True,
11762,,True,
11763,,True,
11764,,True,
11765,,True,
11766,,True,
11767,,True,
11768,,True,
11770,,True,
11771,,True,
11772,,True,
11774,,True,
11775,,True,
11776,,True,
11777,,True,
11778,,True,
11779,,True,
11780,,True,
11781,,True,
11782,,True,
11783,,True,
11784,,True,
11785,,True,
11786,,True,
11787,,True,
11788,,True,
11789,,True,
11790,,True,
11791,,True,
11792,,True,
11793,,True,
11794,,True,
11795,,True,
11797,,True,
11799,,True,
11800,,True,
11802,,True,
11803,,True,
11804,,True,
11805,,True,
11806,,True,
11807,,True,
11808,,True,
11809,,True,
11810,,True,
11811,,True,
11812,,True,
11813,,True,
11814,,True,
11815,,True,
11816,,True,
11817,,True,
11818,,True,
11819,False,True,
11820,,True,
11822,,True,
11823,,True,
11824,,True,
11826,,True,
11828,,True,
11829,,True,
11830,,True,
11831,,True,
11833,,True,
11835,,True,
11836,False,True,
11837,,True,
11838,,True,
11839,,True,
11841,,True,
11844,,True,
11845,,True,
11847,,True,
11848,,True,
11849,,True,
11850,,True,
11851,,True,
11852,False,True,
11853,,True,
11854,,True,
11855,,True,
11856,,True,
11857,,True,
11858,,True,
11859,,True,
11860,,True,
11861,,True,
11862,,True,
11863,,True,
11864,,True,
11865,,True,
11866,,True,
11868,,True,
11869,,True,
11870,,True,
11871,,True,
11872,,True,
11881,,True,
11882,,True,
11883,,True,
11884,,True,
11885,,True,
11886,False,True,
11887,,True,
11888,False,True,
11889,,True,
11890,,True,
11891,,True,
11892,,True,
11893,,True,
11894,,True,
11895,,True,
11897,,True,
11898,,True,
11899,,True,
11901,,True,
11902,,True,
11903,,True,
11904,,True,
11905,False,True,
11907,,True,
11908,False,True,
11909,,True,
11912,False,True,
11913,,True,
11914,,True,
11915,,True,
11916,False,True,
11917,,True,
11918,,True,
11919,,True,
11921,False,True,
11922,,True,
11923,False,True,
11924,,True,
11925,,True,
11926,,True,
11928,,True,
11929,,True,
11930,,True,
11935,,True,
11937,,True,
11939,,True,
11940,,True,
11942,,True,
11943,False,True,
11944,,True,
11960,,True,
11963,,True,
11964,,True,
11965,,True,
11967,,True,
11968,,True,
11969,,True,
11970,,True,
11971,,True,
11972,,True,
11973,,True,
11974,,True,
11975,,True,
11977,,True,
11978,,True,
11979,,True,
11980,,True,
11981,,True,
11982,,True,
11985,,True,
11986,,True,
11987,,True,
11988,,True,
11989,,True,
11990,,True,
11991,,True,
11992,,True,
11994,,True,
11995,,True,
11996,False,True,
11997,,True,
11998,,True,
11999,,True,
12000,,True,
12001,,True,
12002,,True,
12003,,True,
12004,,True,
12005,,True,
12006,,True,
12008,,True,
12009,,True,
12010,,True,
12011,,True,
12012,,True,
12015,,True,
12016,,True,
12017,,True,
12018,,True,
12019,,True,
12020,,True,
12022,,True,
12024,,True,
12025,,True,
12026,,True,
12027,,True,
12028,,True,
12029,,True,
12032,,True,
12033,,True,
12035,,True,
12036,,True,
12037,,True,
12038,,True,
12039,,True,
12040,,True,
12041,,True,
12042,,True,
12043,,True,
12044,,True,
12045,,True,
12046,,True,
12047,,True,
12048,,True,
12049,,True,
12050,,True,
12051,False,True,
12052,,True,
12053,,True,
12054,,True,
12055,,True,
12056,,True,
12057,,True,
12058,,True,
12059,,True,
12060,,True,
12061,,True,
12062,,True,
12063,,True,
12064,,True,
12065,,True,
12066,,True,
12067,False,True,
12068,False,True,
12069,,True,
12072,,True,
12073,,True,
12074,,True,
12075,,True,
12076,,True,
12077,,True,
12078,,True,
12079,,True,
12080,,True,
12081,,True,
12082,,True,
12083,,True,
12084,,True,
12085,,True,
12086,,True,
12087,,True,
12088,,True,
12089,,True,
12091,,True,
12092,,True,
12094,,True,
12095,,True,
12096,False,True,
12097,,True,
12098,,True,
12099,,True,
12100,,True,
12101,,True,
12102,,True,
12103,,True,
12104,,True,
12105,,True,
12106,,True,
12107,,True,
12108,,True,
12109,,True,
12110,,True,
12111,,True,
12112,True,False,
12113,,True,
12114,,True,
12116,,True,
12117,,True,
12118,,True,
12119,,True,
12120,,True,
12123,,True,
12124,False,True,
12126,,True,
12127,,True,
12128,,True,
12130,,True,
12132,,True,
12134,,True,
12135,,True,
12136,,True,
12137,,True,
12139,,True,
12140,,True,
12141,,True,
12142,,True,
12143,,True,
12144,,True,
12145,,True,
12146,,True,
12147,,True,
12148,,True,
12149,,True,
12150,,True,
12152,,True,
12153,,True,
12154,,True,
12155,,True,
12156,,True,
12157,,True,
12158,,True,
12159,,True,
12160,,True,
12161,,True,
12164,,True,
12165,,True,
12166,,True,
12167,,True,
12168,,True,
12169,,True,
12170,,True,
12171,,True,
12172,,True,
12173,,True,
12174,,True,
12175,,True,
12176,,True,
12177,,True,
12178,,True,
12179,,True,
12180,,True,
12181,,True,
12182,,True,
12183,,True,
12184,,True,
12185,,True,
12186,,True,
12187,,True,
12188,False,True,
12189,,True,
12191,,True,
12192,,True,
12193,,True,
12194,,True,
12195,,True,
12196,,True,
12197,,True,
12198,False,True,
12199,,True,
12200,,True,
12201,,True,
12203,,True,
12204,,True,
12205,,True,
12206,,True,
12207,,True,
12208,,True,
12209,,True,
12210,,True,
12211,,True,
12212,,True,
12213,,True,
12214,,True,
12215,,True,
12216,,True,
12217,,True,
12218,,True,
12219,,True,
12220,,True,
12221,,True,
12222,,True,
12223,,True,
12224,,True,
12226,,True,
12227,,True,
12228,,True,
12229,,True,
12231,,True,
12232,,True,
12233,,True,
12234,,True,
12235,,True,
12236,,True,
12237,,True,
12238,,True,
12239,,True,
12240,,True,
12242,,True,
12244,,True,
12245,,True,
12246,,True,
12247,,True,
12248,,True,
12249,,True,
12250,,True,
12252,,True,
12253,,True,
12254,,True,
12255,,True,
12256,,True,
12257,,True,
12258,,True,
12259,,True,
12260,,True,
12261,,True,
12262,,True,
12263,,True,
12264,,True,
12265,,True,
12266,,True,
12267,,True,
12268,,True,
12269,,True,
12270,,True,
12271,,True,
12272,,True,
12274,,True,
12275,,True,
12276,,True,
12277,,True,
12279,,True,
12280,,True,
12281,,True,
12282,,True,
12284,,True,
12286,,True,
12288,,True,
12289,False,True,
12291,,True,
12293,,True,
12294,,True,
12295,,True,
12296,,True,
12297,,True,
12298,,True,
12299,,True,
12300,,True,
12301,,True,
12302,,True,
12304,,True,
12305,False,True,
12308,,True,
12309,,True,
12310,,True,
12314,,True,
12315,,True,
12316,,True,
12317,,True,
12318,,True,
12319,,True,
12320,,True,
12324,,True,
12325,,True,
12326,,True,
12327,,True,
12328,,True,
12329,,True,
12330,,True,
12334,,True,
12335,,True,
12336,False,True,
12338,,True,
12339,,True,
12340,True,False,
12342,,True,
12343,,True,
12344,,True,
12345,,True,
12347,,True,
12348,,True,
12349,,True,
12351,,True,
12354,,True,
12356,,True,
12357,,True,
12358,,True,
12359,,True,
12361,,True,
12362,,True,
12364,,True,
12365,,True,
12366,False,True,
12367,,True,
12368,,True,
12369,,True,
12370,,True,
12371,,True,
12372,,True,
12373,,True,
12374,,True,
12375,,True,
12376,,True,
12377,,True,
12378,,True,
12379,,True,
12380,,True,
12381,,True,
12382,,True,
12383,,True,
12384,,True,
12385,,True,
12386,,True,
12387,,True,
12388,,True,
12389,,True,
12391,,True,
12392,True,False,
12393,,True,
12394,,True,
12395,,True,
12396,,True,
12397,,True,
12398,,True,
12401,,True,
12403,,True,
12404,,True,
12405,,True,
12406,,True,
12407,,True,
12408,,True,
12409,,True,
12411,,True,
12413,,True,
12414,,True,
12415,,True,
12416,,True,
12417,,True,
12418,,True,
12420,,True,
12421,,True,
12422,,True,
12423,,True,
12424,,True,
12426,,True,
12429,,True,
12430,,True,
12431,,True,
12432,,True,
12433,,True,
12434,,True,
12435,,True,
12436,,True,
12437,,True,
12438,,True,
12439,,True,
12440,,True,
12441,,True,
12442,,True,
12443,,True,
12444,,True,
12445,,True,
12446,,True,
12447,,True,
12448,,True,
12450,,True,
12451,,True,
12452,,True,
12453,,True,
12454,,True,
12455,,True,
12456,,True,
12457,,True,
12458,,True,
12459,,True,
12460,,True,
12461,,True,
12462,,True,
12463,,True,
12464,,True,
12465,,True,
12466,,True,
12467,,True,
12468,,True,
12469,,True,
12470,,True,
12471,,True,
12475,,True,
12476,,True,
12477,,True,
12478,,True,
12479,,True,
12480,,True,
12481,,True,
12482,,True,
12483,,True,
12485,,True,
12486,,True,
12488,,True,
12489,,True,
12490,,True,
12491,,True,
12492,,True,
12493,,True,
12494,,True,
12496,False,True,
12497,,True,
12498,,True,
12499,,True,
12500,,True,
12501,,True,
12502,,True,
12503,,True,
12504,,True,
12505,,True,
12507,,True,
12509,,True,
12510,,True,
12511,,True,
12512,,True,
12514,,True,
12515,,True,
12516,,True,
12517,,True,
12518,,True,
12519,,True,
12520,,True,
12521,,True,
12522,,True,
12523,,True,
12524,,True,
12525,,True,
12526,,True,
12527,,True,
12529,,True,
12530,,True,
12531,,True,
12532,,True,
12533,,True,
12534,,True,
12535,,True,
12536,,True,
12537,,True,
12538,,True,
12541,,True,
12542,False,True,
12543,,True,
12544,,True,
12545,,True,
12548,,True,
12549,,True,
12551,,True,
12552,,True,
12555,,True,
12557,,True,
12558,,True,
12559,,True,
12560,,True,
12561,,True,
12562,,True,
12563,,True,
12565,,True,
12566,,True,
12567,,True,
12568,,True,
12569,,True,
12570,,True,
12571,,True,
12572,,True,
12573,,True,
12574,,True,
12575,,True,
12576,,True,
12577,,True,
12578,,True,
12580,,True,
12581,,True,
12582,,True,
12583,,True,
12584,,True,
12585,,True,
12586,,True,
12587,,True,
12589,,True,
12591,,True,
12592,,True,
12593,,True,
12594,,True,
12595,,True,
12596,,True,
12597,,True,
12598,,True,
12599,,True,
12600,,True,
12601,,True,
12602,,True,
12603,,True,
12604,,True,
12605,,True,
12606,,True,
12607,,True,
12608,,True,
12609,False,True,
12610,,True,
12611,,True,
12612,,True,
12613,,True,
12614,,True,
12615,,True,
12616,,True,
12617,,True,
12618,,True,
12619,,True,
12620,,True,
12621,,True,
12622,,True,
12623,,True,
12625,,True,
12627,,True,
12628,,True,
12629,,True,
12630,False,True,
12631,,True,
12632,,True,
12633,,True,
12634,,True,
12635,,True,
12636,,True,
12637,,True,
12638,,True,
12639,,True,
12640,,True,
12641,,True,
12642,,True,
12643,,True,
12644,,True,
12645,,True,
12646,,True,
12647,,True,
12649,,True,
12650,,True,
12651,,True,
12653,,True,
12654,,True,
12656,,True,
12657,,True,
12658,,True,
12659,,True,
12660,,True,
12661,,True,
12662,,True,
12663,,True,
12664,,True,
12665,,True,
12666,,True,
12668,,True,
12669,,True,
12670,,True,
12671,,True,
12672,,True,
12673,,True,
12674,False,True,
12675,,True,
12676,,True,
12678,,True,
12679,,True,
12680,,True,
12681,,True,
12682,,True,
12683,,True,
12684,,True,
12685,,True,
12686,,True,
12687,,True,
12688,,True,
12690,,True,
12691,,True,
12692,,True,
12693,,True,
12694,,True,
12695,,True,
12696,,True,
12698,,True,
12699,,True,
12700,,True,
12701,,True,
12702,,True,
12703,,True,
12704,,True,
12705,,True,
12706,,True,
12707,,True,
12708,,True,
12711,,True,
12712,,True,
12713,,True,
12714,,True,
12715,,True,
12716,,True,
12718,,True,
12719,,True,
12721,,True,
12722,,True,
12723,,True,
12725,,True,
12726,False,True,
12727,,True,
12728,,True,
12729,,True,
12730,,True,
12731,,True,
12732,,True,
12733,,True,
12734,,True,
12735,,True,
12736,,True,
12737,,True,
12738,,True,
12739,,True,
12740,,True,
12741,,True,
12742,,True,
12743,,True,
12744,,True,
12746,,True,
12747,,True,
12749,,True,
12750,,True,
12751,,True,
12752,False,True,
12753,,True,
12754,,True,
12755,,True,
12756,,True,
12759,,True,
12760,,True,
12761,,True,
12762,,True,
12764,,True,
12765,,True,
12766,,True,
12768,,True,
12769,,True,
12770,,True,
12771,,True,
12772,,True,
12774,,True,
12775,,True,
12776,,True,
12777,,True,
12778,,True,
12779,,True,
12780,,True,
12781,,True,
12782,,True,
12783,,True,
12784,,True,
12785,,True,
12786,,True,
12788,,True,
12789,,True,
12790,,True,
12791,,True,
12792,,True,
12793,,True,
12794,,True,
12796,,True,
12797,,True,
12799,,True,
12800,,True,
12801,,True,
12802,,True,
12803,,True,
12804,,True,
12805,,True,
12806,,True,
12807,,True,
12808,,True,
12809,,True,
12810,,True,
12812,,True,
12813,,True,
12814,,True,
12815,,True,
12816,,True,
12817,,True,
12818,,True,
12819,,True,
12820,,True,
12821,,True,
12822,,True,
12823,,True,
12824,,True,
12825,,True,
12826,,True,
12827,,True,
12828,,True,
12829,,True,
12830,,True,
12831,,True,
12834,,True,
12835,,True,
12836,,True,
12837,,True,
12838,,True,
12839,,True,
12840,,True,
12841,,True,
12842,,True,
12843,,True,
12845,,True,
12846,False,True,
12847,,True,
12848,,True,
12849,,True,
12851,,True,
12852,,True,
12853,,True,
12854,,True,
12857,,True,
12858,,True,
12859,,True,
12860,,True,
12861,,True,
12862,,True,
12863,,True,
12864,False,True,
12865,,True,
12866,,True,
12867,,True,
12868,,True,
12869,,True,
12870,,True,
12871,,True,
12872,,True,
12873,,True,
12874,,True,
12875,,True,
12877,,True,
12878,,True,
12879,,True,
12880,,True,
12881,,True,
12882,,True,
12883,False,True,
12884,,True,
12885,,True,
12886,,True,
12887,,True,
12888,,True,
12889,,True,
12890,,True,
12891,,True,
12892,,True,
12893,,True,
12894,,True,
12896,,True,
12897,,True,
12898,,True,
12900,,True,
12901,False,True,
12903,False,True,
12905,False,True,
12906,,True,
12907,,True,
12908,,True,
12909,,True,
12910,,True,
12911,,True,
12912,,True,
12913,,True,
12915,,True,
12916,,True,
12917,,True,
12918,,True,
12919,,True,
12920,,True,
12921,,True,
12922,,True,
12923,,True,
12924,,True,
12925,,True,
12926,,True,
12927,,True,
12928,,True,
12929,,True,
12930,,True,
12931,,True,
12932,,True,
12933,,True,
12934,,True,
12935,,True,
12938,,True,
12939,,True,
12940,,True,
12941,,True,
12942,,True,
12943,,True,
12944,,True,
12945,,True,
12946,,True,
12947,,True,
12948,False,True,
12949,,True,
12950,,True,
12951,,True,
12952,,True,
12955,,True,
12956,,True,
12957,,True,
12959,,True,
12960,,True,
12961,,True,
12962,,True,
12963,,True,
12964,,True,
12965,,True,
12966,,True,
12967,,True,
12968,,True,
12969,,True,
12970,,True,
12971,,True,
12972,,True,
12973,,True,
12974,,True,
12975,,True,
12976,,True,
12977,,True,
12978,,True,
12980,,True,
12981,,True,
12982,,True,
12983,,True,
12984,,True,
12985,,True,
12986,,True,
12987,,True,
12988,,True,
12989,,True,
12990,,True,
12991,,True,
12992,,True,
12993,,True,
12994,,True,
12995,,True,
12997,,True,
12998,,True,
12999,,True,
13001,,True,
13002,,True,
13004,,True,
13005,,True,
13006,,True,
13007,,True,
13008,,True,
13009,,True,
13010,,True,
13011,,True,
13012,,True,
13013,,True,
13014,,True,
13015,,True,
13016,,True,
13017,,True,
13019,,True,
13020,,True,
13021,,True,
13024,,True,
13026,,True,
13027,,True,
13028,,True,
13029,,True,
13030,,True,
13031,,True,
13032,,True,
13033,,True,
13034,,True,
13035,,True,
13036,,True,
13038,,True,
13039,,True,
13040,,True,
13041,,True,
13042,,True,
13043,,True,
13044,,True,
13047,,True,
13048,False,True,
13049,,True,
13050,,True,
13052,,True,
13053,,True,
13054,,True,
13055,,True,
13056,,True,
13057,,True,
13058,,True,
13059,,True,
13060,,True,
13061,,True,
13062,,True,
13063,,True,
13064,,True,
13065,,True,
13066,,True,
13068,,True,
13069,,True,
13070,,True,
13071,,True,
13072,,True,
13073,,True,
13074,,True,
13075,,True,
13076,,True,
13077,,True,
13078,,True,
13079,,True,
13080,,True,
13081,,True,
13082,,True,
13083,,True,
13084,,True,
13086,,True,
13087,,True,
13088,,True,
13090,False,True,
13091,,True,
13092,,True,
13093,,True,
13095,,True,
13096,,True,
13097,,True,
13098,,True,
13099,,True,
13100,,True,
13101,,True,
13102,,True,
13103,False,True,
13104,,True,
13105,,True,
13106,,True,
13107,,True,
13108,,True,
13110,,True,
13111,,True,
13112,,True,
13113,,True,
13115,,True,
13116,,True,
13118,,True,
13119,,True,
13120,,True,
13121,,True,
13122,,True,
13123,,True,
13124,,True,
13125,,True,
13126,,True,
13127,,True,
13128,,True,
13129,,True,
13130,False,True,
13131,,True,
13132,,True,
13133,False,True,
13134,,True,
13135,,True,
13136,,True,
13137,,True,
13138,,True,
13140,,True,
13141,,True,
13142,,True,
13144,,True,
13145,,True,
13146,,True,
13147,,True,
13148,,True,
13149,,True,
13150,,True,
13151,False,True,
13152,,True,
13153,,True,
13154,,True,
13155,,True,
13156,,True,
13157,,True,
13158,,True,
13159,,True,
13160,,True,
13161,,True,
13163,,True,
13164,,True,
13165,,True,
13166,,True,
13167,,True,
13168,,True,
13169,,True,
13170,,True,
13171,,True,
13172,,True,
13173,,True,
13174,,True,
13175,,True,
13176,,True,
13178,,True,
13179,,True,
13181,,True,
13182,,True,
13183,,True,
13184,,True,
13185,,True,
13186,,True,
13187,,True,
13188,,True,
13189,False,True,
13191,,True,
13192,,True,
13193,,True,
13194,,True,
13195,False,True,
13211,,True,
13212,,True,
13213,,True,
13215,,True,
13216,,True,
13217,,True,
13219,,True,
13220,,True,
13221,,True,
13222,,True,
13223,,True,
13224,,True,
13225,,True,
13226,,True,
13227,,True,
13228,,True,
13231,,True,
13233,,True,
13234,,True,
13235,,True,
13236,,True,
13237,,True,
13238,,True,
13239,,True,
13240,,True,
13241,,True,
13242,,True,
13243,,True,
13244,,True,
13246,,True,
13247,,True,
13248,,True,
13249,,True,
13250,,True,
13251,,True,
13252,,True,
13253,,True,
13254,,True,
13255,,True,
13256,,True,
13258,,True,
13259,,True,
13262,,True,
13263,,True,
13264,,True,
13265,,True,
13267,,True,
13268,,True,
13269,,True,
13270,,True,
13271,,True,
13272,,True,
13273,,True,
13274,,True,
13275,,True,
13276,,True,
13277,,True,
13278,,True,
13279,,True,
13280,,True,
13283,,True,
13285,,True,
13286,,True,
13288,,True,
13289,,True,
13290,,True,
13291,,True,
13293,,True,
13294,,True,
13298,,True,
13299,,True,
13300,,True,
13302,,True,
13303,,True,
13304,,True,
13305,,True,
13306,,True,
13307,,True,
13308,,True,
13309,,True,
13311,,True,
13312,,True,
13313,,True,
13314,,True,
13316,,True,
13317,,True,
13318,False,True,
13319,False,True,
13321,,True,
13322,,True,
13323,,True,
13324,,True,
13325,,True,
13326,,True,
13327,,True,
13328,,True,
13329,,True,
13330,,True,
13331,,True,
13332,,True,
13333,,True,
13334,,True,
13335,,True,
13337,,True,
13338,,True,
13339,,True,
13340,,True,
13341,,True,
13342,,True,
13343,,True,
13344,,True,
13345,,True,
13346,,True,
13348,,True,
13349,,True,
13350,,True,
13351,,True,
13352,,True,
13353,,True,
13354,,True,
13355,,True,
13356,,True,
13357,,True,
13358,,True,
13359,,True,
13360,,True,
13361,,True,
13363,,True,
13364,,True,
13365,,True,
13366,,True,
13367,,True,
13370,,True,
13371,,True,
13372,,True,
13373,,True,
13375,,True,
13376,,True,
13377,False,True,
13378,,True,
13379,,True,
13380,,True,
13381,,True,
13383,,True,
13384,,True,
13385,,True,
13386,,True,
13387,,True,
13388,,True,
13389,,True,
13390,,True,
13391,,True,
13392,,True,
13393,,True,
13394,,True,
13395,,True,
13396,,True,
13397,,True,
13398,,True,
13399,,True,
13400,,True,
13401,,True,
13402,,True,
13404,,True,
13405,,True,
13406,,True,
13407,,True,
13408,,True,
13409,,True,
13410,,True,
13411,,True,
13412,,True,
13413,,True,
13414,,True,
13415,,True,
13416,,True,
13417,,True,
13418,,True,
13419,,True,
13420,,True,
13421,,True,
13422,,True,
13423,,True,
13425,,True,
13426,,True,
13427,,True,
13428,,True,
13429,,True,
13430,,True,
13431,,True,
13432,,True,
13433,,True,
13434,,True,
13435,,True,
13436,False,True,
13437,,True,
13438,,True,
13439,,True,
13440,,True,
13441,,True,
13442,,True,
13444,,True,
13445,,True,
13446,,True,
13447,,True,
13448,,True,
13449,,True,
13450,,True,
13451,,True,
13453,,True,
13454,,True,
13455,,True,
13456,,True,
13457,False,True,
13458,,True,
13460,,True,
13461,,True,
13462,,True,
13463,False,True,
13464,,True,
13465,,True,
13466,,True,
13467,,True,
13468,,True,
13469,,True,
13470,,True,
13471,,True,
13472,,True,
13473,,True,
13474,,True,
13475,,True,
13476,,True,
13477,,True,
13478,,True,
13479,,True,
13480,,True,
13481,,True,
13482,,True,
13483,,True,
13484,,True,
13485,,True,
13486,,True,
13487,,True,
13488,,True,
13489,,True,
13490,,True,
13491,,True,
13492,,True,
13493,,True,
13494,,True,
13495,,True,
13496,,True,
13497,,True,
13498,,True,
13499,,True,
13500,,True,
13502,,True,
13503,,True,
13504,,True,
13505,,True,
13506,,True,
13507,,True,
13508,,True,
13509,,True,
13510,,True,
13511,,True,
13512,,True,
13513,,True,
13514,,True,
13515,,True,
13516,,True,
13517,,True,
13518,,True,
13519,,True,
13520,,True,
13522,,True,
13523,,True,
13525,,True,
13526,,True,
13527,,True,
13528,,True,
13529,,True,
13530,,True,
13532,,True,
13533,False,True,
13534,,True,
13536,,True,
13537,,True,
13539,,True,
13540,,True,
13541,,True,
13542,,True,
13543,,True,
13544,,True,
13545,,True,
13546,,True,
13547,,True,
13548,,True,
13549,,True,
13550,,True,
13551,,True,
13553,,True,
13557,,True,
13558,,True,
13559,,True,
13560,,True,
13561,,True,
13562,,True,
13563,,True,
13564,True,False,
13565,,True,
13566,,True,
13567,,True,
13568,,True,
13569,,True,
13570,,True,
13571,,True,
13572,,True,
13574,,True,
13576,,True,
13577,,True,
13578,,True,
13579,,True,
13580,,True,
13581,,True,
13582,,True,
13583,,True,
13584,,True,
13585,,True,
13586,,True,
13587,,True,
13588,,True,
13589,,True,
13590,,True,
13591,,True,
13592,,True,
13593,,True,
13594,,True,
13595,,True,
13596,,True,
13598,,True,
13599,,True,
13600,,True,
13601,,True,
13602,,True,
13603,,True,
13604,,True,
13605,,True,
13606,,True,
13607,,True,
13608,,True,
13609,,True,
13610,,True,
13611,,True,
13613,,True,
13614,,True,
13615,,True,
13616,,True,
13617,,True,
13618,,True,
13619,,True,
13620,,True,
13621,,True,
13622,,True,
13623,,True,
13624,,True,
13625,,True,
13626,,True,
13627,,True,
13628,,True,
13629,,True,
13631,,True,
13632,,True,
13634,,True,
13635,,True,
13636,,True,
13638,,True,
13639,,True,
13640,,True,
13643,,True,
13644,,True,
13645,,True,
13646,,True,
13647,,True,
13648,,True,
13649,,True,
13650,,True,
13651,,True,
13652,,True,
13653,,True,
13654,,True,
13655,,True,
13656,,True,
13657,,True,
13658,,True,
13659,,True,
13660,,True,
13661,,True,
13662,,True,
13665,,True,
13666,,True,
13667,,True,
13668,,True,
13669,,True,
13670,,True,
13671,,True,
13672,,True,
13673,,True,
13674,,True,
13676,,True,
13677,,True,
13678,,True,
13679,,True,
13681,,True,
13682,,True,
13683,,True,
13684,,True,
13685,,True,
13686,,True,
13687,,True,
13688,,True,
13689,,True,
13690,,True,
13691,,True,
13692,,True,
13693,,True,
13694,,True,
13695,,True,
13696,,True,
13697,,True,
13698,,True,
13699,,True,
13700,,True,
13701,,True,
13702,,True,
13703,,True,
13704,,True,
13705,,True,
13706,,True,
13707,,True,
13708,False,True,
13710,,True,
13711,,True,
13712,,True,
13713,,True,
13714,,True,
13715,,True,
13716,,True,
13717,,True,
13718,,True,
13719,,True,
13720,,True,
13721,,True,
13722,,True,
13723,,True,
13724,,True,
13725,,True,
13726,,True,
13727,,True,
13728,,True,
13731,,True,
13732,,True,
13733,,True,
13734,,True,
13736,,True,
13737,,True,
13739,,True,
13741,,True,
13742,,True,
13743,,True,
13744,,True,
13745,,True,
13746,,True,
13748,,True,
13749,,True,
13750,,True,
13751,,True,
13752,,True,
13753,,True,
13754,,True,
13756,,True,
13758,,True,
13759,,True,
13760,,True,
13761,,True,
13762,,True,
13763,,True,
13764,,True,
13765,,True,
13766,,True,
13767,,True,
13768,,True,
13769,,True,
13770,,True,
13772,,True,
13773,,True,
13774,,True,
13775,,True,
13776,,True,
13777,,True,
13778,,True,
13779,,True,
13780,,True,
13783,,True,
13784,,True,
13785,,True,
13786,,True,
13787,,True,
13789,,True,
13790,,True,
13792,,True,
13793,,True,
13794,,True,
13795,,True,
13796,,True,
13797,,True,
13799,,True,
13800,,True,
13801,,True,
13802,,True,
13803,,True,
13804,,True,
13805,,True,
13806,,True,
13807,,True,
13808,,True,
13809,,True,
13810,,True,
13811,,True,
13812,,True,
13813,,True,
13814,,True,
13815,,True,
13816,,True,
13817,,True,
13818,,True,
13819,,True,
13820,,True,
13821,,True,
13822,,True,
13823,,True,
13825,,True,
13826,,True,
13827,,True,
13828,,True,
13830,,True,
13832,,True,
13833,,True,
13835,,True,
13836,,True,
13837,,True,
13839,,True,
13840,,True,
13841,,True,
13842,,True,
13843,,True,
13844,,True,
13846,,True,
13848,,True,
13849,,True,
13850,,True,
13851,,True,
13853,,True,
13854,,True,
13855,,True,
13856,,True,
13857,,True,
13858,,True,
13859,,True,
13861,,True,
13862,,True,
13863,,True,
13864,,True,
13865,,True,
13866,,True,
13867,,True,
13868,,True,
13869,,True,
13870,,True,
13871,,True,
13872,,True,
13873,,True,
13874,,True,
13875,,True,
13876,,True,
13877,,True,
13878,,True,
13879,,True,
13880,,True,
13882,,True,
13883,False,True,
13884,,True,
13885,,True,
13886,,True,
13887,,True,
13888,,True,
13889,,True,
13890,,True,
13891,,True,
13892,,True,
13893,,True,
13894,,True,
13895,,True,
13897,,True,
13898,,True,
13899,,True,
13900,,True,
13901,,True,
13902,,True,
13903,,True,
13904,,True,
13905,,True,
13906,,True,
13907,,True,
13909,,True,
13911,,True,
13912,,True,
13913,,True,
13914,,True,
13916,,True,
13917,,True,
13919,,True,
13921,,True,
13922,,True,
13924,,True,
13925,,True,
13926,,True,
13927,,True,
13928,,True,
13929,,True,
13930,,True,
13931,,True,
13932,,True,
13933,,True,
13934,False,True,
13935,,True,
13936,,True,
13937,,True,
13938,,True,
13940,,True,
13941,,True,
13942,,True,
13943,,True,
13944,False,True,
13945,,True,
13946,,True,
13947,,True,
13948,,True,
13949,,True,
13950,,True,
13951,,True,
13952,,True,
13953,,True,
13955,,True,
13956,,True,
13957,,True,
13958,,True,
13959,,True,
13960,,True,
13961,,True,
13963,,True,
13964,,True,
13966,,True,
13967,,True,
13968,,True,
13969,,True,
13971,,True,
13972,,True,
13975,,True,
13976,,True,
13978,,True,
13979,,True,
13980,,True,
13981,,True,
13982,,True,
13983,,True,
13984,,True,
13985,,True,
13986,,True,
13987,,True,
13988,,True,
13989,,True,
13990,,True,
13991,,True,
13992,,True,
13993,,True,
13994,,True,
13995,,True,
13996,,True,
13997,,True,
13998,,True,
14000,,True,
14001,,True,
14002,,True,
14003,,True,
14004,,True,
14005,,True,
14006,,True,
14007,,True,
14008,,True,
14009,,True,
14010,,True,
14011,,True,
14012,,True,
14013,,True,
14015,,True,
14016,,True,
14018,,True,
14019,,True,
14020,,True,
14021,,True,
14022,,True,
14023,,True,
14024,,True,
14025,,True,
14026,,True,
14027,,True,
14028,,True,
14029,,True,
14030,,True,
14031,,True,
14033,,True,
14035,,True,
14036,,True,
14037,,True,
14038,,True,
14039,,True,
14040,,True,
14041,,True,
14042,,True,
14043,,True,
14044,,True,
14046,,True,
14047,,True,
14049,,True,
14050,,True,
14051,,True,
14052,,True,
14053,,True,
14054,,True,
14055,,True,
14056,,True,
14057,,True,
14058,,True,
14059,,True,
14060,,True,
14061,,True,
14062,,True,
14063,False,True,
14064,,True,
14065,,True,
14066,,True,
14067,,True,
14068,,True,
14070,,True,
14071,,True,
14072,,True,
14073,,True,
14074,,True,
14075,,True,
14076,,True,
14077,,True,
14078,,True,
14079,,True,
14080,,True,
14081,,True,
14082,,True,
14083,,True,
14084,,True,
14085,,True,
14086,,True,
14087,,True,
14088,,True,
14089,,True,
14090,,True,
14091,,True,
14094,,True,
14095,,True,
14098,,True,
14099,,True,
14100,,True,
14101,,True,
14102,,True,
14105,,True,
14106,,True,
14108,,True,
14109,,True,
14110,,True,
14111,,True,
14112,,True,
14113,,True,
14114,,True,
14115,,True,
14116,,True,
14117,,True,
14118,,True,
14119,,True,
14120,,True,
14121,,True,
14122,,True,
14123,,True,
14124,,True,
14125,,True,
14126,,True,
14127,,True,
14128,,True,
14129,,True,
14131,,True,
14132,,True,
14133,,True,
14134,,True,
14135,,True,
14137,,True,
14138,,True,
14140,,True,
14141,,True,
14142,,True,
14143,,True,
14144,,True,
14145,,True,
14146,,True,
14147,,True,
14148,,True,
14150,False,True,
14152,,True,
14153,,True,
14154,,True,
14155,,True,
14156,,True,
14157,,True,
14164,,True,
14165,,True,
14166,,True,
14167,,True,
14168,,True,
14169,,True,
14170,,True,
14171,,True,
14172,,True,
14173,,True,
14175,,True,
14176,,True,
14177,,True,
14178,,True,
14179,,True,
14180,,True,
14181,,True,
14182,,True,
14183,,True,
14185,,True,
14186,,True,
14187,,True,
14188,,True,
14189,,True,
14191,,True,
14192,,True,
14194,,True,
14195,,True,
14196,,True,
14197,,True,
14198,,True,
14201,,True,
14202,False,True,
14205,,True,
14206,,True,
14207,,True,
14209,,True,
14210,,True,
14211,,True,
14212,,True,
14215,,True,
14216,,True,
14217,,True,
14218,,True,
14219,,True,
14220,,True,
14221,,True,
14222,,True,
14223,,True,
14224,,True,
14225,,True,
14226,,True,
14227,,True,
14229,,True,
14230,,True,
14231,,True,
14233,,True,
14234,,True,
14235,,True,
14236,,True,
14237,,True,
14238,,True,
14239,,True,
14241,,True,
14242,,True,
14243,,True,
14244,,True,
14245,,True,
14246,,True,
14247,,True,
14248,,True,
14249,,True,
14250,False,True,
14251,,True,
14252,,True,
14253,,True,
14254,,True,
14255,,True,
14256,,True,
14257,,True,
14258,,True,
14259,,True,
14260,,True,
14261,,True,
14262,,True,
14263,,True,
14264,,True,
14265,,True,
14266,,True,
14267,,True,
14268,,True,
14269,,True,
14271,,True,
14273,,True,
14274,,True,
14275,,True,
14276,,True,
14277,,True,
14278,,True,
14280,,True,
14281,,True,
14282,,True,
14284,,True,
14285,,True,
14287,,True,
14289,,True,
14290,,True,
14291,,True,
14292,,True,
14293,,True,
14295,,True,
14296,,True,
14297,,True,
14298,,True,
14299,,True,
14300,,True,
14301,False,True,
14303,,True,
14304,,True,
14305,,True,
14306,,True,
14307,,True,
14308,False,True,
14309,,True,
14310,,True,
14311,,True,
14312,,True,
14313,,True,
14314,,True,
14315,,True,
14316,,True,
14317,,True,
14318,,True,
14319,,True,
14320,,True,
14321,,True,
14322,,True,
14323,,True,
14324,,True,
14325,,True,
14326,,True,
14328,,True,
14329,,True,
14330,,True,
14331,,True,
14333,,True,
14334,,True,
14335,,True,
14336,,True,
14338,,True,
14339,,True,
14340,,True,
14342,,True,
14343,,True,
14344,,True,
14345,,True,
14346,,True,
14347,,True,
14348,,True,
14349,,True,
14350,,True,
14351,,True,
14353,,True,
14354,,True,
14355,,True,
14356,,True,
14357,,True,
14358,,True,
14359,,True,
14360,,True,
14361,,True,
14362,,True,
14363,,True,
14364,,True,
14365,,True,
14367,,True,
14368,,True,
14369,,True,
14370,,True,
14371,,True,
14373,,True,
14374,,True,
14375,,True,
14376,,True,
14381,,True,
14385,,True,
14386,,True,
14387,,True,
14388,,True,
14389,,True,
14390,,True,
14391,,True,
14394,,True,
14395,,True,
14396,,True,
14397,,True,
14398,,True,
14399,,True,
14400,,True,
14401,,True,
14402,,True,
14413,,True,
14415,,True,
14416,,True,
14417,,True,
14418,,True,
14419,,True,
14420,,True,
14421,,True,
14422,,True,
14423,,True,
14424,,True,
14425,,True,
14426,,True,
14427,,True,
14428,,True,
14429,,True,
14430,,True,
14431,,True,
14434,,True,
14435,,True,
14437,,True,
14438,,True,
14450,,True,
14451,,True,
14453,,True,
14454,,True,
14455,,True,
14456,,True,
14457,,True,
14458,,True,
14459,,True,
14460,,True,
14461,,True,
14462,,True,
14464,,True,
14465,,True,
14466,,True,
14467,,True,
14468,,True,
14469,,True,
14470,,True,
14472,,True,
14473,,True,
14474,,True,
14475,,True,
14476,,True,
14477,,True,
14478,,True,
14480,,True,
14481,,True,
14482,,True,
14483,,True,
14484,,True,
14485,,True,
14486,,True,
14487,False,True,
14488,,True,
14489,,True,
14490,,True,
14492,,True,
14493,False,True,
14494,,True,
14495,,True,
14496,,True,
14497,,True,
14498,,True,
14499,,True,
14500,,True,
14501,,True,
14502,,True,
14503,,True,
14504,,True,
14505,,True,
14506,,True,
14507,,True,
14508,,True,
14510,,True,
14511,,True,
14513,,True,
14514,False,True,
14515,,True,
14516,,True,
14517,,True,
14519,,True,
14521,,True,
14522,,True,
14523,,True,
14524,,True,
14526,,True,
14527,,True,
14528,,True,
14529,,True,
14530,,True,
14531,,True,
14532,,True,
14533,,True,
14534,,True,
14535,,True,
14536,,True,
14537,,True,
14539,,True,
14540,,True,
14541,,True,
14542,,True,
14543,,True,
14544,,True,
14545,,True,
14546,,True,
14547,,True,
14548,,True,
14549,,True,
14550,,True,
14551,,True,
14552,,True,
14553,,True,
14554,,True,
14555,,True,
14556,,True,
14557,,True,
14558,,True,
14559,,True,
14561,,True,
14562,,True,
14563,,True,
14564,,True,
14565,,True,
14566,,True,
14567,,True,
14568,,True,
14569,,True,
14570,,True,
14571,,True,
14573,,True,
14574,,True,
14575,,True,
14576,,True,
14577,,True,
14578,,True,
14579,,True,
14580,,True,
14581,,True,
14582,,True,
14584,,True,
14585,,True,
14586,,True,
14587,,True,
14588,,True,
14589,,True,
14590,,True,
14591,,True,
14592,,True,
14593,,True,
14594,,True,
14595,,True,
14596,,True,
14598,,True,
14600,,True,
14601,,True,
14602,,True,
14603,,True,
14604,,True,
14606,,True,
14607,,True,
14608,,True,
14609,,True,
14610,,True,
14611,,True,
14612,,True,
14613,,True,
14614,,True,
14615,,True,
14616,,True,
14617,,True,
14618,,True,
14619,,True,
14620,,True,
14621,,True,
14623,,True,
14624,,True,
14626,,True,
14627,,True,
14628,,True,
14630,,True,
14631,,True,
14632,,True,
14633,,True,
14634,,True,
14635,,True,
14636,,True,
14637,,True,
14638,,True,
14639,,True,
14641,,True,
14642,,True,
14643,,True,
14644,,True,
14645,,True,
14646,,True,
14647,,True,
14648,,True,
14649,,True,
14650,,True,
14651,,True,
14653,,True,
14655,,True,
14656,,True,
14657,,True,
14658,,True,
14659,,True,
14660,,True,
14661,,True,
14662,,True,
14663,,True,
14664,,True,
14665,,True,
14666,,True,
14667,,True,
14668,,True,
14669,,True,
14670,,True,
14671,,True,
14672,,True,
14673,,True,
14674,,True,
14675,,True,
14676,,True,
14677,,True,
14678,,True,
14679,,True,
14680,,True,
14681,,True,
14682,,True,
14683,,True,
14684,,True,
14685,,True,
14686,,True,
14687,,True,
14688,,True,
14689,,True,
14691,,True,
14692,,True,
14695,,True,
14696,,True,
14697,,True,
14698,,True,
14699,,True,
14700,,True,
14701,,True,
14702,,True,
14703,,True,
14704,,True,
14705,,True,
14706,,True,
14707,,True,
14708,,True,
14709,False,True,
14711,,True,
14712,,True,
14713,,True,
14714,,True,
14715,,True,
14716,,True,
14717,,True,
14718,,True,
14719,,True,
14720,,True,
14721,,True,
14722,,True,
14723,,True,
14724,,True,
14725,,True,
14728,,True,
14729,,True,
14730,,True,
14731,,True,
14732,,True,
14733,,True,
14734,,True,
14735,,True,
14736,,True,
14737,,True,
14738,,True,
14739,,True,
14740,,True,
14741,,True,
14742,,True,
14743,,True,
14744,,True,
14745,,True,
14746,,True,
14747,,True,
14749,,True,
14750,,True,
14751,,True,
14752,,True,
14753,,True,
14754,,True,
14755,,True,
14756,,True,
14757,,True,
14758,,True,
14759,,True,
14760,,True,
14761,,True,
14762,,True,
14763,,True,
14764,,True,
14765,,True,
14766,,True,
14767,,True,
14768,,True,
14769,,True,
14770,,True,
14771,False,True,
14772,,True,
14773,,True,
14774,False,True,
14775,,True,
14776,,True,
14777,,True,
14778,,True,
14779,,True,
14780,,True,
14782,,True,
14783,,True,
14784,,True,
14785,,True,
14786,,True,
14787,,True,
14788,,True,
14789,,True,
14791,,True,
14792,,True,
14793,,True,
14794,,True,
14795,,True,
14796,,True,
14797,,True,
14798,,True,
14799,,True,
14800,,True,
14801,,True,
14802,,True,
14803,,True,
14804,False,True,
14805,,True,
14806,,True,
14808,,True,
14809,,True,
14810,,True,
14811,,True,
14812,,True,
14813,,True,
14814,,True,
14815,,True,
14816,,True,
14817,,True,
14818,,True,
14819,,True,
14820,,True,
14821,,True,
14822,,True,
14823,,True,
14824,False,True,
14825,,True,
14826,,True,
14827,,True,
14829,,True,
14830,,True,
14831,,True,
14832,,True,
14833,,True,
14834,,True,
14835,,True,
14836,,True,
14837,,True,
14838,,True,
14839,,True,
14840,,True,
14841,,True,
14842,,True,
14843,,True,
14844,,True,
14845,,True,
14846,,True,
14847,,True,
14849,,True,
14850,,True,
14853,True,False,
14854,,True,
14855,,True,
14856,,True,
14858,,True,
14859,,True,
14860,,True,
14861,,True,
14862,,True,
14863,,True,
14864,,True,
14865,,True,
14866,,True,
14867,,True,
14868,,True,
14869,,True,
14870,,True,
14871,,True,
14872,,True,
14874,,True,
14875,,True,
14876,,True,
14878,,True,
14879,,True,
14880,,True,
14881,,True,
14882,,True,
14883,,True,
14884,,True,
14885,,True,
14886,,True,
14887,,True,
14888,,True,
14889,,True,
14890,,True,
14891,,True,
14892,,True,
14893,,True,
14894,,True,
14895,,True,
14896,,True,
14897,,True,
14898,,True,
14899,,True,
14900,,True,
14901,,True,
14902,,True,
14903,True,False,
14904,,True,
14905,,True,
14906,,True,
14907,,True,
14908,,True,
14909,,True,
14911,,True,
14912,,True,
14913,,True,
14914,,True,
14915,,True,
14916,,True,
14917,,True,
14918,,True,
14919,,True,
14920,,True,
14921,,True,
14922,,True,
14923,,True,
14924,,True,
14925,,True,
14926,,True,
14928,,True,
14929,,True,
14930,,True,
14931,,True,
14932,,True,
14933,,True,
14934,,True,
14935,,True,
14936,,True,
14937,,True,
14939,,True,
14940,,True,
14941,,True,
14942,,True,
14943,False,True,
14946,,True,
14947,,True,
14948,,True,
14950,,True,
14951,,True,
14952,,True,
14953,,True,
14954,,True,
14955,,True,
14956,,True,
14957,,True,
14958,,True,
14962,,True,
14963,,True,
14965,,True,
14966,,True,
14967,,True,
14968,,True,
14969,,True,
14971,,True,
14972,,True,
14973,,True,
14974,,True,
14977,,True,
14978,,True,
14979,,True,
14980,,True,
14981,,True,
14982,,True,
14983,,True,
14984,,True,
14985,,True,
14986,,True,
14987,,True,
14988,,True,
14989,,True,
14990,,True,
14991,False,True,
14992,,True,
14993,,True,
14994,,True,
14995,,True,
14996,,True,
14997,,True,
14998,,True,
14999,,True,
15001,,True,
15002,False,True,
15003,,True,
15004,,True,
15005,False,True,
15006,,True,
15007,,True,
15008,,True,
15009,,True,
15010,,True,
15011,,True,
15012,,True,
15014,,True,
15015,,True,
15016,,True,
15017,,True,
15018,,True,
15019,,True,
15020,,True,
15021,,True,
15022,,True,
15023,,True,
15024,,True,
15025,,True,
15026,,True,
15027,,True,
15028,,True,
15029,,True,
15030,,True,
15031,,True,
15032,,True,
15033,,True,
15034,,True,
15035,,True,
15036,,True,
15037,,True,
15038,,True,
15039,,True,
15041,,True,
15048,,True,
15049,,True,
15050,,True,
15051,,True,
15052,,True,
15053,,True,
15054,,True,
15055,,True,
15056,,True,
15057,,True,
15058,,True,
15059,,True,
15060,,True,
15061,,True,
15062,,True,
15063,,True,
15064,,True,
15065,,True,
15066,,True,
15067,,True,
15068,,True,
15069,,True,
15071,,True,
15072,,True,
15073,,True,
15074,,True,
15075,,True,
15076,,True,
15077,,True,
15078,,True,
15079,,True,
15080,,True,
15082,,True,
15084,,True,
15085,,True,
15086,,True,
15087,,True,
15088,,True,
15089,,True,
15090,,True,
15091,,True,
15092,,True,
15093,,True,
15094,False,True,
15095,,True,
15096,,True,
15097,,True,
15098,,True,
15099,,True,
15100,,True,
15101,,True,
15102,,True,
15103,,True,
15104,,True,
15105,,True,
15106,,True,
15107,,True,
15108,,True,
15109,,True,
15116,,True,
15117,,True,
15118,,True,
15119,,True,
15120,,True,
15121,,True,
15122,,True,
15123,,True,
15124,,True,
15125,,True,
15126,,True,
15127,,True,
15128,,True,
15129,,True,
15130,,True,
15131,,True,
15132,,True,
15133,,True,
15134,,True,
15135,,True,
15136,,True,
15138,,True,
15139,,True,
15140,,True,
15141,,True,
15142,,True,
15143,,True,
15145,,True,
15146,,True,
15147,,True,
15149,,True,
15150,,True,
15151,,True,
15152,,True,
15153,,True,
15155,,True,
15156,,True,
15157,,True,
15158,,True,
15159,,True,
15160,,True,
15161,,True,
15162,,True,
15163,,True,
15164,,True,
15165,,True,
15166,,True,
15167,,True,
15168,,True,
15169,,True,
15170,,True,
15171,,True,
15172,,True,
15173,,True,
15174,,True,
15175,,True,
15176,,True,
15177,,True,
15179,,True,
15180,,True,
15181,,True,
15182,False,True,
15183,,True,
15184,,True,
15185,,True,
15186,,True,
15187,,True,
15189,,True,
15190,,True,
15191,,True,
15192,,True,
15193,,True,
15194,,True,
15198,,True,
15199,,True,
15200,,True,
15201,,True,
15203,,True,
15204,,True,
15206,,True,
15207,,True,
15208,,True,
15210,,True,
15211,,True,
15212,,True,
15213,,True,
15214,,True,
15215,,True,
15216,,True,
15217,,True,
15218,,True,
15219,,True,
15220,,True,
15221,,True,
15222,,True,
15223,,True,
15224,True,False,
15225,,True,
15226,,True,
15227,,True,
15228,,True,
15229,,True,
15230,,True,
15231,,True,
15232,,True,
15233,,True,
15234,,True,
15235,,True,
15236,,True,
15237,,True,
15239,,True,
15241,,True,
15242,,True,
15243,False,True,
15244,,True,
15245,,True,
15247,,True,
15248,,True,
15249,,True,
15250,,True,
15251,,True,
15252,,True,
15253,,True,
15254,,True,
15255,,True,
15259,,True,
15260,,True,
15261,,True,
15262,,True,
15263,,True,
15264,,True,
15265,,True,
15266,,True,
15268,,True,
15269,,True,
15270,,True,
15271,,True,
15272,,True,
15273,,True,
15274,,True,
15275,,True,
15277,,True,
15280,,True,
15281,,True,
15282,,True,
15283,,True,
15284,,True,
15285,,True,
15286,,True,
15287,,True,
15288,,True,
15290,,True,
15291,,True,
15292,,True,
15293,,True,
15294,,True,
15295,,True,
15296,,True,
15297,False,True,
15298,,True,
15299,,True,
15300,,True,
15301,,True,
15302,,True,
15304,,True,
15305,,True,
15306,,True,
15307,,True,
15308,,True,
15309,,True,
15310,,True,
15311,,True,
15312,False,True,
15313,,True,
15314,,True,
15315,,True,
15316,,True,
15317,,True,
15318,,True,
15319,,True,
15320,,True,
15321,,True,
15322,,True,
15323,,True,
15324,,True,
15325,,True,
15326,,True,
15327,,True,
15328,,True,
15329,,True,
15330,,True,
15331,,True,
15332,,True,
15333,,True,
15334,,True,
15335,False,True,
15336,,True,
15338,,True,
15339,,True,
15340,,True,
15341,,True,
15342,,True,
15344,,True,
15345,,True,
15346,,True,
15347,,True,
15348,,True,
15350,,True,
15351,,True,
15352,False,True,
15353,,True,
15354,,True,
15355,False,True,
15356,,True,
15357,,True,
15359,,True,
15360,,True,
15361,,True,
15362,,True,
15364,,True,
15366,,True,
15367,,True,
15368,,True,
15369,,True,
15370,,True,
15371,,True,
15372,,True,
15373,,True,
15374,,True,
15375,,True,
15376,,True,
15377,,True,
15378,,True,
15379,,True,
15380,,True,
15381,,True,
15382,,True,
15383,,True,
15384,,True,
15387,,True,
15388,,True,
15389,,True,
15390,,True,
15391,,True,
15392,,True,
15393,,True,
15394,,True,
15395,,True,
15396,,True,
15397,,True,
15398,,True,
15399,,True,
15400,,True,
15401,,True,
15402,,True,
15403,,True,
15404,,True,
15405,,True,
15407,,True,
15408,,True,
15409,,True,
15411,,True,
15412,,True,
15413,,True,
15414,,True,
15415,,True,
15416,,True,
15417,,True,
15418,,True,
15419,,True,
15420,,True,
15421,,True,
15423,,True,
15424,,True,
15425,,True,
15426,,True,
15427,,True,
15428,,True,
15429,,True,
15430,,True,
15431,,True,
15432,,True,
15433,,True,
15434,,True,
15435,,True,
15436,,True,
15437,,True,
15438,,True,
15440,,True,
15441,,True,
15442,,True,
15443,,True,
15445,,True,
15446,,True,
15447,,True,
15449,,True,
15450,,True,
15451,,True,
15452,,True,
15453,,True,
15454,,True,
15455,True,False,
15456,,True,
15457,,True,
15458,,True,
15460,,True,
15461,,True,
15462,,True,
15463,,True,
15464,,True,
15465,,True,
15466,,True,
15467,,True,
15468,,True,
15469,,True,
15470,,True,
15472,,True,
15474,,True,
15475,,True,
15476,,True,
15477,,True,
15478,,True,
15479,True,False,
15480,,True,
15481,,True,
15482,,True,
15483,,True,
15484,,True,
15485,,True,
15486,,True,
15487,,True,
15488,,True,
15489,,True,
15490,,True,
15491,,True,
15492,,True,
15493,,True,
15494,,True,
15495,,True,
15496,,True,
15497,,True,
15498,,True,
15499,,True,
15500,,True,
15501,,True,
15502,,True,
15503,,True,
15504,,True,
15505,,True,
15507,,True,
15508,,True,
15509,False,True,
15510,,True,
15511,,True,
15512,,True,
15513,False,True,
15514,,True,
15515,,True,
15516,,True,
15517,,True,
15518,,True,
15519,,True,
15520,,True,
15521,,True,
15522,,True,
15523,,True,
15524,,True,
15525,,True,
15526,,True,
15527,,True,
15528,,True,
15529,,True,
15530,False,True,
15532,,True,
15533,,True,
15534,,True,
15535,,True,
15536,,True,
15537,,True,
15538,,True,
15539,,True,
15540,,True,
15541,,True,
15542,,True,
15543,,True,
15544,,True,
15545,,True,
15546,,True,
15547,False,True,
15548,,True,
15549,,True,
15550,,True,
15551,,True,
15553,,True,
15556,,True,
15557,,True,
15558,,True,
15559,,True,
15560,,True,
15561,,True,
15562,,True,
15563,,True,
15564,,True,
15565,,True,
15566,,True,
15567,,True,
15568,,True,
15569,,True,
15570,,True,
15571,,True,
15572,,True,
15573,,True,
15574,,True,
15575,,True,
15576,,True,
15577,,True,
15578,,True,
15579,,True,
15580,,True,
15581,,True,
15582,,True,
15583,,True,
15584,,True,
15585,,True,
15586,,True,
15587,,True,
15588,,True,
15589,,True,
15590,,True,
15591,,True,
15592,,True,
15593,,True,
15594,,True,
15601,,True,
15602,,True,
15603,,True,
15604,,True,
15605,,True,
15606,,True,
15607,,True,
15608,,True,
15609,,True,
15611,,True,
15612,,True,
15613,,True,
15614,,True,
15615,,True,
15617,,True,
15618,,True,
15619,,True,
15620,,True,
15621,,True,
15622,False,True,
15623,,True,
15624,,True,
15625,,True,
15626,,True,
15627,,True,
15629,,True,
15631,,True,
15632,,True,
15633,,True,
15634,,True,
15635,,True,
15636,,True,
15638,,True,
15639,,True,
15640,,True,
15641,,True,
15642,,True,
15643,,True,
15644,,True,
15645,,True,
15646,,True,
15647,,True,
15648,,True,
15649,,True,
15650,,True,
15653,,True,
15654,,True,
15655,,True,
15656,,True,
15657,,True,
15658,,True,
15659,,True,
15660,,True,
15661,,True,
15665,,True,
15666,False,True,
15667,,True,
15669,,True,
15670,,True,
15671,,True,
15672,,True,
15673,,True,
15674,,True,
15675,,True,
15676,,True,
15677,,True,
15678,,True,
15679,,True,
15681,,True,
15682,,True,
15683,,True,
15684,,True,
15685,,True,
15686,,True,
15687,,True,
15688,,True,
15689,,True,
15690,,True,
15691,,True,
15692,,True,
15694,,True,
15695,False,True,
15696,,True,
15697,,True,
15698,,True,
15699,,True,
15700,,True,
15701,,True,
15703,,True,
15704,,True,
15705,,True,
15706,,True,
15707,,True,
15708,,True,
15709,,True,
15710,,True,
15711,,True,
15712,,True,
15713,,True,
15714,,True,
15715,,True,
15716,,True,
15717,,True,
15718,,True,
15719,,True,
15721,,True,
15723,,True,
15724,,True,
15725,,True,
15726,,True,
15727,,True,
15728,,True,
15729,,True,
15730,,True,
15731,True,False,
15733,,True,
15734,,True,
15735,,True,
15736,,True,
15737,,True,
15738,,True,
15739,,True,
15741,,True,
15742,,True,
15743,,True,
15744,,True,
15745,,True,
15746,,True,
15747,,True,
15748,,True,
15749,,True,
15750,,True,
15751,,True,
15752,,True,
15753,,True,
15754,,True,
15755,,True,
15756,,True,
15757,,True,
15758,,True,
15759,,True,
15760,,True,
15761,,True,
15762,,True,
15763,,True,
15764,,True,
15765,,True,
15766,,True,
15767,,True,
15768,,True,
15769,,True,
15770,,True,
15771,,True,
15772,,True,
15773,,True,
15774,,True,
15775,,True,
15777,,True,
15778,,True,
15779,,True,
15780,,True,
15781,,True,
15782,,True,
15783,,True,
15784,,True,
15785,,True,
15786,,True,
15787,,True,
15788,,True,
15789,,True,
15790,,True,
15791,,True,
15792,,True,
15793,,True,
15794,,True,
15795,,True,
15796,False,True,
15798,,True,
15799,,True,
15800,,True,
15801,,True,
15802,,True,
15803,,True,
15804,,True,
15805,,True,
15806,,True,
15807,,True,
15808,,True,
15809,,True,
15810,,True,
15811,,True,
15812,,True,
15813,,True,
15814,,True,
15815,False,True,
15816,,True,
15817,,True,
15818,,True,
15819,,True,
15820,,True,
15821,,True,
15823,,True,
15824,,True,
15825,,True,
15826,,True,
15827,,True,
15828,,True,
15829,,True,
15830,,True,
15831,,True,
15832,,True,
15833,,True,
15834,,True,
15835,,True,
15837,,True,
15838,,True,
15839,,True,
15841,,True,
15843,,True,
15844,,True,
15845,,True,
15846,,True,
15847,,True,
15848,,True,
15849,,True,
15850,,True,
15851,,True,
15852,,True,
15853,,True,
15854,,True,
15855,,True,
15856,,True,
15857,,True,
15858,,True,
15859,,True,
15860,,True,
15861,,True,
15862,,True,
15864,,True,
15865,,True,
15867,,True,
15868,,True,
15869,,True,
15870,,True,
15871,,True,
15872,,True,
15873,,True,
15874,,True,
15875,,True,
15876,False,True,
15877,,True,
15878,,True,
15879,,True,
15880,,True,
15881,,True,
15882,,True,
15883,,True,
15884,,True,
15885,,True,
15886,,True,
15887,,True,
15888,,True,
15889,,True,
15890,,True,
15891,,True,
15892,,True,
15894,,True,
15895,,True,
15896,,True,
15897,,True,
15898,,True,
15899,True,False,
15900,,True,
15901,,True,
15902,,True,
15903,,True,
15904,,True,
15905,,True,
15906,,True,
15907,,True,
15908,,True,
15909,,True,
15910,,True,
15911,,True,
15912,,True,
15913,,True,
15914,,True,
15915,,True,
15916,,True,
15917,,True,
15918,,True,
15919,,True,
15920,,True,
15921,,True,
15922,,True,
15923,,True,
15924,,True,
15925,,True,
15926,,True,
15927,,True,
15928,,True,
15929,,True,
15930,,True,
15931,,True,
15932,,True,
15933,,True,
15934,,True,
15935,,True,
15936,,True,
15937,,True,
15938,,True,
15939,,True,
15940,,True,
15942,,True,
15943,,True,
15944,,True,
15945,,True,
15946,,True,
15947,,True,
15949,,True,
15950,,True,
15951,,True,
15952,,True,
15953,,True,
15954,,True,
15955,,True,
15956,,True,
15957,,True,
15958,,True,
15959,,True,
15960,,True,
15961,,True,
15962,,True,
15963,,True,
15964,,True,
15965,,True,
15966,,True,
15967,False,True,
15968,,True,
15969,,True,
15970,,True,
15971,,True,
15973,,True,
15974,,True,
15975,,True,
15976,,True,
15977,,True,
15978,,True,
15979,,True,
15980,,True,
15981,,True,
15982,,True,
15983,,True,
15984,,True,
15985,,True,
15986,,True,
15987,,True,
15988,,True,
15989,,True,
15990,,True,
15991,,True,
15992,,True,
15993,,True,
15994,,True,
15995,,True,
15996,,True,
15997,,True,
15999,,True,
16000,,True,
16001,,True,
16002,,True,
16003,,True,
16004,,True,
16005,,True,
16006,,True,
16007,,True,
16008,,True,
16009,,True,
16010,,True,
16011,,True,
16012,,True,
16014,,True,
16015,,True,
16016,,True,
16017,,True,
16018,,True,
16019,,True,
16020,,True,
16021,,True,
16022,,True,
16023,,True,
16024,,True,
16025,,True,
16026,,True,
16027,,True,
16029,,True,
16030,,True,
16031,False,True,
16032,,True,
16033,,True,
16034,,True,
16035,,True,
16036,,True,
16037,,True,
16038,,True,
16039,,True,
16040,,True,
16041,,True,
16042,,True,
16043,,True,
16044,,True,
16045,,True,
16046,,True,
16047,,True,
16050,,True,
16051,,True,
16052,,True,
16053,,True,
16054,,True,
16055,,True,
16056,,True,
16057,,True,
16058,,True,
16059,,True,
16060,,True,
16061,,True,
16062,,True,
16063,,True,
16064,,True,
16065,,True,
16066,,True,
16067,,True,
16068,,True,
16070,,True,
16071,,True,
16072,,True,
16073,,True,
16074,,True,
16075,,True,
16076,,True,
16077,,True,
16078,,True,
16079,,True,
16080,,True,
16081,,True,
16082,,True,
16083,,True,
16084,,True,
16085,,True,
16086,,True,
16087,,True,
16088,,True,
16089,,True,
16090,False,True,
16092,,True,
16093,,True,
16094,,True,
16095,,True,
16096,,True,
16098,,True,
16100,,True,
16101,,True,
16102,,True,
16103,,True,
16104,,True,
16105,,True,
16106,,True,
16107,,True,
16108,,True,
16109,False,True,
16111,,True,
16112,,True,
16113,,True,
16114,,True,
16115,,True,
16116,,True,
16117,,True,
16118,,True,
16120,,True,
16121,,True,
16123,,True,
16124,,True,
16125,,True,
16126,,True,
16127,,True,
16128,,True,
16129,,True,
16130,,True,
16131,,True,
16132,,True,
16133,,True,
16134,,True,
16135,,True,
16136,,True,
16137,,True,
16138,,True,
16139,,True,
16140,,True,
16141,,True,
16142,,True,
16143,,True,
16144,,True,
16146,,True,
16147,,True,
16148,,True,
16149,,True,
16150,,True,
16151,,True,
16152,,True,
16154,,True,
16155,,True,
16156,False,True,
16157,,True,
16158,,True,
16159,,True,
16160,,True,
16161,,True,
16162,,True,
16163,,True,
16164,,True,
16165,,True,
16167,,True,
16168,,True,
16169,,True,
16170,,True,
16171,,True,
16172,,True,
16173,,True,
16174,,True,
16175,,True,
16176,,True,
16177,,True,
16178,,True,
16179,,True,
16182,,True,
16183,,True,
16184,,True,
16185,,True,
16186,,True,
16187,,True,
16188,,True,
16189,,True,
16190,,True,
16191,,True,
16192,,True,
16193,,True,
16194,,True,
16195,,True,
16196,,True,
16197,,True,
16198,,True,
16199,,True,
16200,,True,
16201,,True,
16202,,True,
16203,,True,
16204,,True,
16206,,True,
16207,,True,
16208,,True,
16209,,True,
16210,,True,
16211,,True,
16212,,True,
16214,,True,
16216,,True,
16217,,True,
16219,,True,
16220,,True,
16221,,True,
16222,,True,
16223,,True,
16224,,True,
16226,,True,
16227,,True,
16229,,True,
16230,,True,
16231,,True,
16232,,True,
16233,,True,
16234,,True,
16235,,True,
16236,,True,
16237,,True,
16238,,True,
16239,,True,
16240,,True,
16241,,True,
16242,,True,
16243,,True,
16244,,True,
16245,,True,
16247,,True,
16248,,True,
16249,,True,
16250,,True,
16251,,True,
16252,,True,
16253,,True,
16254,,True,
16255,,True,
16256,,True,
16257,,True,
16258,,True,
16259,,True,
16260,,True,
16261,,True,
16262,,True,
16263,,True,
16264,,True,
16265,,True,
16266,,True,
16267,,True,
16268,,True,
16269,,True,
16270,,True,
16271,,True,
16273,,True,
16274,,True,
16276,,True,
16277,,True,
16278,,True,
16279,,True,
16280,,True,
16281,,True,
16282,,True,
16283,,True,
16285,,True,
16287,,True,
16288,,True,
16289,,True,
16290,,True,
16291,,True,
16292,,True,
16293,,True,
16294,,True,
16295,,True,
16296,,True,
16298,,True,
16299,,True,
16300,,True,
16301,,True,
16302,,True,
16303,,True,
16304,,True,
16305,,True,
16306,,True,
16307,,True,
16308,,True,
16309,,True,
16310,,True,
16311,,True,
16312,,True,
16314,,True,
16315,,True,
16316,,True,
16318,,True,
16319,,True,
16320,,True,
16321,,True,
16322,,True,
16323,,True,
16324,,True,
16325,,True,
16326,,True,
16327,,True,
16328,,True,
16329,,True,
16330,,True,
16331,,True,
16332,,True,
16333,,True,
16334,,True,
16335,,True,
16336,,True,
16337,,True,
16338,,True,
16339,,True,
16340,,True,
16341,,True,
16342,,True,
16343,,True,
16344,,True,
16346,,True,
16347,,True,
16348,,True,
16349,,True,
16350,,True,
16351,,True,
16352,,True,
16353,,True,
16355,,True,
16356,,True,
16358,,True,
16359,,True,
16360,,True,
16361,,True,
16362,,True,
16363,,True,
16364,,True,
16365,,True,
16366,,True,
16367,,True,
16368,,True,
16369,,True,
16370,,True,
16372,,True,
16373,,True,
16374,,True,
16375,,True,
16376,,True,
16377,,True,
16378,,True,
16380,,True,
16381,,True,
16382,,True,
16383,,True,
16384,,True,
16385,,True,
16386,,True,
16387,False,True,
16388,,True,
16389,,True,
16390,,True,
16391,,True,
16392,,True,
16393,,True,
16394,,True,
16395,,True,
16396,,True,
16397,,True,
16398,,True,
16399,,True,
16401,,True,
16402,,True,
16403,,True,
16404,,True,
16405,,True,
16406,,True,
16407,,True,
16408,,True,
16409,,True,
16410,,True,
16411,,True,
16412,,True,
16413,,True,
16414,,True,
16415,,True,
16416,,True,
16417,,True,
16418,,True,
16419,,True,
16420,,True,
16421,,True,
16422,,True,
16423,,True,
16424,,True,
16425,,True,
16426,,True,
16427,,True,
16428,,True,
16429,,True,
16430,,True,
16431,,True,
16432,,True,
16433,,True,
16434,,True,
16435,,True,
16436,,True,
16437,,True,
16438,,True,
16439,,True,
16440,,True,
16441,,True,
16442,,True,
16443,,True,
16444,,True,
16445,,True,
16446,,True,
16447,,True,
16448,,True,
16449,,True,
16450,,True,
16451,,True,
16452,,True,
16453,,True,
16455,,True,
16456,,True,
16457,,True,
16458,,True,
16460,,True,
16461,,True,
16462,,True,
16463,,True,
16464,,True,
16465,,True,
16466,,True,
16468,,True,
16469,,True,
16470,,True,
16471,,True,
16472,,True,
16473,,True,
16474,,True,
16476,,True,
16477,,True,
16478,,True,
16479,,True,
16482,,True,
16483,,True,
16484,,True,
16485,,True,
16486,,True,
16487,,True,
16488,,True,
16489,,True,
16490,,True,
16491,,True,
16492,,True,
16493,,True,
16494,,True,
16495,,True,
16496,,True,
16497,,True,
16498,,True,
16499,,True,
16501,,True,
16502,,True,
16503,,True,
16504,,True,
16505,,True,
16506,,True,
16507,,True,
16508,,True,
16509,,True,
16510,,True,
16511,,True,
16513,,True,
16514,,True,
16515,,True,
16516,,True,
16517,,True,
16518,,True,
16519,,True,
16520,,True,
16521,,True,
16522,,True,
16523,,True,
16524,,True,
16526,,True,
16527,,True,
16528,,True,
16529,,True,
16530,,True,
16531,,True,
16532,,True,
16533,False,True,
16534,,True,
16535,,True,
16536,,True,
16537,,True,
16538,False,True,
16539,,True,
16540,,True,
16541,,True,
16542,,True,
16543,,True,
16544,,True,
16545,,True,
16546,,True,
16547,,True,
16548,,True,
16550,,True,
16552,True,False,
16553,,True,
16554,,True,
16555,,True,
16556,,True,
16558,,True,
16559,,True,
16560,,True,
16561,,True,
16562,,True,
16563,,True,
16564,,True,
16565,,True,
16566,,True,
16567,,True,
16568,,True,
16569,,True,
16571,False,True,
16572,,True,
16574,,True,
16575,,True,
16576,,True,
16577,,True,
16578,,True,
16579,,True,
16581,,True,
16583,,True,
16584,,True,
16586,,True,
16587,,True,
16588,,True,
16589,,True,
16590,,True,
16591,,True,
16592,,True,
16593,,True,
16594,,True,
16595,,True,
16598,,True,
16599,,True,
16600,,True,
16601,,True,
16602,,True,
16603,,True,
16604,,True,
16605,,True,
16606,,True,
16607,,True,
16608,,True,
16610,,True,
16611,,True,
16612,,True,
16613,,True,
16614,True,False,
16615,,True,
16616,,True,
16618,,True,
16619,,True,
16621,,True,
16622,,True,
16623,,True,
16624,,True,
16626,,True,
16627,,True,
16628,,True,
16629,,True,
16630,,True,
16631,,True,
16632,,True,
16633,,True,
16634,,True,
16635,,True,
16636,,True,
16637,,True,
16638,False,True,
16639,,True,
16640,,True,
16641,,True,
16642,,True,
16644,,True,
16645,,True,
16646,,True,
16647,,True,
16648,,True,
16649,,True,
16651,,True,
16652,,True,
16654,,True,
16655,,True,
16656,,True,
16657,,True,
16658,,True,
16659,,True,
16660,,True,
16661,,True,
16662,,True,
16664,,True,
16665,,True,
16666,,True,
16667,,True,
16668,,True,
16669,,True,
16670,,True,
16671,,True,
16672,,True,
16673,,True,
16674,,True,
16675,,True,
16676,,True,
16677,,True,
16678,,True,
16679,,True,
16681,,True,
16682,,True,
16683,,True,
16684,,True,
16685,,True,
16686,,True,
16687,,True,
16688,,True,
16689,,True,
16700,,True,
16701,,True,
16702,,True,
16703,,True,
16704,,True,
16705,,True,
16707,,True,
16708,,True,
16709,,True,
16710,,True,
16711,,True,
16712,,True,
16715,,True,
16716,,True,
16717,,True,
16718,,True,
16719,,True,
16720,,True,
16721,,True,
16722,,True,
16723,,True,
16725,,True,
16726,,True,
16727,,True,
16728,,True,
16729,,True,
16730,,True,
16731,,True,
16732,,True,
16733,,True,
16734,,True,
16735,,True,
16736,,True,
16738,,True,
16740,,True,
16741,,True,
16742,,True,
16743,,True,
16745,,True,
16746,,True,
16747,,True,
16748,,True,
16750,,True,
16751,,True,
16752,,True,
16753,,True,
16754,,True,
16755,,True,
16756,,True,
16757,,True,
16759,,True,
16760,,True,
16761,,True,
16763,,True,
16764,,True,
16765,,True,
16766,,True,
16767,,True,
16768,,True,
16769,,True,
16770,,True,
16771,,True,
16772,,True,
16773,,True,
16775,,True,
16776,,True,
16777,,True,
16778,,True,
16779,,True,
16780,,True,
16781,,True,
16782,,True,
16783,,True,
16784,,True,
16785,,True,
16786,,True,
16787,,True,
16788,,True,
16789,,True,
16790,,True,
16791,,True,
16792,,True,
16793,,True,
16794,,True,
16795,,True,
16796,,True,
16797,,True,
16798,True,False,
16799,,True,
16800,,True,
16801,,True,
16802,,True,
16804,,True,
16805,,True,
16806,,True,
16807,,True,
16808,,True,
16809,False,True,
16810,,True,
16811,,True,
16812,,True,
16813,,True,
16814,,True,
16815,,True,
16816,,True,
16817,,True,
16818,,True,
16819,,True,
16820,,True,
16821,,True,
16822,,True,
16823,,True,
16824,,True,
16825,,True,
16826,,True,
16827,,True,
16828,,True,
16829,,True,
16830,,True,
16831,,True,
16832,,True,
16833,,True,
16834,,True,
16835,,True,
16836,,True,
16837,,True,
16838,,True,
16839,,True,
16840,,True,
16841,,True,
16842,,True,
16843,,True,
16844,,True,
16845,,True,
16846,,True,
16847,,True,
16848,,True,
16849,,True,
16850,,True,
16851,,True,
16853,,True,
16855,,True,
16856,,True,
16857,,True,
16858,,True,
16859,,True,
16860,,True,
16861,,True,
16862,,True,
16863,,True,
16864,,True,
16865,,True,
16866,,True,
16867,,True,
16869,,True,
16870,,True,
16871,,True,
16872,,True,
16873,,True,
16874,,True,
16875,,True,
16876,,True,
16877,,True,
16878,,True,
16879,,True,
16880,,True,
16881,,True,
16882,,True,
16883,,True,
16884,,True,
16885,,True,
16887,,True,
16888,,True,
16889,,True,
16890,,True,
16891,,True,
16892,,True,
16894,,True,
16895,,True,
16896,,True,
16897,,True,
16898,,True,
16899,,True,
16900,,True,
16901,,True,
16902,,True,
16903,,True,
16904,,True,
16905,,True,
16906,,True,
16907,,True,
16908,,True,
16909,,True,
16910,,True,
16911,,True,
16912,,True,
16913,,True,
16914,,True,
16915,,True,
16916,,True,
16917,,True,
16918,,True,
16919,,True,
16920,,True,
16921,,True,
16922,,True,
16923,,True,
16924,,True,
16925,,True,
16926,,True,
16927,,True,
16928,,True,
16929,,True,
16930,,True,
16932,,True,
16933,,True,
16934,,True,
16935,,True,
16936,,True,
16937,,True,
16938,,True,
16939,,True,
16940,,True,
16941,,True,
16942,,True,
16943,,True,
16944,,True,
16945,,True,
16946,,True,
16947,,True,
16948,,True,
16949,,True,
16950,,True,
16951,,True,
16952,,True,
16953,,True,
16955,,True,
16957,,True,
16958,,True,
16959,,True,
16960,,True,
16962,,True,
16963,,True,
16966,,True,
16967,,True,
16968,,True,
16969,,True,
16970,,True,
16971,,True,
16972,,True,
16973,,True,
16974,,True,
16976,,True,
16978,,True,
16979,,True,
16982,False,True,
16983,,True,
16984,,True,
16985,,True,
16987,,True,
16988,,True,
16989,,True,
16990,,True,
16991,,True,
16992,,True,
16993,,True,
16994,,True,
16996,,True,
16997,,True,
16998,,True,
17000,,True,
17001,,True,
17002,,True,
17003,,True,
17004,,True,
17005,,True,
17006,,True,
17007,,True,
17008,,True,
17009,,True,
17010,,True,
17011,,True,
17012,,True,
17013,,True,
17014,,True,
17015,,True,
17016,,True,
17017,,True,
17018,,True,
17020,,True,
17021,,True,
17022,,True,
17023,,True,
17024,,True,
17025,,True,
17027,,True,
17028,,True,
17029,,True,
17030,,True,
17031,,True,
17032,,True,
17033,,True,
17034,,True,
17035,,True,
17036,,True,
17037,,True,
17038,,True,
17040,,True,
17041,,True,
17042,,True,
17043,,True,
17044,,True,
17045,,True,
17046,,True,
17047,,True,
17048,,True,
17049,,True,
17050,,True,
17051,,True,
17052,,True,
17053,,True,
17054,,True,
17055,,True,
17056,,True,
17057,,True,
17058,,True,
17060,,True,
17061,,True,
17062,,True,
17063,,True,
17064,,True,
17065,,True,
17066,,True,
17067,,True,
17068,,True,
17069,,True,
17070,,True,
17074,,True,
17075,,True,
17077,,True,
17078,,True,
17079,,True,
17080,,True,
17081,,True,
17082,,True,
17083,,True,
17084,,True,
17085,,True,
17086,,True,
17087,,True,
17088,,True,
17089,,True,
17090,,True,
17091,,True,
17092,,True,
17093,,True,
17094,,True,
17095,,True,
17096,,True,
17098,,True,
17099,,True,
17100,,True,
17101,,True,
17102,,True,
17104,,True,
17105,,True,
17106,,True,
17107,,True,
17108,,True,
17109,,True,
17110,,True,
17111,,True,
17112,,True,
17113,,True,
17114,,True,
17115,,True,
17116,,True,
17117,,True,
17118,,True,
17119,,True,
17120,,True,
17121,,True,
17122,,True,
17123,,True,
17124,,True,
17125,,True,
17126,,True,
17127,,True,
17128,,True,
17129,,True,
17130,,True,
17131,,True,
17135,,True,
17136,,True,
17137,,True,
17138,,True,
17139,,True,
17140,,True,
17141,,True,
17142,,True,
17143,,True,
17144,,True,
17145,,True,
17146,,True,
17147,,True,
17148,,True,
17149,,True,
17150,,True,
17151,,True,
17152,,True,
17153,,True,
17154,,True,
17156,,True,
17157,,True,
17158,,True,
17159,,True,
17160,,True,
17161,,True,
17162,,True,
17163,,True,
17170,,True,
17172,,True,
17173,,True,
17174,,True,
17175,,True,
17176,,True,
17181,,True,
17182,,True,
17183,,True,
17184,,True,
17185,,True,
17186,,True,
17188,,True,
17189,,True,
17191,,True,
17192,,True,
17193,,True,
17194,,True,
17195,,True,
17196,,True,
17197,,True,
17199,,True,
17200,,True,
17201,,True,
17202,,True,
17203,,True,
17204,,True,
17205,,True,
17206,,True,
17207,,True,
17208,,True,
17209,,True,
17210,,True,
17211,,True,
17212,,True,
17213,,True,
17214,,True,
17215,,True,
17216,,True,
17217,,True,
17218,,True,
17219,,True,
17220,,True,
17221,,True,
17222,,True,
17223,,True,
17224,,True,
17225,,True,
17226,,True,
17227,,True,
17228,,True,
17230,,True,
17231,,True,
17232,,True,
17233,,True,
17236,,True,
17237,,True,
17238,,True,
17239,,True,
17240,,True,
17241,,True,
17242,,True,
17243,,True,
17245,,True,
17246,,True,
17247,,True,
17248,,True,
17249,,True,
17250,,True,
17251,,True,
17252,,True,
17253,,True,
17254,,True,
17255,,True,
17256,,True,
17257,,True,
17258,,True,
17259,,True,
17260,,True,
17261,,True,
17262,,True,
17263,,True,
17264,,True,
17265,,True,
17266,,True,
17267,,True,
17268,,True,
17269,,True,
17270,,True,
17271,,True,
17272,,True,
17274,,True,
17275,,True,
17276,,True,
17277,,True,
17279,,True,
17280,,True,
17281,,True,
17282,,True,
17283,,True,
17284,,True,
17285,,True,
17286,,True,
17287,,True,
17288,,True,
17291,,True,
17292,,True,
17293,,True,
17294,,True,
17295,,True,
17296,,True,
17297,,True,
17298,,True,
17299,,True,
17300,,True,
17301,,True,
17302,,True,
17303,,True,
17305,,True,
17306,,True,
17307,,True,
17308,,True,
17309,,True,
17310,,True,
17311,,True,
17312,,True,
17313,,True,
17314,,True,
17315,,True,
17316,,True,
17317,,True,
17318,,True,
17319,,True,
17320,,True,
17321,,True,
17322,,True,
17323,,True,
17324,,True,
17325,,True,
17326,,True,
17327,,True,
17328,,True,
17329,,True,
17330,,True,
17331,,True,
17333,,True,
17334,,True,
17335,,True,
17336,,True,
17337,,True,
17338,,True,
17339,,True,
17340,,True,
17341,True,False,
17342,,True,
17343,,True,
17344,,True,
17345,,True,
17346,,True,
17347,,True,
17348,,True,
17349,,True,
17350,,True,
17351,,True,
17352,,True,
17353,,True,
17354,,True,
17355,,True,
17356,,True,
17357,,True,
17358,,True,
17359,,True,
17360,,True,
17361,,True,
17362,,True,
17363,,True,
17364,,True,
17365,,True,
17367,,True,
17368,,True,
17370,,True,
17371,,True,
17372,,True,
17374,False,True,
17375,,True,
17376,,True,
17377,,True,
17378,,True,
17379,,True,
17380,,True,
17381,,True,
17382,,True,
17384,,True,
17385,,True,
17386,,True,
17387,,True,
17388,,True,
17389,,True,
17390,,True,
17391,,True,
17392,False,True,
17394,,True,
17395,,True,
17396,,True,
17397,,True,
17398,True,False,
17399,,True,
17400,,True,
17401,False,True,
17402,,True,
17403,,True,
17404,,True,
17405,,True,
17406,,True,
17407,,True,
17408,,True,
17409,,True,
17411,,True,
17412,,True,
17413,,True,
17414,,True,
17415,,True,
17416,,True,
17418,,True,
17419,,True,
17420,,True,
17421,,True,
17422,,True,
17423,,True,
17424,,True,
17425,,True,
17426,,True,
17428,,True,
17429,,True,
17430,,True,
17431,,True,
17432,,True,
17433,,True,
17434,,True,
17435,,True,
17440,,True,
17441,False,True,
17442,,True,
17443,,True,
17444,,True,
17445,,True,
17446,,True,
17447,,True,
17448,,True,
17449,,True,
17450,,True,
17451,,True,
17452,,True,
17454,,True,
17455,,True,
17456,,True,
17457,,True,
17459,,True,
17460,,True,
17461,,True,
17462,,True,
17464,,True,
17465,,True,
17466,,True,
17468,,True,
17469,,True,
17470,,True,
17471,,True,
17473,,True,
17474,,True,
17476,,True,
17477,,True,
17478,,True,
17479,,True,
17480,,True,
17483,,True,
17484,,True,
17485,,True,
17487,,True,
17488,,True,
17489,,True,
17490,True,False,
17491,,True,
17492,,True,
17494,,True,
17496,,True,
17497,,True,
17499,,True,
17501,,True,
17502,,True,
17503,,True,
17504,,True,
17505,,True,
17506,,True,
17507,,True,
17508,,True,
17509,,True,
17510,,True,
17511,,True,
17512,,True,
17513,,True,
17514,,True,
17515,,True,
17516,,True,
17517,,True,
17518,,True,
17519,,True,
17520,,True,
17521,,True,
17522,,True,
17523,,True,
17524,,True,
17525,,True,
17526,,True,
17528,,True,
17529,,True,
17530,,True,
17532,,True,
17533,,True,
17534,,True,
17535,,True,
17536,,True,
17537,,True,
17538,,True,
17539,,True,
17540,,True,
17541,,True,
17542,,True,
17543,,True,
17544,,True,
17545,,True,
17546,,True,
17547,False,True,
17549,,True,
17550,,True,
17551,,True,
17552,,True,
17553,,True,
17554,,True,
17555,,True,
17556,,True,
17559,,True,
17560,,True,
17561,,True,
17562,,True,
17563,,True,
17564,,True,
17565,,True,
17566,,True,
17567,,True,
17569,,True,
17570,,True,
17571,,True,
17572,,True,
17573,,True,
17574,,True,
17575,,True,
17577,,True,
17579,,True,
17580,,True,
17581,,True,
17582,,True,
17583,,True,
17584,,True,
17585,False,True,
17586,True,False,
17587,,True,
17588,,True,
17590,,True,
17591,,True,
17592,,True,
17593,,True,
17594,,True,
17595,,True,
17596,,True,
17597,,True,
17598,,True,
17599,,True,
17600,,True,
17601,,True,
17602,,True,
17603,,True,
17604,,True,
17605,,True,
17606,,True,
17607,,True,
17608,,True,
17609,,True,
17610,,True,
17611,,True,
17612,,True,
17613,,True,
17614,,True,
17615,,True,
17616,,True,
17617,,True,
17618,,True,
17619,,True,
17620,,True,
17621,,True,
17622,,True,
17623,,True,
17624,,True,
17625,,True,
17626,,True,
17628,,True,
17629,,True,
17630,,True,
17631,,True,
17632,,True,
17633,,True,
17634,,True,
17635,,True,
17636,,True,
17637,,True,
17638,,True,
17639,,True,
17640,,True,
17641,,True,
17642,,True,
17643,,True,
17644,,True,
17645,,True,
17646,,True,
17647,,True,
17648,,True,
17649,,True,
17650,,True,
17651,,True,
17652,,True,
17653,,True,
17654,,True,
17655,False,True,
17656,,True,
17657,,True,
17658,,True,
17659,,True,
17660,,True,
17661,,True,
17662,,True,
17663,,True,
17664,,True,
17665,,True,
17666,,True,
17667,,True,
17668,,True,
17669,,True,
17670,,True,
17671,,True,
17672,,True,
17674,,True,
17675,,True,
17676,,True,
17677,,True,
17678,,True,
17679,,True,
17680,,True,
17682,,True,
17683,,True,
17684,,True,
17685,,True,
17688,,True,
17689,,True,
17690,,True,
17691,,True,
17692,,True,
17695,,True,
17696,,True,
17697,,True,
17698,,True,
17699,,True,
17700,,True,
17701,,True,
17702,,True,
17703,,True,
17704,True,False,
17705,,True,
17706,,True,
17707,,True,
17708,,True,
17709,,True,
17710,,True,
17712,,True,
17713,,True,
17714,,True,
17715,,True,
17717,,True,
17718,,True,
17719,,True,
17720,,True,
17721,,True,
17722,,True,
17723,,True,
17724,,True,
17725,,True,
17726,,True,
17727,,True,
17728,,True,
17729,,True,
17730,,True,
17731,,True,
17732,,True,
17733,True,False,
17734,,True,
17735,,True,
17736,,True,
17738,,True,
17739,,True,
17740,,True,
17741,,True,
17742,,True,
17743,,True,
17744,,True,
17745,,True,
17746,,True,
17747,,True,
17748,,True,
17749,,True,
17750,,True,
17751,,True,
17752,,True,
17753,,True,
17754,,True,
17755,,True,
17756,,True,
17757,,True,
17758,,True,
17759,,True,
17760,,True,
17761,,True,
17762,,True,
17764,,True,
17765,,True,
17766,,True,
17767,,True,
17768,,True,
17769,,True,
17770,,True,
17771,,True,
17772,,True,
17774,,True,
17775,,True,
17776,,True,
17777,,True,
17778,,True,
17779,,True,
17780,,True,
17782,,True,
17783,,True,
17784,,True,
17785,,True,
17786,,True,
17787,,True,
17788,,True,
17789,,True,
17790,,True,
17791,,True,
17792,,True,
17793,,True,
17794,,True,
17795,,True,
17796,,True,
17797,,True,
17798,,True,
17799,,True,
17801,,True,
17802,,True,
17804,,True,
17806,,True,
17807,,True,
17808,,True,
17809,,True,
17810,,True,
17811,,True,
17812,,True,
17813,,True,
17814,,True,
17815,,True,
17816,,True,
17817,,True,
17818,,True,
17819,,True,
17821,,True,
17822,,True,
17823,,True,
17824,,True,
17825,,True,
17826,,True,
17827,,True,
17829,,True,
17830,,True,
17831,,True,
17832,,True,
17834,,True,
17837,,True,
17838,,True,
17839,,True,
17840,,True,
17841,,True,
17842,,True,
17843,,True,
17844,,True,
17845,,True,
17846,,True,
17847,,True,
17848,,True,
17849,,True,
17850,,True,
17851,,True,
17852,,True,
17853,,True,
17854,,True,
17855,,True,
17856,,True,
17857,,True,
17858,,True,
17860,,True,
17861,,True,
17862,,True,
17863,,True,
17864,,True,
17865,,True,
17866,,True,
17867,,True,
17868,,True,
17869,,True,
17870,,True,
17871,,True,
17872,,True,
17873,,True,
17874,,True,
17875,,True,
17876,,True,
17877,,True,
17878,,True,
17879,,True,
17880,,True,
17881,,True,
17882,,True,
17883,,True,
17884,,True,
17885,,True,
17886,,True,
17887,,True,
17888,,True,
17889,,True,
17890,,True,
17891,,True,
17892,,True,
17893,,True,
17894,,True,
17895,,True,
17896,,True,
17897,,True,
17898,,True,
17899,,True,
17900,,True,
17901,,True,
17902,,True,
17904,,True,
17905,,True,
17906,,True,
17907,,True,
17908,,True,
17909,,True,
17910,,True,
17911,,True,
17912,,True,
17913,,True,
17914,,True,
17915,,True,
17916,,True,
17917,,True,
17918,,True,
17921,,True,
17922,,True,
17923,,True,
17924,True,False,
17925,,True,
17926,,True,
17927,,True,
17928,,True,
17930,,True,
17931,,True,
17932,,True,
17933,,True,
17934,,True,
17936,,True,
17937,,True,
17939,,True,
17940,,True,
17941,,True,
17942,,True,
17943,,True,
17944,,True,
17946,,True,
17947,,True,
17948,,True,
17949,,True,
17950,,True,
17951,,True,
17952,,True,
17953,,True,
17954,,True,
17955,,True,
17956,,True,
17957,,True,
17958,,True,
17959,,True,
17960,,True,
17961,,True,
17962,,True,
17963,,True,
17964,,True,
17965,,True,
17966,,True,
17967,,True,
17968,,True,
17969,,True,
17970,,True,
17971,,True,
17972,,True,
17973,,True,
17974,,True,
17975,,True,
17976,,True,
17977,,True,
17978,,True,
17979,,True,
17980,,True,
17981,,True,
17982,,True,
17983,,True,
17984,,True,
17985,,True,
17986,,True,
17987,,True,
17988,,True,
17989,,True,
17990,,True,
17991,,True,
17992,,True,
17993,,True,
17994,,True,
17995,,True,
17996,,True,
17997,,True,
17998,,True,
17999,,True,
18000,,True,
18001,,True,
18002,,True,
18003,,True,
18004,,True,
18005,,True,
18006,,True,
18007,,True,
18008,,True,
18009,,True,
18010,,True,
18011,,True,
18013,,True,
18014,,True,
18015,,True,
18016,,True,
18017,,True,
18018,,True,
18020,,True,
18021,,True,
18022,,True,
18023,,True,
18024,,True,
18025,,True,
18026,,True,
18027,,True,
18028,,True,
18029,,True,
18030,,True,
18031,,True,
18032,,True,
18033,,True,
18035,,True,
18036,,True,
18037,,True,
18038,,True,
18039,,True,
18040,,True,
18041,,True,
18042,,True,
18043,,True,
18044,,True,
18045,,True,
18046,,True,
18047,,True,
18048,,True,
18049,,True,
18050,,True,
18051,,True,
18052,,True,
18053,,True,
18054,,True,
18055,,True,
18056,,True,
18057,False,True,
18058,,True,
18059,,True,
18060,,True,
18061,,True,
18062,,True,
18063,,True,
18064,,True,
18065,,True,
18066,,True,
18068,,True,
18069,,True,
18070,,True,
18072,,True,
18073,,True,
18076,,True,
18077,,True,
18078,,True,
18079,,True,
18080,,True,
18081,,True,
18082,,True,
18083,,True,
18084,,True,
18085,,True,
18086,False,True,
18087,,True,
18088,,True,
18089,,True,
18090,,True,
18091,,True,
18092,,True,
18093,False,True,
18094,,True,
18095,,True,
18096,,True,
18097,,True,
18098,,True,
18100,,True,
18101,,True,
18102,,True,
18103,,True,
18104,,True,
18105,,True,
18106,,True,
18107,,True,
18109,,True,
18110,,True,
18111,,True,
18112,,True,
18113,,True,
18114,,True,
18115,,True,
18116,True,False,
18117,,True,
18118,,True,
18119,,True,
18120,,True,
18121,,True,
18122,,True,
18123,,True,
18124,,True,
18126,,True,
18127,,True,
18128,,True,
18129,,True,
18130,,True,
18150,,True,
18151,,True,
18152,,True,
18153,,True,
18154,,True,
18155,,True,
18156,,True,
18158,,True,
18159,,True,
18160,,True,
18161,,True,
18162,,True,
18163,,True,
18164,,True,
18165,,True,
18166,,True,
18167,False,True,
18168,,True,
18169,,True,
18170,,True,
18171,,True,
18172,,True,
18173,,True,
18174,,True,
18175,,True,
18176,,True,
18177,,True,
18178,,True,
18180,,True,
18181,True,False,
18182,,True,
18183,,True,
18184,,True,
18185,,True,
18186,,True,
18187,,True,
18188,,True,
18189,,True,
18190,,True,
18191,,True,
18192,,True,
18193,,True,
18194,,True,
18195,,True,
18196,,True,
18197,,True,
18198,,True,
18199,,True,
18200,,True,
18201,,True,
18202,,True,
18203,,True,
18204,,True,
18205,,True,
18206,,True,
18208,,True,
18209,,True,
18210,,True,
18211,,True,
18212,,True,
18213,,True,
18214,,True,
18215,,True,
18216,,True,
18217,,True,
18218,,True,
18219,,True,
18220,,True,
18221,,True,
18222,,True,
18223,,True,
18224,,True,
18225,,True,
18226,,True,
18227,,True,
18228,,True,
18230,,True,
18231,,True,
18232,,True,
18233,,True,
18234,,True,
18236,,True,
18237,,True,
18238,,True,
18239,,True,
18240,,True,
18241,,True,
18242,,True,
18243,,True,
18244,,True,
18246,,True,
18247,,True,
18248,,True,
18250,,True,
18251,,True,
18252,,True,
18253,,True,
18254,,True,
18255,,True,
18256,,True,
18257,,True,
18258,,True,
18259,,True,
18261,,True,
18262,,True,
18263,,True,
18264,,True,
18265,,True,
18266,,True,
18267,,True,
18268,,True,
18269,,True,
18270,,True,
18271,,True,
18272,,True,
18273,,True,
18274,,True,
18275,,True,
18276,,True,
18277,,True,
18278,,True,
18279,False,True,
18280,,True,
18281,,True,
18282,,True,
18283,,True,
18284,,True,
18285,,True,
18287,,True,
18288,,True,
18289,,True,
18290,,True,
18291,,True,
18292,,True,
18293,False,True,
18294,,True,
18295,,True,
18296,,True,
18297,,True,
18298,,True,
18299,,True,
18300,,True,
18302,,True,
18303,,True,
18304,,True,
18305,,True,
18306,,True,
18307,,True,
18308,,True,
18309,,True,
18310,,True,
18311,,True,
18312,,True,
18313,,True,
18314,,True,
18315,,True,
18316,,True,
18317,,True,
18319,,True,
18320,,True,
18321,,True,
18323,,True,
18324,,True,
18325,,True,
18326,,True,
18327,,True,
18328,,True,
18329,,True,
18330,,True,
18331,,True,
18332,,True,
18333,,True,
18334,,True,
18335,,True,
18336,,True,
18337,,True,
18338,,True,
18339,,True,
18340,,True,
18341,,True,
18342,,True,
18343,,True,
18344,,True,
18345,,True,
18346,,True,
18347,,True,
18348,,True,
18349,,True,
18350,,True,
18351,False,True,
18352,,True,
18353,,True,
18354,True,False,
18355,,True,
18356,,True,
18357,,True,
18358,,True,
18359,,True,
18360,,True,
18361,,True,
18362,,True,
18363,,True,
18364,,True,
18365,,True,
18366,,True,
18367,,True,
18368,,True,
18369,,True,
18370,,True,
18371,,True,
18372,,True,
18374,,True,
18375,,True,
18376,,True,
18377,,True,
18378,,True,
18379,,True,
18380,,True,
18381,,True,
18382,,True,
18383,,True,
18384,,True,
18385,,True,
18386,,True,
18387,,True,
18388,,True,
18389,True,False,
18390,,True,
18391,,True,
18392,,True,
18393,,True,
18394,,True,
18395,,True,
18396,,True,
18397,,True,
18398,,True,
18399,,True,
18400,,True,
18401,,True,
18402,,True,
18403,,True,
18404,,True,
18405,,True,
18406,,True,
18407,,True,
18408,,True,
18409,,True,
18410,,True,
18411,,True,
18412,,True,
18414,True,False,
18415,,True,
18416,,True,
18417,,True,
18418,True,False,
18419,,True,
18420,,True,
18421,,True,
18422,,True,
18423,,True,
18424,,True,
18425,,True,
18426,,True,
18427,,True,
18428,,True,
18430,,True,
18431,,True,
18432,,True,
18433,,True,
18434,,True,
18435,,True,
18436,,True,
18437,,True,
18438,,True,
18439,,True,
18440,,True,
18441,,True,
18442,,True,
18443,,True,
18444,,True,
18445,,True,
18446,,True,
18447,,True,
18448,True,False,
18449,,True,
18450,,True,
18451,,True,
18452,,True,
18453,,True,
18454,,True,
18455,,True,
18456,,True,
18457,,True,
18458,,True,
18459,,True,
18460,,True,
18461,,True,
18462,,True,
18464,,True,
18465,,True,
18466,,True,
18467,,True,
18468,,True,
18469,,True,
18470,,True,
18471,,True,
18472,,True,
18473,,True,
18474,,True,
18475,,True,
18476,,True,
18477,,True,
18478,,True,
18479,,True,
18480,,True,
18481,,True,
18482,,True,
18483,,True,
18484,,True,
18485,,True,
18486,,True,
18487,,True,
18488,,True,
18489,,True,
18490,,True,
18491,,True,
18492,,True,
18493,,True,
18494,False,True,
18495,,True,
18496,,True,
18497,,True,
18498,,True,
18499,,True,
18500,,True,
18501,,True,
18502,,True,
18503,,True,
18504,,True,
18505,,True,
18506,,True,
18507,,True,
18508,,True,
18509,,True,
18510,,True,
18512,,True,
18513,,True,
18514,,True,
18515,,True,
18516,,True,
18517,,True,
18518,,True,
18519,,True,
18520,,True,
18521,,True,
18522,,True,
18523,,True,
18524,,True,
18525,,True,
18526,,True,
18527,,True,
18528,,True,
18529,,True,
18530,,True,
18531,,True,
18532,,True,
18533,,True,
18534,,True,
18535,,True,
18536,,True,
18537,,True,
18538,,True,
18539,,True,
18540,,True,
18541,,True,
18542,,True,
18543,,True,
18544,,True,
18545,,True,
18546,,True,
18547,,True,
18548,True,False,
18549,,True,
18550,,True,
18551,,True,
18552,,True,
18553,,True,
18554,,True,
18555,,True,
18556,,True,
18557,,True,
18558,,True,
18559,,True,
18560,,True,
18561,,True,
18562,,True,
18563,,True,
18564,,True,
18565,,True,
18566,,True,
18567,,True,
18568,,True,
18570,,True,
18571,,True,
18572,,True,
18573,,True,
18574,,True,
18575,,True,
18576,,True,
18577,,True,
18578,,True,
18579,,True,
18580,,True,
18581,,True,
18582,,True,
18583,,True,
18584,,True,
18585,,True,
18586,,True,
18587,,True,
18588,,True,
18589,,True,
18591,,True,
18592,,True,
18593,,True,
18594,,True,
18595,,True,
18596,,True,
18597,True,False,
18598,,True,
18599,,True,
18600,,True,
18601,,True,
18602,,True,
18603,,True,
18604,,True,
18605,,True,
18606,,True,
18607,,True,
18608,,True,
18609,,True,
18610,,True,
18611,,True,
18612,,True,
18613,,True,
18614,,True,
18615,,True,
18616,,True,
18617,,True,
18618,,True,
18619,,True,
18620,,True,
18621,,True,
18622,,True,
18623,,True,
18624,,True,
18625,,True,
18626,,True,
18627,,True,
18628,,True,
18629,,True,
18630,,True,
18633,,True,
18634,,True,
18635,,True,
18636,,True,
18637,,True,
18638,,True,
18639,,True,
18640,,True,
18641,,True,
18642,,True,
18643,,True,
18644,,True,
18645,,True,
18646,,True,
18647,,True,
18648,,True,
18649,,True,
18650,,True,
18651,,True,
18652,,True,
18653,,True,
18654,,True,
18655,,True,
18656,,True,
18658,,True,
18660,,True,
18661,,True,
18662,,True,
18663,,True,
18664,,True,
18665,,True,
18666,,True,
18667,,True,
18668,,True,
18669,,True,
18671,,True,
18672,True,False,
18673,,True,
18674,,True,
18675,,True,
18676,,True,
18678,,True,
18679,,True,
18680,,True,
18681,,True,
18682,,True,
18683,,True,
18684,,True,
18685,,True,
18686,,True,
18687,False,True,
18688,,True,
18689,,True,
18690,,True,
18691,,True,
18692,,True,
18695,,True,
18696,,True,
18697,,True,
18698,,True,
18699,,True,
18700,,True,
18701,,True,
18702,,True,
18703,,True,
18704,,True,
18705,,True,
18706,,True,
18707,,True,
18708,,True,
18709,,True,
18710,,True,
18711,,True,
18712,,True,
18713,,True,
18714,,True,
18715,,True,
18716,,True,
18717,,True,
18718,,True,
18719,,True,
18720,,True,
18721,,True,
18722,,True,
18723,,True,
18724,True,False,
18725,True,False,
18726,,True,
18727,True,False,
18728,,True,
18729,,True,
18731,,True,
18732,,True,
18733,,True,
18734,,True,
18735,,True,
18736,,True,
18737,,True,
18738,,True,
18739,,True,
18740,,True,
18741,,True,
18742,,True,
18743,,True,
18744,,True,
18745,,True,
18746,,True,
18747,,True,
18748,,True,
18749,,True,
18750,,True,
18751,,True,
18752,,True,
18753,,True,
18754,,True,
18755,,True,
18756,,True,
18758,,True,
18760,,True,
18761,,True,
18762,,True,
18763,,True,
18764,,True,
18765,,True,
18766,,True,
18767,,True,
18768,,True,
18769,,True,
18770,,True,
18771,,True,
18772,,True,
18773,,True,
18774,,True,
18775,,True,
18776,,True,
18777,,True,
18778,,True,
18779,,True,
18780,,True,
18781,,True,
18782,,True,
18783,,True,
18784,,True,
18785,,True,
18786,,True,
18787,,True,
18788,,True,
18789,,True,
18790,,True,
18791,,True,
18792,,True,
18793,,True,
18794,,True,
18795,,True,
18796,False,True,
18797,,True,
18799,,True,
18800,,True,
18801,,True,
18802,,True,
18803,,True,
18804,,True,
18805,,True,
18806,,True,
18807,,True,
18808,,True,
18809,,True,
18810,,True,
18811,,True,
18812,,True,
18813,,True,
18814,,True,
18815,,True,
18816,,True,
18817,,True,
18818,,True,
18819,,True,
18820,,True,
18822,,True,
18823,,True,
18825,False,True,
18826,,True,
18827,,True,
18828,,True,
18829,,True,
18830,,True,
18831,,True,
18832,,True,
18833,,True,
18834,,True,
18835,,True,
18836,,True,
18837,,True,
18838,,True,
18839,,True,
18840,,True,
18841,,True,
18842,,True,
18843,,True,
18844,,True,
18845,,True,
18846,,True,
18847,,True,
18848,,True,
18849,,True,
18850,,True,
18852,,True,
18853,,True,
18854,,True,
18855,,True,
18856,,True,
18857,,True,
18858,,True,
18859,,True,
18861,,True,
18862,,True,
18863,,True,
18864,,True,
18865,,True,
18867,,True,
18868,,True,
18869,,True,
18870,,True,
18871,,True,
18872,,True,
18873,,True,
18874,,True,
18876,,True,
18877,,True,
18878,,True,
18879,,True,
18880,,True,
18881,,True,
18882,,True,
18883,,True,
18884,,True,
18885,,True,
18886,,True,
18887,,True,
18888,,True,
18889,,True,
18890,,True,
18891,,True,
18892,,True,
18894,,True,
18895,,True,
18896,,True,
18897,,True,
18898,False,True,
18899,,True,
18900,,True,
18901,,True,
18902,,True,
18903,,True,
18905,,True,
18906,False,True,
18907,,True,
18908,,True,
18909,,True,
18910,,True,
18911,True,False,
18912,,True,
18913,False,True,
18914,,True,
18915,,True,
18916,,True,
18917,,True,
18918,,True,
18919,,True,
18920,,True,
18921,,True,
18922,,True,
18923,,True,
18924,,True,
18926,,True,
18928,,True,
18929,,True,
18930,,True,
18931,,True,
18932,,True,
18934,,True,
18935,,True,
18936,,True,
18938,,True,
18940,,True,
18941,,True,
18942,False,True,
18943,,True,
18944,,True,
18945,,True,
18946,,True,
18947,,True,
18948,,True,
18949,,True,
18950,,True,
18951,,True,
18952,,True,
18954,,True,
18955,,True,
18956,,True,
18957,,True,
18958,,True,
18959,,True,
18960,,True,
18961,False,True,
18962,,True,
18963,,True,
18964,,True,
18965,,True,
18966,,True,
18967,,True,
18968,,True,
18969,,True,
18970,,True,
18971,,True,
18972,,True,
18973,,True,
18974,,True,
18975,,True,
18976,,True,
18977,,True,
18978,,True,
18979,,True,
18980,,True,
18981,,True,
18982,,True,
18983,,True,
18984,,True,
18985,,True,
18986,,True,
18987,,True,
18988,,True,
18989,,True,
18990,,True,
18991,False,True,
18992,,True,
18993,,True,
18994,,True,
18995,,True,
18996,,True,
18997,,True,
18998,,True,
19000,,True,
19001,,True,
19002,,True,
19003,,True,
19004,,True,
19005,,True,
19006,,True,
19007,,True,
19008,,True,
19009,,True,
19010,,True,
19011,,True,
19012,,True,
19013,,True,
19014,,True,
19015,True,False,
19016,,True,
19017,,True,
19018,,True,
19019,,True,
19020,,True,
19021,,True,
19022,,True,
19023,,True,
19024,,True,
19025,,True,
19026,,True,
19027,,True,
19028,,True,
19030,,True,
19031,,True,
19032,,True,
19033,,True,
19034,,True,
19035,,True,
19036,,True,
19037,,True,
19038,,True,
19040,True,False,
19041,,True,
19042,,True,
19043,,True,
19044,,True,
19045,,True,
19046,,True,
19047,,True,
19048,,True,
19049,True,False,
19050,,True,
19051,,True,
19053,,True,
19054,,True,
19055,,True,
19056,,True,
19058,,True,
19059,,True,
19060,,True,
19061,,True,
19062,,True,
19063,,True,
19064,,True,
19065,,True,
19066,,True,
19067,,True,
19068,,True,
19069,,True,
19070,,True,
19071,,True,
19072,,True,
19073,,True,
19074,,True,
19076,,True,
19077,,True,
19078,,True,
19079,,True,
19080,,True,
19081,,True,
19082,,True,
19083,,True,
19084,,True,
19085,,True,
19086,,True,
19087,,True,
19088,,True,
19089,,True,
19090,,True,
19091,,True,
19092,,True,
19093,,True,
19094,,True,
19095,,True,
19110,,True,
19111,,True,
19112,,True,
19114,,True,
19115,False,True,
19116,,True,
19117,,True,
19118,,True,
19119,True,False,
19120,,True,
19121,,True,
19122,,True,
19123,,True,
19124,,True,
19125,,True,
19126,,True,
19127,,True,
19128,,True,
19129,,True,
19130,True,False,
19131,,True,
19132,,True,
19133,,True,
19134,,True,
19135,,True,
19136,,True,
19137,,True,
19138,,True,
19139,,True,
19140,,True,
19141,,True,
19142,,True,
19143,,True,
19144,,True,
19145,False,True,
19146,,True,
19147,,True,
19150,,True,
19151,,True,
19154,,True,
19155,,True,
19156,,True,
19157,,True,
19158,,True,
19159,,True,
19160,,True,
19161,,True,
19162,,True,
19163,,True,
19164,,True,
19165,,True,
19166,,True,
19167,,True,
19168,,True,
19169,,True,
19170,,True,
19171,,True,
19172,,True,
19173,,True,
19174,,True,
19175,,True,
19176,,True,
19177,,True,
19178,,True,
19179,,True,
19181,,True,
19182,,True,
19184,,True,
19185,,True,
19186,,True,
19187,,True,
19188,,True,
19189,,True,
19191,,True,
19192,,True,
19193,,True,
19194,,True,
19195,,True,
19196,,True,
19197,,True,
19198,,True,
19199,,True,
19200,,True,
19201,,True,
19202,,True,
19203,,True,
19204,,True,
19205,,True,
19206,,True,
19207,,True,
19208,,True,
19209,,True,
19210,,True,
19211,,True,
19212,,True,
19213,,True,
19215,,True,
19216,,True,
19217,,True,
19219,True,False,
19220,,True,
19221,,True,
19222,,True,
19223,,True,
19224,,True,
19225,,True,
19226,,True,
19227,,True,
19228,,True,
19229,,True,
19230,,True,
19231,,True,
19232,,True,
19233,,True,
19234,,True,
19235,,True,
19236,,True,
19237,,True,
19238,,True,
19239,,True,
19240,,True,
19241,,True,
19242,,True,
19243,,True,
19244,,True,
19245,,True,
19247,,True,
19248,,True,
19249,,True,
19250,,True,
19251,False,True,
19252,,True,
19253,,True,
19255,,True,
19256,,True,
19257,,True,
19258,,True,
19259,,True,
19260,,True,
19261,,True,
19262,,True,
19263,,True,
19264,,True,
19265,,True,
19266,,True,
19267,,True,
19268,,True,
19270,,True,
19271,,True,
19272,,True,
19273,,True,
19274,,True,
19275,,True,
19276,,True,
19278,,True,
19279,,True,
19280,True,False,
19282,,True,
19283,,True,
19284,,True,
19285,,True,
19286,,True,
19287,,True,
19288,,True,
19289,,True,
19291,,True,
19292,,True,
19293,,True,
19294,,True,
19295,,True,
19296,,True,
19297,,True,
19298,,True,
19299,,True,
19300,,True,
19302,,True,
19303,,True,
19304,,True,
19305,,True,
19307,,True,
19308,,True,
19309,,True,
19310,,True,
19311,,True,
19312,,True,
19313,,True,
19314,,True,
19315,,True,
19316,,True,
19317,,True,
19318,,True,
19319,,True,
19320,,True,
19321,,True,
19322,,True,
19323,,True,
19324,,True,
19325,,True,
19326,,True,
19327,,True,
19328,,True,
19329,,True,
19330,,True,
19331,,True,
19333,,True,
19334,,True,
19335,,True,
19337,,True,
19338,,True,
19339,,True,
19340,,True,
19341,,True,
19342,,True,
19343,,True,
19344,,True,
19345,,True,
19346,,True,
19347,,True,
19349,,True,
19350,,True,
19351,,True,
19352,,True,
19353,,True,
19354,,True,
19355,,True,
19356,,True,
19357,,True,
19358,,True,
19359,,True,
19360,,True,
19361,,True,
19362,,True,
19363,,True,
19364,,True,
19365,,True,
19366,,True,
19367,,True,
19368,,True,
19369,,True,
19370,,True,
19371,,True,
19372,,True,
19373,,True,
19374,,True,
19375,,True,
19377,,True,
19378,,True,
19379,,True,
19380,,True,
19381,,True,
19382,,True,
19383,,True,
19384,,True,
19385,,True,
19386,,True,
19387,,True,
19388,,True,
19389,True,False,
19390,,True,
19391,,True,
19392,,True,
19394,,True,
19395,,True,
19396,,True,
19397,,True,
19398,,True,
19399,,True,
19400,,True,
19401,,True,
19403,,True,
19404,,True,
19406,,True,
19407,False,True,
19408,,True,
19410,,True,
19411,False,True,
19412,,True,
19413,,True,
19414,,True,
19415,,True,
19416,,True,
19418,,True,
19419,True,False,
19421,,True,
19422,,True,
19423,,True,
19424,,True,
19425,,True,
19426,,True,
19427,,True,
19428,,True,
19429,,True,
19430,,True,
19431,,True,
19432,,True,
19433,,True,
19434,,True,
19435,,True,
19436,,True,
19437,,True,
19438,,True,
19439,,True,
19440,,True,
19441,,True,
19442,,True,
19443,,True,
19444,,True,
19446,,True,
19448,,True,
19449,,True,
19450,,True,
19451,,True,
19452,,True,
19453,,True,
19454,,True,
19455,,True,
19457,,True,
19458,,True,
19459,,True,
19460,,True,
19461,,True,
19462,,True,
19463,,True,
19464,,True,
19465,,True,
19466,,True,
19467,,True,
19468,,True,
19469,,True,
19470,,True,
19471,,True,
19472,,True,
19473,,True,
19474,,True,
19475,,True,
19476,,True,
19477,,True,
19478,,True,
19479,,True,
19480,,True,
19481,,True,
19482,,True,
19483,,True,
19484,,True,
19485,,True,
19486,,True,
19487,,True,
19488,,True,
19489,,True,
19490,,True,
19491,,True,
19492,,True,
19493,,True,
19494,,True,
19495,,True,
19496,,True,
19498,,True,
19499,,True,
19500,,True,
19501,,True,
19502,,True,
19503,,True,
19504,,True,
19505,,True,
19506,,True,
19507,,True,
19508,,True,
19509,,True,
19510,,True,
19511,,True,
19512,,True,
19513,,True,
19514,,True,
19516,,True,
19517,,True,
19518,,True,
19519,,True,
19520,,True,
19521,,True,
19522,,True,
19523,,True,
19524,,True,
19525,,True,
19526,,True,
19527,,True,
19528,,True,
19529,,True,
19530,,True,
19531,,True,
19532,,True,
19533,,True,
19534,,True,
19535,,True,
19536,,True,
19537,,True,
19538,,True,
19539,,True,
19540,,True,
19541,,True,
19542,,True,
19543,,True,
19544,,True,
19545,,True,
19546,,True,
19547,,True,
19548,,True,
19549,,True,
19550,,True,
19554,,True,
19555,,True,
19556,,True,
19557,,True,
19558,,True,
19559,,True,
19560,,True,
19562,,True,
19563,,True,
19564,,True,
19565,,True,
19566,,True,
19567,,True,
19568,,True,
19569,,True,
19570,,True,
19571,,True,
19572,,True,
19573,True,False,
19575,,True,
19576,,True,
19577,,True,
19578,,True,
19579,,True,
19580,,True,
19581,,True,
19582,,True,
19583,,True,
19584,,True,
19586,,True,
19587,,True,
19588,,True,
19589,,True,
19590,,True,
19591,,True,
19592,,True,
19593,,True,
19594,,True,
19595,,True,
19596,,True,
19597,,True,
19598,,True,
19599,,True,
19600,,True,
19601,,True,
19602,,True,
19603,,True,
19604,,True,
19605,,True,
19606,,True,
19607,,True,
19608,,True,
19609,,True,
19611,,True,
19612,,True,
19613,,True,
19615,,True,
19618,,True,
19619,,True,
19622,,True,
19624,,True,
19625,,True,
19626,,True,
19627,,True,
19628,,True,
19629,,True,
19630,,True,
19631,,True,
19633,,True,
19634,False,True,
19635,,True,
19636,True,False,
19637,,True,
19638,,True,
19639,,True,
19640,,True,
19641,,True,
19642,,True,
19643,,True,
19644,,True,
19645,,True,
19646,,True,
19648,,True,
19649,,True,
19650,,True,
19651,,True,
19652,,True,
19653,,True,
19654,,True,
19655,,True,
19656,,True,
19657,,True,
19658,,True,
19659,,True,
19660,,True,
19661,,True,
19663,,True,
19664,,True,
19666,,True,
19667,,True,
19668,,True,
19669,,True,
19670,,True,
19671,,True,
19673,,True,
19674,,True,
19675,,True,
19677,,True,
19678,,True,
19679,,True,
19680,,True,
19681,,True,
19682,,True,
19683,,True,
19684,True,False,
19685,,True,
19687,,True,
19688,,True,
19689,,True,
19690,,True,
19691,,True,
19692,,True,
19693,,True,
19695,,True,
19696,,True,
19697,,True,
19699,,True,
19700,,True,
19701,,True,
19702,,True,
19703,,True,
19704,,True,
19706,,True,
19707,,True,
19708,,True,
19710,,True,
19711,,True,
19712,,True,
19713,,True,
19714,,True,
19715,,True,
19716,,True,
19717,,True,
19718,,True,
19719,,True,
19720,,True,
19721,,True,
19722,,True,
19723,,True,
19725,,True,
19726,,True,
19727,,True,
19728,,True,
19729,,True,
19730,,True,
19731,,True,
19732,,True,
19733,,True,
19734,,True,
19735,,True,
19736,,True,
19737,,True,
19738,,True,
19739,,True,
19741,,True,
19743,,True,
19745,,True,
19746,,True,
19747,,True,
19748,,True,
19749,,True,
19750,,True,
19751,,True,
19752,,True,
19753,,True,
19754,,True,
19755,,True,
19756,,True,
19757,,True,
19758,,True,
19759,,True,
19760,,True,
19761,,True,
19762,,True,
19763,,True,
19764,,True,
19765,,True,
19766,,True,
19767,,True,
19768,,True,
19770,,True,
19771,,True,
19772,,True,
19773,,True,
19774,,True,
19775,,True,
19776,,True,
19777,,True,
19778,,True,
19779,,True,
19780,,True,
19781,,True,
19782,True,False,
19783,,True,
19784,,True,
19785,,True,
19786,,True,
19787,,True,
19789,,True,
19790,,True,
19791,,True,
19792,,True,
19793,,True,
19794,,True,
19795,,True,
19798,,True,
19799,,True,
19800,,True,
19801,,True,
19802,,True,
19803,,True,
19804,,True,
19805,,True,
19806,,True,
19807,,True,
19808,,True,
19809,,True,
19810,,True,
19811,,True,
19812,,True,
19813,,True,
19814,,True,
19815,,True,
19817,,True,
19819,,True,
19820,True,False,
19822,,True,
19823,,True,
19825,,True,
19826,,True,
19827,,True,
19828,,True,
19829,,True,
19830,,True,
19831,,True,
19833,True,False,
19834,,True,
19835,,True,
19836,,True,
19837,,True,
19838,,True,
19839,,True,
19840,,True,
19841,,True,
19844,False,True,
19845,,True,
19846,,True,
19847,,True,
19848,,True,
19849,,True,
19850,,True,
19851,,True,
19852,,True,
19853,,True,
19854,,True,
19855,,True,
19857,,True,
19858,,True,
19859,True,False,
19860,True,False,
19861,,True,
19862,,True,
19863,,True,
19864,,True,
19865,,True,
19866,,True,
19867,,True,
19868,,True,
19869,,True,
19870,,True,
19872,,True,
19873,,True,
19874,,True,
19875,,True,
19876,True,False,
19877,,True,
19878,,True,
19879,,True,
19880,,True,
19881,,True,
19883,,True,
19884,,True,
19885,,True,
19887,,True,
19888,,True,
19889,,True,
19890,,True,
19891,,True,
19892,,True,
19893,,True,
19894,,True,
19895,,True,
19897,,True,
19898,,True,
19899,,True,
19901,,True,
19902,,True,
19903,,True,
19904,,True,
19905,,True,
19906,,True,
19907,,True,
19908,,True,
19910,,True,
19911,,True,
19912,,True,
19913,,True,
19914,,True,
19915,,True,
19916,,True,
19917,True,False,
19918,,True,
19919,,True,
19920,,True,
19921,,True,
19922,,True,
19923,False,True,
19924,,True,
19925,,True,
19926,,True,
19927,,True,
19928,,True,
19929,,True,
19930,,True,
19931,,True,
19932,,True,
19933,,True,
19934,,True,
19935,,True,
19936,,True,
19937,,True,
19938,,True,
19940,,True,
19941,,True,
19942,,True,
19943,,True,
19944,,True,
19945,,True,
19946,,True,
19947,,True,
19948,,True,
19949,,True,
19951,,True,
19952,,True,
19953,,True,
19954,,True,
19955,,True,
19956,,True,
19957,,True,
19958,,True,
19959,,True,
19960,,True,
19961,,True,
19962,,True,
19963,,True,
19964,,True,
19965,,True,
19966,,True,
19967,,True,
19968,,True,
19969,,True,
19970,,True,
19971,,True,
19972,,True,
19973,,True,
19974,,True,
19975,,True,
19976,,True,
19977,,True,
19978,False,True,
19979,,True,
19980,,True,
19981,,True,
19982,,True,
19983,,True,
19985,,True,
19987,,True,
19988,,True,
19989,,True,
19990,,True,
19991,,True,
19992,,True,
19993,,True,
19994,,True,
19995,,True,
19996,,True,
19997,,True,
19998,,True,
19999,,True,
20000,,True,
20001,,True,
20002,,True,
20010,,True,
20011,,True,
20012,,True,
20013,,True,
20014,,True,
20017,,True,
20019,,True,
20023,,True,
20025,,True,
20027,,True,
20030,,True,
20032,,True,
20033,,True,
20034,,True,
20035,,True,
20036,,True,
20037,,True,
20038,,True,
20039,,True,
20042,,True,
20044,,True,
20045,,True,
20047,,True,
20048,,True,
20050,,True,
20051,,True,
20052,,True,
20054,,True,
20055,,True,
20056,,True,
20057,,True,
20058,,True,
20060,False,True,
20063,,True,
20064,,True,
20065,,True,
20066,,True,
20067,,True,
20068,,True,
20073,True,False,
20074,,True,
20076,,True,
20077,,True,
20083,,True,
20084,,True,
20086,,True,
20090,,True,
20091,,True,
20092,,True,
20093,False,True,
20094,,True,
20097,,True,
20098,,True,
20099,,True,
20101,,True,
20102,,True,
20103,,True,
20121,,True,
20122,,True,
20126,False,True,
20130,,True,
20133,True,False,
20134,,True,
20135,True,False,
20137,False,True,
20140,,True,
20142,,True,
20143,,True,
20146,,True,
20149,,True,
20159,,True,
20160,False,True,
20161,,True,
20162,,True,
20167,,True,
20168,False,True,
20171,,True,
20172,False,True,
20176,,True,
20177,,True,
20179,,True,
20181,False,True,
20182,,True,
20183,,True,
20194,,True,
20197,,True,
20200,,True,
20201,,True,
20202,,True,
20204,False,True,
20215,,True,
20216,False,True,
20218,,True,
20220,,True,
20221,,True,
20223,,True,
20229,True,False,
20230,,True,
20234,,True,
20235,,True,
20237,,True,
20238,,True,
20239,,True,
20242,,True,
20248,,True,
20268,,True,
20271,,True,
20299,,True,
20301,,True,
20307,,True,
20310,,True,
20314,,True,
20321,,True,
20322,False,True,
20326,,True,
20328,,True,
20329,,True,
20330,,True,
20342,,True,
20343,,True,
20346,True,False,
20353,,True,
20356,,True,
20363,,True,
20365,,True,
20369,,True,
20370,,True,
20377,False,True,
20387,True,False,
20389,,True,
20398,False,True,
20402,,True,
20403,,True,
20405,,True,
20412,False,True,
20417,False,True,
20420,False,True,
20421,,True,
20423,False,True,
20471,True,False,
20476,,True,
20479,,True,
20480,False,True,
20483,,True,
20488,,True,
20490,False,True,
20493,,True,
20494,False,True,
20495,,True,
20498,,True,
20499,,True,
20503,False,True,
20518,,True,
20519,,True,
20527,,True,
20545,,True,
20551,False,True,
20552,,True,
20558,,True,
20560,,True,
20561,,True,
20563,False,True,
20570,,True,
20577,,True,
20578,False,True,
20579,,True,
20580,,True,
20581,,True,
20585,,True,
20589,False,True,
20597,,True,
20613,False,True,
20616,False,True,
20618,,True,
20628,,True,
20631,False,True,
20633,,True,
20635,,True,
20637,,True,
20650,,True,
20654,,True,
20655,,True,
20656,,True,
20660,,True,
20669,False,True,
20670,,True,
20673,,True,
20682,,True,
20706,,True,
20710,False,True,
20711,False,True,
20731,,True,
20736,True,False,
20737,,True,
20740,,True,
20744,True,False,
20750,,True,
20774,True,False,
20785,,True,
20788,,True,
20789,,True,
20792,,True,
20797,,True,
20798,,True,
20808,,True,
20814,,True,
20821,,True,
20831,False,True,
20835,,True,
20836,,True,
20837,,True,
20845,,True,
20847,,True,
20848,True,False,
20857,,True,
20859,,True,
20860,,True,
20862,,True,
20867,,True,
20888,,True,
20891,False,True,
20892,,True,
20893,,True,
20894,True,False,
20906,,True,
20912,,True,
20913,,True,
20916,,True,
20922,,True,
20926,,True,
20927,False,True,
20932,,True,
20933,False,True,
20939,,True,
20944,,True,
20947,False,True,
20954,False,True,
20965,,True,
20975,False,True,
20978,,True,
20984,,True,
20988,,True,
20989,False,True,
20991,,True,
20996,,True,
21000,False,True,
21003,False,True,
21004,,True,
21005,,True,
21006,,True,
21007,,True,
21008,,True,
21009,,True,
21010,False,True,
21012,,True,
21013,,True,
21015,,True,
21016,,True,
21017,,True,
21018,,True,
21019,,True,
21020,,True,
21021,,True,
21022,,True,
21023,,True,
21025,,True,
21026,,True,
21027,,True,
21029,,True,
21030,,True,
21031,,True,
21032,,True,
21033,,True,
21034,,True,
21035,,True,
21036,,True,
21037,,True,
21038,,True,
21039,,True,
21041,,True,
21044,,True,
21045,,True,
21046,,True,
21047,,True,
21048,,True,
21049,,True,
21053,,True,
21070,,True,
21071,,True,
21072,,True,
21073,,True,
21074,,True,
21075,,True,
21076,,True,
21077,,True,
21079,,True,
21080,,True,
21081,,True,
21082,,True,
21083,,True,
21084,,True,
21085,,True,
21086,,True,
21087,,True,
21088,,True,
21089,,True,
21090,,True,
21091,,True,
21092,,True,
21093,,True,
21094,,True,
21095,,True,
21097,,True,
21098,,True,
21100,,True,
21101,,True,
21102,,True,
21103,,True,
21104,,True,
21106,,True,
21107,,True,
21108,,True,
21109,,True,
21110,,True,
21111,,True,
21112,,True,
21113,,True,
21116,,True,
21117,,True,
21118,,True,
21119,,True,
21120,False,True,
21121,,True,
21122,,True,
21123,,True,
21127,,True,
21128,,True,
21129,,True,
21130,,True,
21131,,True,
21132,,True,
21133,,True,
21134,,True,
21135,,True,
21136,,True,
21138,,True,
21139,,True,
21140,,True,
21141,,True,
21142,,True,
21143,,True,
21144,,True,
21145,,True,
21146,,True,
21147,,True,
21148,,True,
21149,,True,
21150,,True,
21151,,True,
21152,,True,
21153,,True,
21154,,True,
21155,,True,
21156,,True,
21157,,True,
21158,,True,
21159,,True,
21160,,True,
21161,,True,
21162,,True,
21163,,True,
21164,,True,
21166,,True,
21167,,True,
21170,,True,
21171,,True,
21172,,True,
21173,,True,
21174,,True,
21175,,True,
21176,,True,
21177,,True,
21178,,True,
21179,,True,
21180,,True,
21181,,True,
21182,,True,
21183,,True,
21184,,True,
21185,,True,
21186,,True,
21187,,True,
21188,,True,
21189,,True,
21190,,True,
21191,,True,
21192,,True,
21193,,True,
21194,,True,
21195,,True,
21196,,True,
21197,,True,
21198,,True,
21200,,True,
21201,,True,
21203,,True,
21204,,True,
21205,,True,
21206,,True,
21207,,True,
21208,,True,
21210,,True,
21211,,True,
21212,,True,
21213,,True,
21214,,True,
21215,,True,
21216,,True,
21217,,True,
21218,,True,
21219,,True,
21220,,True,
21221,,True,
21222,,True,
21223,,True,
21224,,True,
21225,,True,
21226,,True,
21227,,True,
21228,,True,
21229,,True,
21231,,True,
21232,,True,
21234,,True,
21235,,True,
21236,,True,
21237,,True,
21238,,True,
21239,,True,
21240,,True,
21241,,True,
21242,,True,
21243,,True,
21244,,True,
21245,,True,
21246,,True,
21247,,True,
21248,,True,
21249,,True,
21250,,True,
21251,,True,
21252,,True,
21253,,True,
21254,,True,
21255,,True,
21256,False,True,
21258,,True,
21259,,True,
21260,,True,
21261,,True,
21262,,True,
21263,,True,
21264,,True,
21265,,True,
21266,,True,
21267,,True,
21268,,True,
21269,,True,
21271,,True,
21272,,True,
21273,,True,
21274,False,True,
21275,,True,
21276,,True,
21278,,True,
21280,,True,
21281,,True,
21282,,True,
21283,,True,
21284,,True,
21285,,True,
21287,,True,
21288,,True,
21289,,True,
21290,,True,
21291,,True,
21292,,True,
21293,,True,
21294,,True,
22001,,True,
22002,,True,
22003,,True,
22004,,True,
22005,,True,
22006,,True,
22007,,True,
22008,,True,
22009,,True,
22010,,True,
22011,,True,
22012,,True,
22013,,True,
22014,,True,
22015,,True,
22016,,True,
22017,,True,
22018,,True,
22019,,True,
22020,,True,
22021,,True,
22022,,True,
22023,,True,
22024,,True,
22025,,True,
22026,,True,
22027,,True,
22028,,True,
22029,,True,
22030,,True,
22031,,True,
22032,,True,
22033,,True,
22034,,True,
22035,,True,
22036,,True,
22037,,True,
22038,,True,
22039,,True,
22040,,True,
22041,,True,
22042,,True,
22043,,True,
22044,,True,
22045,,True,
22046,,True,
22048,,True,
22049,,True,
22050,,True,
22051,,True,
22052,False,True,
22053,,True,
22054,,True,
22055,,True,
22056,,True,
22057,,True,
22058,,True,
22059,,True,
22060,,True,
22061,,True,
22062,,True,
22063,,True,
22064,,True,
22065,,True,
22066,,True,
22067,,True,
22068,,True,
22069,,True,
22072,,True,
22073,,True,
22074,,True,
22075,,True,
22076,,True,
22077,,True,
22078,,True,
22079,,True,
22080,,True,
22081,,True,
22082,,True,
22083,,True,
22084,,True,
22085,,True,
22086,,True,
22087,,True,
22088,,True,
22089,,True,
22090,,True,
22091,,True,
22092,,True,
22093,,True,
22094,,True,
22096,False,True,
22097,,True,
22098,,True,
22099,,True,
22100,,True,
22101,,True,
22102,,True,
22103,,True,
22104,,True,
22105,,True,
22106,,True,
22107,,True,
22108,,True,
22109,,True,
22110,,True,
22111,,True,
22112,,True,
22113,,True,
22114,,True,
22115,,True,
22119,,True,
22120,,True,
22121,,True,
22122,,True,
22123,,True,
22125,,True,
22126,,True,
22127,,True,
22128,,True,
22130,,True,
22131,,True,
22132,,True,
22133,,True,
22134,,True,
22135,,True,
22136,,True,
22137,,True,
22138,,True,
22139,,True,
22140,,True,
22141,,True,
22142,,True,
22143,,True,
22144,,True,
22145,,True,
22146,,True,
22147,,True,
22148,,True,
22149,,True,
22150,,True,
22151,,True,
22153,,True,
22154,,True,
22155,,True,
22156,,True,
22157,,True,
22158,,True,
22159,False,True,
22160,,True,
22161,,True,
22162,,True,
22163,,True,
22164,,True,
22165,,True,
22166,,True,
22167,,True,
22169,,True,
22170,,True,
22171,,True,
22172,,True,
22173,False,True,
22174,,True,
22175,,True,
22176,,True,
22177,,True,
22179,,True,
22180,,True,
22181,,True,
22182,,True,
22183,,True,
22184,,True,
22185,,True,
22186,,True,
22187,,True,
22188,,True,
22190,False,True,
22192,,True,
22193,,True,
22194,,True,
22195,,True,
22197,,True,
22199,,True,
22200,,True,
22201,,True,
22203,,True,
22204,,True,
22205,,True,
22206,,True,
22207,,True,
22208,,True,
22209,,True,
22210,,True,
22211,,True,
22212,,True,
22213,,True,
22214,,True,
22215,,True,
22216,,True,
22217,,True,
22218,,True,
22219,,True,
22220,,True,
22221,,True,
22222,,True,
22223,,True,
22226,,True,
22228,,True,
22230,,True,
22231,,True,
22232,,True,
22233,,True,
22234,,True,
22235,,True,
22236,,True,
22238,,True,
22239,,True,
22240,,True,
22241,,True,
22242,,True,
22243,,True,
22244,,True,
22246,,True,
22247,,True,
22248,,True,
22249,,True,
22250,,True,
22251,,True,
22252,,True,
22253,,True,
22254,,True,
22255,,True,
22258,,True,
22259,,True,
22262,,True,
22263,,True,
22264,,True,
22265,,True,
22266,,True,
22267,,True,
22268,,True,
22269,,True,
22270,,True,
22271,,True,
22273,,True,
22274,,True,
22275,,True,
22276,,True,
22282,,True,
22284,,True,
22285,,True,
22286,,True,
22287,,True,
22288,,True,
22289,,True,
22290,True,False,
22291,True,False,
22292,,True,
22293,,True,
22294,,True,
22295,,True,
22296,,True,
22297,,True,
22298,,True,
22299,,True,
22300,,True,
22302,,True,
22303,,True,
22304,,True,
22307,,True,
22308,,True,
22309,,True,
22310,,True,
22312,,True,
22313,,True,
22314,False,True,
22315,,True,
22316,,True,
22317,,True,
22318,,True,
22319,,True,
22320,,True,
22321,,True,
22322,,True,
22323,,True,
22325,,True,
22326,False,True,
22327,,True,
22328,,True,
22329,,True,
22330,,True,
22331,,True,
22332,,True,
22333,,True,
22334,,True,
22336,,True,
22337,,True,
22338,,True,
22339,,True,
22340,,True,
22341,,True,
22342,,True,
22343,,True,
22345,,True,
22346,,True,
22347,,True,
22348,,True,
22350,,True,
22351,,True,
22353,,True,
22354,,True,
22355,,True,
22356,,True,
22357,,True,
22359,,True,
22360,,True,
22361,,True,
22362,,True,
22394,,True,
22405,,True,
22417,,True,
22418,,True,
22419,,True,
22421,,True,
22423,,True,
22424,,True,
22425,,True,
22426,False,True,
22427,False,True,
22428,False,True,
22429,,True,
22430,,True,
22431,,True,
22432,,True,
22433,,True,
22434,,True,
22435,,True,
22436,,True,
22437,,True,
22438,,True,
22439,,True,
22444,False,True,
22445,,True,
22446,,True,
22447,,True,
22448,,True,
22449,,True,
22450,,True,
22451,False,True,
22454,,True,
22455,,True,
22457,,True,
22458,,True,
22459,,True,
22460,,True,
22461,False,True,
22462,,True,
22463,,True,
22465,,True,
22466,,True,
22467,,True,
22468,,True,
22469,,True,
22470,,True,
22471,,True,
22472,,True,
22473,,True,
22474,,True,
22475,,True,
22476,,True,
22477,,True,
22478,,True,
22479,,True,
22480,,True,
22481,,True,
22482,,True,
22483,,True,
22485,,True,
22486,,True,
22487,,True,
22488,,True,
22489,,True,
22490,,True,
22491,,True,
22492,,True,
22493,,True,
22494,,True,
22497,,True,
22499,,True,
22500,,True,
22501,,True,
22502,,True,
22503,,True,
22504,,True,
22506,,True,
22507,,True,
22508,,True,
22512,,True,
22513,,True,
22514,,True,
22515,,True,
22516,,True,
22518,False,True,
22519,,True,
22520,,True,
22521,,True,
22522,,True,
22523,,True,
22524,,True,
22525,,True,
22526,,True,
22527,,True,
22528,,True,
22529,,True,
22530,,True,
22531,,True,
22532,,True,
22533,,True,
22534,,True,
22535,,True,
22536,,True,
22538,,True,
22539,,True,
22540,,True,
22541,,True,
22542,,True,
22543,,True,
22544,,True,
22545,,True,
22546,,True,
22547,,True,
22548,,True,
22549,,True,
22550,,True,
22551,,True,
22552,,True,
22553,,True,
22554,,True,
22555,,True,
22556,False,True,
22557,,True,
22558,,True,
22560,,True,
22561,,True,
22563,,True,
22564,,True,
22565,,True,
22566,,True,
22567,,True,
22568,,True,
22569,,True,
22570,,True,
22571,,True,
22572,,True,
22573,,True,
22574,,True,
22575,,True,
22576,,True,
22577,,True,
22578,,True,
22579,,True,
22580,,True,
22581,,True,
22582,,True,
22583,False,True,
22584,,True,
22585,False,True,
22586,,True,
22587,False,True,
22588,,True,
22590,,True,
22591,,True,
22592,,True,
22593,,True,
22594,,True,
22595,,True,
22596,,True,
22597,,True,
22598,,True,
22599,,True,
22600,,True,
22601,False,True,
22603,,True,
22604,,True,
22606,,True,
22607,,True,
22608,,True,
22609,,True,
22610,,True,
22612,,True,
22613,,True,
22614,,True,
22615,,True,
22616,,True,
22617,,True,
22618,,True,
22619,,True,
22620,,True,
22621,,True,
22622,,True,
22623,,True,
22624,,True,
22625,,True,
22626,,True,
22627,,True,
22628,,True,
22629,,True,
22630,,True,
22631,,True,
22632,,True,
22633,,True,
22634,,True,
22635,,True,
22636,,True,
22637,,True,
22638,,True,
22639,,True,
22640,,True,
22641,,True,
22642,,True,
22643,,True,
22644,,True,
22645,,True,
22646,,True,
22647,,True,
22648,,True,
22649,,True,
22650,,True,
22651,,True,
22652,,True,
22653,,True,
22654,,True,
22655,,True,
22656,,True,
22657,,True,
22658,,True,
22659,,True,
22660,,True,
22661,,True,
22662,,True,
22663,,True,
22664,,True,
22665,,True,
22666,,True,
22667,,True,
22668,,True,
22669,,True,
22670,,True,
22671,,True,
22672,,True,
22673,,True,
22674,,True,
22675,,True,
22682,,True,
22683,,True,
22684,False,True,
22685,False,True,
22687,,True,
22688,,True,
22690,,True,
22691,,True,
22692,,True,
22694,,True,
22695,,True,
22696,,True,
22697,,True,
22699,,True,
22700,,True,
22701,,True,
22702,,True,
22703,,True,
22704,,True,
22705,,True,
22706,,True,
22707,,True,
22708,,True,
22709,,True,
22710,,True,
22711,,True,
22712,,True,
22713,,True,
22714,,True,
22715,,True,
22716,,True,
22717,,True,
22718,,True,
22719,,True,
22720,,True,
22721,,True,
22722,,True,
22723,,True,
22724,False,True,
22725,,True,
22726,False,True,
22728,,True,
22729,,True,
22730,,True,
22731,,True,
22732,,True,
22733,,True,
22734,,True,
22735,,True,
22736,,True,
22737,,True,
22738,,True,
22739,,True,
22740,,True,
22741,,True,
22742,,True,
22743,,True,
22744,,True,
22745,,True,
22746,,True,
22747,False,True,
22748,False,True,
22749,,True,
22750,,True,
22751,False,True,
22752,,True,
22753,,True,
22754,,True,
22755,False,True,
22756,False,True,
22757,False,True,
22758,False,True,
22759,,True,
22760,False,True,
22761,,True,
22762,,True,
22763,,True,
22764,,True,
22765,,True,
22766,,True,
22767,,True,
22768,,True,
22769,,True,
22770,,True,
22771,,True,
22776,,True,
22777,,True,
22778,,True,
22779,False,True,
22780,,True,
22781,,True,
22782,,True,
22783,,True,
22784,,True,
22785,,True,
22786,,True,
22788,,True,
22789,,True,
22790,,True,
22791,,True,
22792,,True,
22793,,True,
22794,,True,
22795,,True,
22796,,True,
22797,,True,
22798,,True,
22799,,True,
22800,,True,
22801,,True,
22802,,True,
22804,,True,
22805,,True,
22806,,True,
22807,,True,
22809,,True,
22811,,True,
22812,,True,
22813,,True,
22814,,True,
22815,,True,
22816,,True,
22817,,True,
22818,,True,
22819,False,True,
22820,,True,
22821,,True,
22822,,True,
22823,,True,
22824,,True,
22825,,True,
22826,,True,
22827,,True,
22828,,True,
22829,,True,
22830,,True,
22831,,True,
22832,,True,
22833,,True,
22834,,True,
22835,,True,
22836,,True,
22837,,True,
22838,,True,
22839,,True,
22840,,True,
22841,,True,
22842,,True,
22843,,True,
22844,,True,
22846,,True,
22849,,True,
22851,,True,
22855,,True,
22859,,True,
22860,,True,
22861,,True,
22862,,True,
22863,,True,
22865,,True,
22866,,True,
22867,,True,
22868,,True,
22869,,True,
22870,,True,
22871,,True,
22872,,True,
22873,,True,
22874,,True,
22875,,True,
22876,,True,
22877,,True,
22878,,True,
22879,,True,
22880,,True,
22881,,True,
22882,,True,
22883,,True,
22884,,True,
22886,,True,
22887,,True,
22888,,True,
22889,,True,
22890,,True,
22892,,True,
22893,,True,
22894,,True,
22895,,True,
22896,,True,
22897,,True,
22898,,True,
22899,,True,
22900,,True,
22901,,True,
22903,,True,
22904,,True,
22905,,True,
22906,,True,
22908,,True,
22909,,True,
22910,,True,
22911,,True,
22912,,True,
22913,,True,
22919,,True,
22920,,True,
22921,,True,
22922,,True,
22923,,True,
22924,,True,
22925,,True,
22926,,True,
22927,,True,
22928,,True,
22929,,True,
22930,False,True,
22931,,True,
22932,,True,
22933,,True,
22934,,True,
22935,,True,
22940,False,True,
22941,,True,
22942,,True,
22943,,True,
22944,,True,
22945,,True,
22946,,True,
22947,,True,
22949,,True,
22953,False,True,
22954,False,True,
22955,False,True,
22956,False,True,
22957,False,True,
22958,False,True,
22959,False,True,
22960,False,True,
22961,False,True,
22962,,True,
22964,,True,
22965,,True,
22966,False,True,
22967,,True,
22968,,True,
22969,False,True,
22970,,True,
22971,,True,
22972,,True,
22973,,True,
22974,,True,
22975,,True,
22976,,True,
22977,,True,
22978,,True,
22979,,True,
22980,,True,
22981,,True,
22983,,True,
22995,,True,
22996,,True,
23002,,True,
23008,,True,
23009,,True,
23010,,True,
23011,,True,
23012,,True,
23013,,True,
23014,,True,
23015,,True,
23017,,True,
23019,,True,
23020,,True,
23022,,True,
23023,,True,
23024,,True,
23027,,True,
23029,,True,
23032,,True,
23033,,True,
23034,,True,
23035,,True,
23036,,True,
23037,,True,
23038,,True,
23039,,True,
23040,,True,
23041,,True,
23042,,True,
23043,,True,
23044,,True,
23045,,True,
23046,,True,
23048,,True,
23049,,True,
23050,,True,
23051,,True,
23052,,True,
23053,,True,
23054,,True,
23055,,True,
23056,,True,
23058,,True,
23059,,True,
23060,,True,
23062,,True,
23065,,True,
23066,,True,
23069,,True,
23070,,True,
23072,,True,
23073,,True,
23074,,True,
23075,,True,
23076,,True,
23077,,True,
23078,,True,
23080,,True,
23081,,True,
23082,,True,
23083,,True,
23084,,True,
24001,,True,
24002,,True,
24003,,True,
24004,,True,
24005,,True,
24006,,True,
24007,,True,
24008,,True,
24009,,True,
24010,,True,
24011,,True,
24012,,True,
24013,,True,
24014,,True,
24015,,True,
24016,,True,
24017,,True,
24018,,True,
24019,,True,
24020,,True,
24021,,True,
24022,,True,
24023,,True,
24024,,True,
24025,,True,
24026,,True,
24027,,True,
24028,,True,
24029,,True,
24030,,True,
24031,,True,
24032,,True,
24033,,True,
24035,,True,
24036,,True,
24037,,True,
24038,,True,
24039,,True,
24040,,True,
24042,,True,
24044,,True,
24045,,True,
24046,,True,
24047,,True,
24048,,True,
24050,,True,
24051,,True,
24052,,True,
24053,,True,
24054,,True,
24055,,True,
24056,,True,
24057,,True,
24058,,True,
24059,,True,
24060,,True,
24061,,True,
24062,,True,
24063,,True,
24064,,True,
24065,,True,
24066,,True,
24067,,True,
24072,,True,
24073,,True,
24074,,True,
24075,,True,
24076,,True,
24077,,True,
24078,,True,
24079,,True,
24080,,True,
24081,,True,
24082,,True,
24083,,True,
24084,,True,
24085,,True,
24086,,True,
24087,,True,
24088,,True,
24089,,True,
24090,,True,
24091,,True,
24092,,True,
24093,,True,
24094,,True,
24095,False,True,
24096,,True,
24097,,True,
24098,,True,
24101,,True,
24102,,True,
24103,,True,
24104,,True,
24105,,True,
24106,,True,
24107,,True,
24108,,True,
24109,,True,
24111,,True,
24112,,True,
24113,,True,
24114,,True,
24115,,True,
24116,,True,
24117,,True,
24118,,True,
24119,,True,
24120,,True,
24121,,True,
24122,,True,
24124,,True,
24126,,True,
24127,,True,
24128,,True,
24129,,True,
24130,,True,
24131,,True,
24132,,True,
24133,,True,
24134,,True,
24135,,True,
24136,,True,
24137,,True,
24138,,True,
24139,,True,
24140,,True,
24141,,True,
24142,,True,
24143,,True,
24144,,True,
24145,,True,
24146,,True,
24147,,True,
24148,,True,
24149,,True,
24150,,True,
24152,,True,
24153,,True,
24154,,True,
24155,,True,
24156,,True,
24157,,True,
24158,,True,
24159,,True,
24160,,True,
24161,,True,
24162,,True,
24163,,True,
24164,False,True,
24165,,True,
24166,,True,
24167,,True,
24168,,True,
24169,,True,
24170,,True,
24171,,True,
24172,,True,
24173,,True,
24174,,True,
24175,,True,
24176,,True,
24177,,True,
24178,,True,
24179,,True,
24180,,True,
24181,,True,
24182,,True,
24183,,True,
24184,,True,
24185,,True,
24186,,True,
24189,,True,
24190,,True,
24191,,True,
24192,,True,
24193,,True,
24195,,True,
24196,,True,
24197,,True,
24198,,True,
24199,,True,
24200,,True,
24201,,True,
24202,,True,
24203,,True,
24204,,True,
24205,,True,
24206,,True,
24207,,True,
24217,,True,
24218,,True,
24219,True,False,
24220,,True,
24232,,True,
24233,,True,
24234,,True,
24235,,True,
24236,,True,
24237,,True,
24239,False,True,
24240,,True,
24241,,True,
24242,,True,
24243,,True,
24244,,True,
24245,,True,
24246,,True,
24247,,True,
24248,,True,
24249,,True,
24250,,True,
24251,,True,
24252,,True,
24253,False,True,
24254,,True,
24255,,True,
24256,,True,
24257,,True,
24258,,True,
24259,,True,
24260,,True,
24261,,True,
24262,,True,
24263,,True,
24264,,True,
24266,False,True,
24267,,True,
24268,,True,
24269,,True,
24270,,True,
24271,,True,
24272,,True,
24273,,True,
24274,,True,
24275,,True,
24276,,True,
24278,,True,
24279,,True,
24280,,True,
24281,,True,
24282,,True,
24283,,True,
24284,,True,
24285,,True,
24286,,True,
24287,,True,
24289,,True,
24291,,True,
24292,False,True,
24294,False,True,
24295,,True,
24297,,True,
24298,,True,
24299,,True,
24300,,True,
24301,,True,
24302,,True,
24303,,True,
24304,,True,
24305,,True,
24306,,True,
24307,,True,
24308,,True,
24309,,True,
24310,,True,
24311,,True,
24312,False,True,
24314,,True,
24315,,True,
24316,,True,
24317,,True,
24318,,True,
24319,,True,
24320,,True,
24321,,True,
24322,,True,
24323,False,True,
24324,,True,
24325,False,True,
24326,,True,
24327,,True,
24328,,True,
24329,,True,
24330,,True,
24331,,True,
24332,,True,
24333,,True,
24334,,True,
24335,,True,
24336,,True,
24344,,True,
24347,,True,
24348,True,False,
24349,,True,
24351,,True,
24352,,True,
24353,,True,
24354,,True,
24355,,True,
24356,,True,
24357,,True,
24358,,True,
24359,,True,
24360,,True,
24369,,True,
24370,,True,
24371,,True,
24372,,True,
24373,,True,
24374,,True,
24375,,True,
24376,,True,
24383,,True,
24384,,True,
24385,,True,
24386,,True,
24387,,True,
24388,,True,
24389,False,True,
24391,,True,
24392,,True,
24393,,True,
24394,,True,
24395,,True,
24396,,True,
24397,,True,
24398,,True,
24399,,True,
24400,,True,
24401,,True,
24402,,True,
24403,,True,
24405,,True,
24406,,True,
24408,,True,
24409,,True,
24410,,True,
24411,,True,
24413,,True,
24414,,True,
24415,,True,
24416,,True,
24417,,True,
24418,,True,
24420,,True,
24424,,True,
24433,,True,
24434,,True,
24436,,True,
24437,,True,
24440,,True,
24441,,True,
24445,,True,
24446,,True,
24447,,True,
24448,,True,
24449,,True,
24450,,True,
24452,,True,
24453,,True,
24454,,True,
24456,,True,
24459,,True,
24462,,True,
24464,False,True,
24478,,True,
24479,,True,
24480,,True,
24481,,True,
24483,,True,
24484,,True,
24485,,True,
24489,,True,
24490,,True,
24492,,True,
24493,,True,
24494,,True,
24495,,True,
24496,,True,
24497,,True,
24498,,True,
24499,,True,
24500,,True,
24501,,True,
24502,,True,
24503,,True,
24504,,True,
24505,,True,
24507,,True,
24508,,True,
24509,,True,
24510,,True,
24511,,True,
24512,,True,
24513,,True,
24514,,True,
24515,,True,
24516,,True,
24517,,True,
24519,,True,
24520,,True,
24521,,True,
24522,,True,
24523,,True,
24524,False,True,
24525,False,True,
24526,False,True,
24527,,True,
24529,,True,
24530,,True,
24531,,True,
24532,,True,
24533,,True,
24534,,True,
24535,,True,
24537,False,True,
24540,False,True,
24541,,True,
24542,,True,
24543,,True,
24544,,True,
24545,,True,
24546,,True,
24547,,True,
24548,,True,
24549,,True,
24550,,True,
24551,,True,
24552,,True,
24553,,True,
24554,,True,
24555,,True,
24556,,True,
24557,,True,
24558,,True,
24559,,True,
24560,,True,
24561,,True,
24562,,True,
24563,,True,
24564,,True,
24565,,True,
24566,,True,
24567,,True,
24568,,True,
24569,,True,
24571,,True,
24572,,True,
24573,,True,
24574,,True,
24575,,True,
24576,,True,
24577,,True,
24578,,True,
24579,,True,
24580,,True,
24584,,True,
24585,,True,
24586,,True,
24587,,True,
24588,,True,
24589,,True,
24590,,True,
24591,,True,
24592,,True,
24593,,True,
24594,,True,
24595,,True,
24596,,True,
24597,,True,
24598,,True,
24599,,True,
24600,,True,
24601,,True,
24602,,True,
24603,,True,
24604,,True,
24606,,True,
24607,,True,
24608,,True,
24609,,True,
24610,,True,
24612,,True,
24613,,True,
24615,,True,
24616,,True,
24617,,True,
24618,,True,
24619,,True,
24620,,True,
24621,,True,
24623,,True,
24624,,True,
24625,,True,
24626,,True,
24627,True,False,
24628,,True,
24629,,True,
24631,,True,
24632,,True,
24634,,True,
24635,,True,
24636,,True,
24637,,True,
24638,,True,
24639,,True,
24641,,True,
24642,,True,
24643,,True,
24645,,True,
24646,,True,
24647,,True,
24648,,True,
24649,,True,
24650,,True,
24651,True,False,
24653,,True,
24654,,True,
24655,,True,
24657,,True,
24659,,True,
24661,,True,
24663,,True,
24664,,True,
24666,,True,
24667,,True,
24669,,True,
24670,,True,
24671,,True,
24672,,True,
24673,,True,
24674,,True,
24675,,True,
24676,,True,
24677,,True,
24678,,True,
24679,,True,
24680,False,True,
24682,False,True,
24684,,True,
24685,False,True,
24686,,True,
24687,False,True,
24688,,True,
24689,,True,
24690,,True,
24694,,True,
24695,,True,
24696,,True,
24697,,True,
24698,,True,
24699,,True,
24700,,True,
24702,,True,
24703,,True,
24704,,True,
24705,,True,
24708,,True,
24709,,True,
24710,,True,
24711,,True,
24712,,True,
24713,,True,
24714,,True,
24715,,True,
24716,,True,
24717,,True,
24718,False,True,
24719,,True,
24720,,True,
24721,,True,
24722,,True,
24723,,True,
24724,,True,
24725,,True,
24726,,True,
24727,,True,
24729,,True,
24730,,True,
24731,,True,
24732,False,True,
24733,False,True,
24735,,True,
24737,,True,
24738,,True,
24739,,True,
24740,,True,
24741,,True,
24743,,True,
24744,,True,
24745,,True,
24749,,True,
24750,,True,
24751,,True,
24754,,True,
24755,,True,
24756,,True,
24757,,True,
24758,,True,
24760,,True,
24761,,True,
24762,,True,
24763,,True,
24764,,True,
24765,,True,
24766,,True,
24767,,True,
24768,,True,
24769,,True,
24770,,True,
24771,,True,
24772,,True,
24773,,True,
24774,,True,
24775,,True,
24776,,True,
24777,,True,
24778,,True,
24779,,True,
24780,,True,
24781,,True,
24782,,True,
24783,,True,
24784,,True,
24785,,True,
24786,,True,
24787,,True,
24788,,True,
24789,,True,
24790,,True,
24791,,True,
24792,False,True,
24793,,True,
24794,,True,
24795,True,False,
24796,False,True,
24797,,True,
24798,,True,
24799,,True,
24800,,True,
24801,,True,
24802,,True,
24803,,True,
24804,,True,
24805,,True,
24806,,True,
24807,,True,
24808,,True,
24809,,True,
24810,,True,
24811,,True,
24812,,True,
24813,,True,
24814,,True,
24815,,True,
24816,,True,
24817,,True,
24818,,True,
24819,,True,
24820,,True,
24821,,True,
24822,,True,
24824,,True,
24826,,True,
24827,,True,
24828,,True,
24829,,True,
24830,,True,
24831,,True,
24834,,True,
24835,False,True,
24836,,True,
24837,False,True,
24838,False,True,
24839,,True,
24840,,True,
24841,,True,
24842,,True,
24843,,True,
24844,,True,
24845,,True,
24846,,True,
24847,,True,
24848,,True,
24850,,True,
24851,,True,
24852,,True,
24853,,True,
24854,,True,
24855,,True,
24856,,True,
24857,,True,
24858,,True,
24859,,True,
24860,,True,
24861,,True,
24862,,True,
24863,,True,
24864,,True,
24865,,True,
24866,,True,
24867,,True,
24868,,True,
24869,,True,
24870,,True,
24871,,True,
24872,False,True,
24873,,True,
24874,,True,
24875,,True,
24877,,True,
24878,,True,
24879,,True,
24880,,True,
24881,,True,
24882,,True,
24883,,True,
24888,,True,
24889,,True,
24890,,True,
24891,,True,
24893,False,True,
24895,,True,
24896,,True,
24897,,True,
24898,,True,
24899,,True,
24900,,True,
24901,,True,
24902,,True,
24904,,True,
24905,,True,
24906,,True,
24909,,True,
24911,,True,
24913,,True,
24914,True,False,
24916,,True,
24917,,True,
24918,,True,
24919,,True,
24920,,True,
24922,,True,
24934,,True,
24935,,True,
24936,,True,
24937,,True,
24938,,True,
24939,,True,
24941,,True,
24942,,True,
24958,,True,
24959,,True,
24960,,True,
24961,,True,
24962,,True,
24963,,True,
24964,,True,
24965,,True,
24966,,True,
24967,,True,
24968,,True,
24969,,True,
24970,,True,
24971,,True,
24973,,True,
24974,,True,
24977,,True,
24978,,True,
24979,False,True,
24981,,True,
24983,,True,
24984,,True,
24985,,True,
24986,,True,
24987,,True,
24988,,True,
24989,,True,
24990,,True,
24992,,True,
24993,,True,
24994,False,True,
24995,,True,
24999,,True,
25000,,True,
25001,,True,
25002,,True,
25003,,True,
25004,,True,
25005,,True,
25006,,True,
25007,,True,
25008,,True,
25009,,True,
25011,,True,
25012,,True,
25013,,True,
25014,,True,
25015,,True,
25016,,True,
25017,,True,
25018,,True,
25019,,True,
25020,,True,
25021,,True,
25022,,True,
25023,,True,
25024,,True,
25025,,True,
25026,False,True,
25027,,True,
25028,,True,
25029,,True,
25030,,True,
25031,,True,
25032,,True,
25033,,True,
25034,,True,
25035,,True,
25036,,True,
25037,,True,
25038,,True,
25039,,True,
25040,,True,
25042,,True,
25043,,True,
25044,,True,
25045,,True,
25046,,True,
25047,,True,
25049,,True,
25050,,True,
25051,,True,
25052,,True,
25053,,True,
25054,,True,
25055,,True,
25056,,True,
25058,,True,
25059,,True,
25060,,True,
25061,,True,
25062,,True,
25063,,True,
25064,,True,
25065,,True,
25066,,True,
25068,,True,
25069,,True,
25070,,True,
25071,,True,
25072,,True,
25073,,True,
25074,,True,
25075,,True,
25076,,True,
25077,,True,
25078,,True,
25079,,True,
25080,,True,
25081,,True,
25082,,True,
25083,,True,
25084,,True,
25085,,True,
25086,,True,
25088,,True,
25089,,True,
25090,,True,
25091,False,True,
25092,,True,
25096,,True,
25101,,True,
25102,,True,
25103,,True,
25104,,True,
25105,,True,
25106,,True,
25107,,True,
25108,,True,
25109,,True,
25110,,True,
25111,,True,
25112,,True,
25113,,True,
25114,,True,
25115,,True,
25116,,True,
25117,,True,
25118,,True,
25119,,True,
25120,,True,
25121,,True,
25123,,True,
25132,,True,
25135,,True,
25136,,True,
25138,,True,
25140,,True,
25148,,True,
25151,,True,
25154,,True,
25155,,True,
25157,,True,
25161,,True,
25163,,True,
25164,,True,
25165,,True,
25166,,True,
25167,,True,
25168,,True,
25169,,True,
25170,,True,
25171,,True,
25172,,True,
25175,,True,
25176,,True,
25177,,True,
25178,,True,
25179,,True,
25180,,True,
25181,,True,
25182,,True,
25183,,True,
25184,,True,
25185,,True,
25186,,True,
25187,,True,
25190,,True,
25194,,True,
25196,,True,
25197,,True,
25198,,True,
25201,,True,
25202,,True,
25203,,True,
25204,,True,
25205,,True,
25206,,True,
25207,,True,
25208,,True,
25210,,True,
25211,,True,
25213,,True,
25215,,True,
25217,,True,
25218,,True,
25219,,True,
25220,,True,
25221,,True,
25223,,True,
25224,,True,
25227,,True,
25228,,True,
25231,,True,
25232,,True,
25233,,True,
25234,,True,
25235,,True,
25236,False,True,
25237,,True,
25238,,True,
25239,,True,
25251,,True,
25263,,True,
25264,,True,
25265,,True,
25266,,True,
25276,,True,
25277,,True,
25278,,True,
25279,,True,
25280,,True,
25281,,True,
25282,,True,
25285,,True,
25286,,True,
25287,,True,
25299,False,True,
25300,,True,
25302,,True,
25303,,True,
25304,,True,
25305,,True,
25306,,True,
25307,,True,
25308,,True,
25309,,True,
25310,,True,
25311,,True,
25312,,True,
25313,,True,
25314,,True,
25315,,True,
25316,,True,
25317,,True,
25318,,True,
25319,,True,
25320,,True,
25321,,True,
25322,,True,
25400,,True,
25401,,True,
25405,,True,
25406,,True,
25407,,True,
25408,,True,
25409,False,True,
25410,,True,
25411,,True,
25412,,True,
25413,,True,
25414,,True,
25415,,True,
25416,,True,
25417,,True,
25418,,True,
25419,,True,
25420,,True,
25421,,True,
25422,,True,
25423,,True,
25424,,True,
25425,,True,
25426,,True,
25427,,True,
25429,,True,
25430,,True,
25431,,True,
25432,,True,
25433,,True,
25434,,True,
25435,,True,
25436,,True,
25437,,True,
25438,,True,
25439,,True,
25440,,True,
25441,,True,
25442,,True,
25443,False,True,
25444,,True,
25445,,True,
25446,,True,
25447,,True,
25448,,True,
25449,,True,
25450,,True,
25452,,True,
25453,,True,
25454,,True,
25455,,True,
25456,,True,
25457,,True,
25458,,True,
25459,,True,
25460,,True,
25461,,True,
25462,,True,
25463,,True,
25464,,True,
25465,,True,
25466,,True,
25467,,True,
25468,,True,
25469,,True,
25470,,True,
25471,,True,
25472,,True,
25473,,True,
25474,,True,
25475,,True,
25476,,True,
25477,,True,
25478,,True,
25479,,True,
25480,,True,
25481,,True,
25482,,True,
25483,,True,
25484,,True,
25485,,True,
25486,,True,
25487,,True,
25488,,True,
25489,,True,
25490,,True,
25491,,True,
25492,False,True,
25493,,True,
25494,,True,
25495,,True,
25496,,True,
25497,,True,
25498,,True,
25499,,True,
25500,,True,
25501,,True,
25502,,True,
25503,,True,
25504,,True,
25505,,True,
25506,,True,
25507,,True,
25508,,True,
25509,,True,
25510,,True,
25511,,True,
25512,,True,
25513,,True,
25514,,True,
25515,,True,
25516,,True,
25517,,True,
25518,,True,
25519,,True,
25520,,True,
25521,,True,
25522,,True,
25523,,True,
25524,,True,
25525,,True,
25526,,True,
25527,,True,
25528,,True,
25529,,True,
25530,,True,
25531,,True,
25532,,True,
25533,,True,
25534,,True,
25537,,True,
25538,,True,
25539,,True,
25540,,True,
25541,,True,
25542,,True,
25543,,True,
25544,,True,
25545,,True,
25546,,True,
25547,,True,
25548,,True,
25549,,True,
25550,,True,
25551,,True,
25552,,True,
25553,,True,
25554,,True,
25555,,True,
25556,,True,
25557,,True,
25558,,True,
25559,,True,
25560,,True,
25561,,True,
25562,,True,
25563,,True,
25564,,True,
25566,,True,
25567,,True,
25568,,True,
25569,,True,
25570,,True,
25571,,True,
25572,,True,
25573,,True,
25574,,True,
25575,,True,
25576,,True,
25577,,True,
25578,,True,
25579,,True,
25580,,True,
25581,,True,
25582,,True,
25583,,True,
25584,,True,
25585,,True,
25586,,True,
25587,,True,
25588,,True,
25589,,True,
25590,,True,
25591,,True,
25592,,True,
25593,,True,
25594,,True,
25595,,True,
25596,,True,
25597,,True,
25598,,True,
25599,,True,
25600,,True,
25601,,True,
25602,,True,
25603,,True,
25604,,True,
25605,,True,
25606,,True,
25607,,True,
25608,,True,
25609,,True,
25610,,True,
25611,,True,
25612,,True,
25613,,True,
25616,,True,
25617,,True,
25618,,True,
25619,,True,
25620,,True,
25621,,True,
25622,,True,
25623,,True,
25624,,True,
25625,,True,
25626,,True,
25627,,True,
25628,,True,
25629,,True,
25631,,True,
25633,,True,
25634,,True,
25636,,True,
25637,,True,
25638,,True,
25639,,True,
25640,,True,
25641,,True,
25642,,True,
25643,,True,
25644,,True,
25645,,True,
25646,,True,
25647,,True,
25648,,True,
25649,,True,
25650,,True,
25651,,True,
25652,,True,
25653,,True,
25654,,True,
25655,,True,
25656,,True,
25657,,True,
25658,,True,
25659,,True,
25660,,True,
25661,,True,
25662,,True,
25663,,True,
25664,,True,
25666,,True,
25667,,True,
25668,,True,
25669,,True,
25670,,True,
25671,,True,
25672,,True,
25673,,True,
25674,,True,
25676,,True,
25677,,True,
25678,,True,
25679,False,True,
25680,,True,
25681,,True,
25682,,True,
25683,,True,
25684,,True,
25685,,True,
25686,,True,
25687,,True,
25692,,True,
25694,,True,
25695,,True,
25696,,True,
25697,,True,
25698,,True,
25699,,True,
25700,,True,
25701,,True,
25702,,True,
25703,,True,
25704,,True,
25705,,True,
25706,,True,
25707,,True,
25708,,True,
25709,,True,
25710,,True,
25713,,True,
25714,,True,
25715,,True,
25717,,True,
25718,,True,
25719,,True,
25720,,True,
25721,,True,
25722,,True,
25723,,True,
25724,,True,
25725,,True,
25726,,True,
25727,,True,
25728,,True,
25729,,True,
25730,,True,
25731,,True,
25732,True,False,
25733,,True,
25735,,True,
25736,,True,
25737,,True,
25738,,True,
25740,,True,
25741,,True,
25742,,True,
25743,,True,
25745,,True,
25746,,True,
25747,False,True,
25748,,True,
25749,,True,
25752,,True,
25753,,True,
25754,,True,
25755,,True,
25756,,True,
25757,,True,
25759,,True,
25760,,True,
25761,False,True,
25762,,True,
25763,,True,
25764,,True,
25765,,True,
25766,,True,
25767,,True,
25768,,True,
25769,,True,
25770,,True,
25771,,True,
25772,,True,
25773,,True,
25774,,True,
25776,False,True,
25777,,True,
25778,,True,
25779,,True,
25780,,True,
25782,,True,
25783,,True,
25784,,True,
25785,,True,
25786,,True,
25787,,True,
25789,,True,
25790,,True,
25791,,True,
25792,,True,
25793,,True,
25794,,True,
25795,,True,
25796,,True,
25798,,True,
25799,,True,
25800,,True,
25801,False,True,
25802,,True,
25803,,True,
25804,,True,
25807,,True,
25808,,True,
25811,,True,
25812,,True,
25814,,True,
25815,,True,
25816,,True,
25817,,True,
25818,,True,
25819,True,False,
25820,,True,
25821,,True,
25825,,True,
25826,,True,
25827,,True,
25828,False,True,
25829,,True,
25830,,True,
25831,,True,
25832,,True,
25834,,True,
25835,,True,
25836,,True,
25837,,True,
25841,,True,
25842,,True,
25845,True,False,
25887,,True,
25889,,True,
25890,,True,
25892,,True,
25893,,True,
25894,,True,
25895,,True,
25896,,True,
25899,,True,
25903,,True,
25906,,True,
25907,False,True,
25910,,True,
25911,,True,
25912,,True,
25913,,True,
25914,,True,
25915,False,True,
25916,,True,
25917,False,True,
25918,,True,
25919,,True,
25920,,True,
25921,,True,
25922,,True,
25923,,True,
25924,,True,
25926,,True,
25927,,True,
25928,,True,
25929,,True,
25930,,True,
25931,,True,
25932,,True,
25934,False,True,
25935,,True,
25936,,True,
25937,,True,
25938,,True,
25939,,True,
25940,,True,
25941,True,False,
25942,,True,
25945,,True,
25946,,True,
25947,,True,
25948,,True,
25949,,True,
25950,,True,
25951,,True,
25952,,True,
25953,,True,
25954,,True,
25956,,True,
25957,,True,
25960,,True,
25961,,True,
25962,True,False,
25963,True,False,
25964,,True,
25965,True,False,
25966,,True,
25967,,True,
25968,,True,
25969,,True,
25970,,True,
25971,,True,
25972,,True,
25973,,True,
25974,,True,
25975,,True,
25976,,True,
25977,,True,
25978,,True,
25979,True,False,
25980,,True,
25981,,True,
25982,,True,
25983,,True,
25985,,True,
25986,,True,
25987,,True,
25988,,True,
25989,,True,
25990,,True,
25991,,True,
25992,,True,
25993,,True,
25994,,True,
25995,,True,
25996,,True,
25997,,True,
25998,,True,
25999,,True,
26000,,True,
26001,,True,
26002,,True,
26004,,True,
26005,,True,
26007,,True,
26008,,True,
26010,,True,
26012,,True,
26013,,True,
26014,,True,
26016,,True,
26017,,True,
26018,,True,
26019,,True,
26021,,True,
26022,False,True,
26023,,True,
26024,,True,
26025,,True,
26026,,True,
26027,,True,
26028,,True,
26029,,True,
26030,,True,
26031,,True,
26032,False,True,
26033,,True,
26034,False,True,
26035,False,True,
26036,False,True,
26037,,True,
26038,,True,
26039,False,True,
26041,,True,
26042,False,True,
26043,,True,
26044,,True,
26045,,True,
26046,False,True,
26047,,True,
26048,False,True,
26050,,True,
26051,,True,
26052,,True,
26053,,True,
26054,,True,
26055,False,True,
26056,,True,
26057,False,True,
26058,,True,
26059,False,True,
26060,False,True,
26061,,True,
26063,,True,
26064,,True,
26065,False,True,
26066,False,True,
26067,,True,
26068,,True,
26069,,True,
26070,False,True,
26071,,True,
26072,,True,
26073,,True,
26074,,True,
26077,,True,
26078,,True,
26081,,True,
26082,,True,
26084,,True,
26085,,True,
26086,,True,
26087,,True,
26088,,True,
26089,,True,
26090,,True,
26091,,True,
26092,,True,
26093,,True,
26094,,True,
26095,,True,
26096,,True,
26097,,True,
26098,,True,
26100,,True,
26101,,True,
26102,,True,
26103,,True,
26104,,True,
26105,,True,
26106,,True,
26107,,True,
26109,,True,
26110,,True,
26111,,True,
26114,,True,
26115,,True,
26116,,True,
26117,,True,
26118,,True,
26119,False,True,
26120,,True,
26121,,True,
26122,,True,
26123,,True,
26124,,True,
26125,False,True,
26126,,True,
26127,,True,
26128,,True,
26129,,True,
26130,,True,
26131,,True,
26132,,True,
26133,,True,
26134,,True,
26135,,True,
26136,,True,
26137,,True,
26138,,True,
26139,,True,
26140,,True,
26141,,True,
26143,,True,
26144,,True,
26145,,True,
26146,,True,
26147,,True,
26148,,True,
26149,,True,
26150,,True,
26151,,True,
26152,,True,
26153,False,True,
26154,,True,
26155,,True,
26156,,True,
26158,,True,
26159,,True,
26163,,True,
26167,,True,
26168,,True,
26169,,True,
26170,,True,
26171,,True,
26172,,True,
26173,,True,
26174,,True,
26175,,True,
26176,,True,
26177,,True,
26178,,True,
26179,,True,
26180,,True,
26181,,True,
26182,,True,
26183,,True,
26184,,True,
26185,True,False,
26186,,True,
26187,,True,
26188,,True,
26190,,True,
26192,False,True,
26193,,True,
26194,,True,
26195,,True,
26197,,True,
26198,,True,
26200,,True,
26203,,True,
26205,,True,
26206,,True,
26207,,True,
26208,,True,
26211,,True,
26212,,True,
26213,,True,
26216,,True,
26217,False,True,
26218,False,True,
26219,False,True,
26220,,True,
26221,,True,
26222,,True,
26223,,True,
26224,,True,
26226,,True,
26227,,True,
26228,,True,
26229,,True,
26230,,True,
26232,False,True,
26233,,True,
26234,,True,
26235,,True,
26236,,True,
26237,,True,
26238,,True,
26239,,True,
26240,,True,
26241,,True,
26242,,True,
26243,,True,
26244,,True,
26245,,True,
26246,,True,
26247,,True,
26248,,True,
26250,,True,
26251,,True,
26252,,True,
26253,,True,
26254,,True,
26255,,True,
26256,,True,
26257,,True,
26258,,True,
26259,,True,
26260,,True,
26261,,True,
26262,,True,
26263,,True,
26264,,True,
26265,,True,
26266,,True,
26267,,True,
26268,,True,
26269,,True,
26270,,True,
26271,,True,
26272,,True,
26273,,True,
26274,,True,
26275,,True,
26276,,True,
26277,,True,
26278,,True,
26279,,True,
26280,,True,
26281,,True,
26282,,True,
26283,,True,
26284,,True,
26285,,True,
26286,,True,
26287,,True,
26288,,True,
26289,,True,
26291,,True,
26292,,True,
26293,,True,
26294,,True,
26295,,True,
26296,,True,
26302,,True,
26303,,True,
26304,,True,
26305,,True,
26306,,True,
26307,False,True,
26309,,True,
26310,,True,
26311,False,True,
26312,False,True,
26313,,True,
26342,,True,
26343,,True,
26344,,True,
26345,,True,
26346,,True,
26347,,True,
26348,,True,
26349,,True,
26350,,True,
26351,,True,
26352,,True,
26354,,True,
26356,False,True,
26357,,True,
26358,,True,
26359,,True,
26360,,True,
26361,,True,
26362,,True,
26363,,True,
26364,,True,
26365,,True,
26366,,True,
26367,,True,
26368,,True,
26369,,True,
26370,,True,
26371,,True,
26372,,True,
26373,,True,
26374,,True,
26376,,True,
26377,,True,
26378,,True,
26379,,True,
26380,False,True,
26381,False,True,
26382,,True,
26383,False,True,
26384,,True,
26385,,True,
26386,,True,
26387,False,True,
26388,,True,
26389,,True,
26390,,True,
26391,,True,
26392,,True,
26393,,True,
26394,,True,
26395,,True,
26396,,True,
26397,,True,
26398,,True,
26399,,True,
26400,,True,
26401,,True,
26402,,True,
26403,False,True,
26404,False,True,
26405,False,True,
26406,False,True,
26407,False,True,
26408,False,True,
26409,False,True,
26410,False,True,
26411,False,True,
26412,False,True,
26413,False,True,
26414,,True,
26415,,True,
26416,,True,
26417,,True,
26418,,True,
26419,,True,
26420,,True,
26421,,True,
26422,,True,
26423,False,True,
26424,,True,
26426,,True,
26428,,True,
26429,,True,
26431,,True,
26432,,True,
26433,,True,
26434,,True,
26435,,True,
26436,,True,
26438,,True,
26439,,True,
26440,,True,
26441,,True,
26442,,True,
26443,,True,
26445,,True,
26452,,True,
26454,,True,
26455,False,True,
26456,,True,
26457,,True,
26458,,True,
26459,,True,
26460,,True,
26461,,True,
26462,,True,
26464,,True,
26465,,True,
26466,,True,
26467,,True,
26468,,True,
26469,,True,
26470,,True,
26471,,True,
26472,,True,
26473,,True,
26474,,True,
26481,,True,
26482,,True,
26483,,True,
26486,,True,
26487,False,True,
26488,,True,
26489,,True,
26490,,True,
26491,,True,
26492,,True,
26493,,True,
26495,,True,
26496,,True,
26500,,True,
26503,,True,
26505,,True,
26506,,True,
26507,,True,
26510,,True,
26511,,True,
26512,,True,
26516,,True,
26520,,True,
26526,,True,
26527,,True,
26528,,True,
26529,,True,
26530,,True,
26531,,True,
26532,,True,
26536,,True,
26537,,True,
26538,,True,
26540,,True,
26541,,True,
26542,,True,
26546,,True,
26547,,True,
26548,,True,
26553,,True,
26554,,True,
26555,,True,
26556,,True,
26557,,True,
26558,,True,
26559,,True,
26560,,True,
26561,,True,
26562,,True,
26563,,True,
26564,,True,
26565,,True,
26566,,True,
26567,,True,
26568,,True,
26569,,True,
26570,,True,
26571,,True,
26572,,True,
26573,,True,
26574,,True,
26575,,True,
26576,,True,
26577,,True,
26578,,True,
26579,,True,
26580,,True,
26581,,True,
26582,,True,
26583,,True,
26584,,True,
26585,,True,
26586,,True,
26587,,True,
26588,,True,
26589,,True,
26591,,True,
26592,,True,
26593,,True,
26594,,True,
26595,,True,
26596,,True,
26597,,True,
26598,,True,
26599,,True,
26600,,True,
26601,,True,
26602,,True,
26603,,True,
26604,,True,
26605,,True,
26606,,True,
26607,,True,
26608,,True,
26609,,True,
26610,,True,
26612,,True,
26613,,True,
26615,False,True,
26617,,True,
26618,,True,
26619,,True,
26620,,True,
26621,,True,
26625,,True,
26626,,True,
26627,,True,
26628,,True,
26629,,True,
26630,,True,
26631,,True,
26632,,True,
26633,,True,
26634,,True,
26635,,True,
26636,,True,
26637,,True,
26639,,True,
26640,,True,
26641,,True,
26642,False,True,
26643,,True,
26644,,True,
26645,,True,
26648,,True,
26649,,True,
26650,,True,
26651,,True,
26652,,True,
26653,,True,
26654,,True,
26655,,True,
26657,,True,
26658,,True,
26659,,True,
26660,,True,
26663,,True,
26666,,True,
26667,,True,
26669,,True,
26670,,True,
26671,,True,
26672,,True,
26675,,True,
26676,,True,
26679,,True,
26680,,True,
26681,,True,
26683,,True,
26684,,True,
26685,,True,
26686,,True,
26687,,True,
26688,,True,
26689,,True,
26690,,True,
26694,,True,
26695,False,True,
26696,,True,
26697,,True,
26699,,True,
26700,,True,
26707,,True,
26709,,True,
26711,,True,
26712,,True,
26713,,True,
26715,,True,
26716,,True,
26717,,True,
26718,,True,
26720,,True,
26721,,True,
26722,,True,
26723,,True,
26724,,True,
26725,False,True,
26726,,True,
26727,,True,
26729,,True,
26730,,True,
26732,,True,
26734,,True,
26735,,True,
26736,,True,
26737,,True,
26738,,True,
26739,,True,
26740,,True,
26741,False,True,
26742,,True,
26744,,True,
26745,,True,
26746,,True,
27000,,True,
27001,,True,
27002,,True,
27003,,True,
27004,,True,
27006,False,True,
27007,False,True,
27008,,True,
27009,,True,
27010,,True,
27011,,True,
27012,,True,
27013,,True,
27014,,True,
27015,,True,
27017,,True,
27018,,True,
27019,,True,
27020,,True,
27021,,True,
27022,,True,
27023,,True,
27024,,True,
27025,,True,
27026,,True,
27027,,True,
27028,False,True,
27029,,True,
27030,,True,
27031,,True,
27032,,True,
27033,,True,
27034,,True,
27036,,True,
27037,,True,
27041,,True,
27042,,True,
27043,,True,
27044,,True,
27045,False,True,
27046,,True,
27047,,True,
27048,,True,
27049,,True,
27050,,True,
27051,,True,
27052,False,True,
27053,,True,
27054,,True,
27055,,True,
27056,,True,
27057,,True,
27058,,True,
27059,,True,
27060,,True,
27061,,True,
27062,,True,
27063,,True,
27064,,True,
27065,,True,
27066,,True,
27067,,True,
27068,,True,
27069,,True,
27070,,True,
27071,,True,
27072,,True,
27073,,True,
27074,,True,
27075,,True,
27076,,True,
27077,,True,
27078,,True,
27079,,True,
27080,,True,
27081,,True,
27082,,True,
27083,,True,
27084,,True,
27085,,True,
27086,,True,
27087,,True,
27088,,True,
27089,,True,
27091,,True,
27092,,True,
27093,,True,
27094,,True,
27095,,True,
27096,,True,
27097,,True,
27098,,True,
27099,,True,
27100,,True,
27101,,True,
27102,,True,
27103,,True,
27104,,True,
27105,,True,
27106,,True,
27107,,True,
27108,,True,
27109,,True,
27110,,True,
27111,,True,
27112,,True,
27113,,True,
27114,,True,
27117,,True,
27118,,True,
27119,,True,
27120,,True,
27121,,True,
27123,,True,
27124,,True,
27125,,True,
27126,,True,
27128,,True,
27129,,True,
27130,,True,
27131,,True,
27132,,True,
27133,,True,
27134,,True,
27136,,True,
27137,,True,
27138,,True,
27139,,True,
27140,,True,
27142,,True,
27143,,True,
27144,,True,
27145,,True,
27146,,True,
27147,,True,
27148,,True,
27149,,True,
27150,,True,
27151,,True,
27153,,True,
27154,,True,
27156,,True,
27157,,True,
27158,,True,
27159,,True,
27160,,True,
27162,,True,
27163,,True,
27164,,True,
27165,,True,
27166,,True,
27167,,True,
27168,,True,
27169,,True,
27171,,True,
27173,,True,
27175,False,True,
27176,,True,
27178,,True,
27180,,True,
27181,,True,
27182,,True,
27188,,True,
27195,,True,
27196,,True,
27198,,True,
27199,,True,
27214,,True,
27216,,True,
27217,,True,
27218,,True,
27219,,True,
27220,,True,
27221,,True,
27222,,True,
27223,,True,
27224,,True,
27225,,True,
27226,False,True,
27227,,True,
27228,,True,
27230,,True,
27231,,True,
27234,,True,
27235,,True,
27236,,True,
27237,,True,
27238,,True,
27239,,True,
27240,,True,
27241,,True,
27242,,True,
27243,,True,
27244,,True,
27245,,True,
27247,,True,
27249,,True,
27251,,True,
27252,,True,
27253,,True,
27257,,True,
27258,,True,
27262,,True,
27263,,True,
27268,,True,
27269,,True,
27270,,True,
27271,,True,
27273,True,False,
27274,,True,
27275,,True,
27277,,True,
27278,,True,
27279,,True,
27282,,True,
27284,,True,
27285,,True,
27286,,True,
27287,,True,
27288,,True,
27289,,True,
27290,,True,
27291,,True,
27292,,True,
27293,,True,
27297,,True,
27298,,True,
27299,,True,
27300,,True,
27302,,True,
27303,,True,
27304,,True,
27305,False,True,
27306,False,True,
27307,,True,
27308,False,True,
27309,,True,
27310,,True,
27311,,True,
27312,,True,
27313,False,True,
27314,,True,
27315,,True,
27316,,True,
27317,,True,
27318,False,True,
27319,,True,
27320,,True,
27322,False,True,
27323,,True,
27324,,True,
27325,,True,
27326,,True,
27327,,True,
27328,,True,
27330,,True,
27331,,True,
27332,,True,
27333,,True,
27334,False,True,
27335,,True,
27336,,True,
27337,,True,
27338,,True,
27339,,True,
27340,,True,
27341,,True,
27342,,True,
27343,,True,
27344,,True,
27346,,True,
27347,,True,
27348,,True,
27349,,True,
27350,,True,
27351,,True,
27352,,True,
27353,,True,
27354,,True,
27355,,True,
27356,,True,
27359,,True,
27360,,True,
27361,,True,
27362,False,True,
27364,,True,
27365,,True,
27366,,True,
27367,,True,
27368,,True,
27369,,True,
27370,,True,
27371,,True,
27372,,True,
27373,,True,
27375,,True,
27377,,True,
27378,,True,
27379,,True,
27380,,True,
27381,,True,
27383,,True,
27384,False,True,
27385,,True,
27386,,True,
27388,,True,
27392,,True,
27395,,True,
27402,False,True,
27404,,True,
27408,,True,
27411,,True,
27418,False,True,
27419,False,True,
27420,False,True,
27421,False,True,
27422,False,True,
27423,True,False,
27424,,True,
27425,,True,
27426,,True,
27427,,True,
27428,,True,
27429,,True,
27430,,True,
27431,,True,
27432,,True,
27433,,True,
27434,,True,
27435,,True,
27436,,True,
27437,,True,
27438,,True,
27439,,True,
27440,,True,
27441,,True,
27442,,True,
27443,,True,
27444,,True,
27445,,True,
27446,,True,
27447,,True,
27448,,True,
27449,,True,
27450,,True,
27451,,True,
27452,,True,
27455,,True,
27456,,True,
27457,,True,
27458,,True,
27459,,True,
27460,,True,
27461,,True,
27462,,True,
27463,,True,
27464,,True,
27465,,True,
27466,,True,
27467,,True,
27468,,True,
27469,,True,
27470,,True,
27471,,True,
27472,,True,
27473,,True,
27474,,True,
27475,,True,
27476,,True,
27477,,True,
27478,,True,
27479,,True,
27480,,True,
27481,,True,
27482,,True,
27483,,True,
27484,,True,
27485,,True,
27486,,True,
27487,,True,
27488,,True,
27491,,True,
27492,,True,
27493,,True,
27494,,True,
27496,,True,
27497,,True,
27498,,True,
27499,,True,
27500,,True,
27501,,True,
27502,,True,
27503,,True,
27506,,True,
27508,,True,
27510,,True,
27512,,True,
27513,,True,
27514,,True,
27520,,True,
27521,,True,
27522,,True,
27523,False,True,
27524,False,True,
27525,,True,
27526,,True,
27527,,True,
27528,,True,
27529,,True,
27530,,True,
27533,,True,
27536,,True,
27537,,True,
27540,,True,
27544,,True,
27546,,True,
27547,,True,
27549,,True,
27550,,True,
27551,,True,
27556,,True,
27557,,True,
27558,,True,
27559,,True,
27560,,True,
27561,,True,
27562,,True,
27563,,True,
27564,,True,
27565,,True,
27566,,True,
27567,,True,
27568,,True,
27569,,True,
27570,,True,
27571,,True,
27572,,True,
27573,,True,
27574,,True,
27575,,True,
27576,,True,
27577,,True,
27578,,True,
27579,,True,
27580,,True,
27581,,True,
27582,,True,
27583,,True,
27584,,True,
27585,,True,
27586,,True,
27587,,True,
27588,,True,
27589,,True,
27590,,True,
27591,,True,
27592,,True,
27599,,True,
27600,,True,
27601,,True,
27602,,True,
27604,,True,
27605,,True,
27606,,True,
27607,,True,
27608,,True,
27609,,True,
27610,,True,
27611,,True,
27612,,True,
27613,,True,
27614,,True,
27615,,True,
27616,,True,
27617,,True,
27618,,True,
27619,,True,
27620,,True,
27621,,True,
27622,,True,
27623,,True,
27624,,True,
27625,,True,
27626,,True,
27627,,True,
27628,,True,
27629,,True,
27637,,True,
27638,,True,
27639,,True,
27640,,True,
27641,,True,
27642,,True,
27643,,True,
27644,,True,
27645,,True,
27646,True,False,
27647,True,False,
27648,,True,
27649,,True,
27650,,True,
27651,,True,
27652,,True,
27653,,True,
27654,,True,
27655,,True,
27656,,True,
27657,,True,
27658,,True,
27660,,True,
27661,,True,
27662,,True,
27663,,True,
27664,,True,
27667,,True,
27669,,True,
27670,,True,
27671,,True,
27672,,True,
27673,,True,
27674,,True,
27675,,True,
27678,,True,
27679,,True,
27680,,True,
27681,,True,
27682,,True,
27683,,True,
27684,,True,
27685,,True,
27686,,True,
27687,,True,
27689,,True,
27690,,True,
27691,,True,
27692,,True,
27693,,True,
27694,,True,
27695,,True,
27696,,True,
27697,,True,
27698,,True,
27699,,True,
27700,,True,
27701,,True,
27702,,True,
27704,,True,
27714,,True,
27715,,True,
27716,,True,
27717,,True,
27718,,True,
27719,,True,
27720,,True,
27721,,True,
27722,,True,
27724,,True,
27725,,True,
27726,,True,
27727,,True,
27728,,True,
27729,,True,
27730,,True,
27731,,True,
27732,,True,
27733,,True,
27734,,True,
27736,,True,
27738,,True,
27739,,True,
27740,,True,
27741,,True,
27743,,True,
27744,,True,
27745,,True,
27746,,True,
27748,,True,
27749,,True,
27750,,True,
27751,,True,
27752,,True,
27753,,True,
27754,,True,
27756,,True,
27757,,True,
27758,,True,
27759,,True,
27760,,True,
27761,,True,
27762,False,True,
27765,,True,
27766,,True,
27767,,True,
27768,False,True,
27769,,True,
27770,False,True,
27771,,True,
27772,,True,
27773,,True,
27775,,True,
27776,,True,
27777,,True,
27778,,True,
27779,,True,
27780,,True,
27781,,True,
27782,,True,
27783,,True,
27784,False,True,
27785,,True,
27786,,True,
27787,,True,
27788,,True,
27789,,True,
27790,,True,
27791,,True,
27792,,True,
27793,,True,
27795,,True,
27796,,True,
27797,,True,
27799,,True,
27800,,True,
27801,,True,
27802,True,False,
27804,,True,
27805,,True,
27806,,True,
27807,,True,
27808,,True,
27809,,True,
27810,,True,
27811,,True,
27812,,True,
27813,,True,
27814,,True,
27815,,True,
27816,,True,
27817,,True,
27818,,True,
27819,,True,
27820,,True,
27821,,True,
27822,,True,
27823,,True,
27824,,True,
27825,,True,
27826,,True,
27827,,True,
27828,,True,
27829,,True,
27830,,True,
27831,,True,
27833,,True,
27834,,True,
27835,,True,
27836,,True,
27837,,True,
27838,,True,
27839,,True,
27840,,True,
27841,,True,
27842,,True,
27844,,True,
27845,,True,
27846,,True,
27847,,True,
27848,,True,
27849,,True,
27850,,True,
27851,,True,
27852,,True,
27853,,True,
27855,,True,
27856,,True,
27857,,True,
27858,,True,
27859,,True,
27860,,True,
27861,,True,
27862,,True,
27864,,True,
27865,True,False,
27866,,True,
27867,,True,
27868,,True,
27869,,True,
27870,,True,
27871,,True,
27872,True,False,
27873,True,False,
27874,False,True,
27875,,True,
27876,,True,
27877,,True,
27879,,True,
27880,,True,
27881,False,True,
27882,,True,
27883,,True,
27884,,True,
27887,,True,
27890,,True,
27892,,True,
27893,,True,
27894,,True,
27895,,True,
27896,,True,
27898,,True,
27899,False,True,
27904,,True,
27905,,True,
27909,,True,
27911,,True,
27924,,True,
27925,,True,
27926,,True,
27927,,True,
27929,,True,
27930,,True,
27931,,True,
27932,,True,
27933,,True,
27935,,True,
27936,,True,
27937,,True,
27938,,True,
27939,,True,
27940,,True,
27941,,True,
27942,,True,
27943,,True,
27944,,True,
27945,False,True,
27946,,True,
27947,,True,
27948,,True,
27949,,True,
27950,,True,
27951,,True,
27952,,True,
27953,,True,
27954,,True,
27955,,True,
27956,True,False,
27957,,True,
27958,,True,
27959,,True,
27960,,True,
27961,,True,
27962,,True,
27963,True,False,
27964,,True,
27965,,True,
27966,False,True,
27967,False,True,
27968,False,True,
27969,False,True,
27971,,True,
27972,,True,
27973,,True,
27974,True,False,
27975,,True,
27976,,True,
27977,,True,
27978,,True,
27979,,True,
27980,,True,
27981,,True,
27982,,True,
27983,,True,
27984,,True,
27985,,True,
27986,True,False,
27987,,True,
27988,True,False,
27989,,True,
27990,,True,
27991,,True,
27992,False,True,
27993,,True,
27994,,True,
27995,,True,
27996,,True,
27997,True,False,
27998,True,False,
27999,,True,
28000,,True,
28001,True,False,
28002,,True,
28003,,True,
28004,,True,
28005,False,True,
28006,,True,
28007,,True,
28008,,True,
28009,,True,
28010,,True,
28011,,True,
28012,,True,
28015,,True,
28018,,True,
28019,,True,
28020,,True,
28021,,True,
28022,,True,
28023,,True,
28024,,True,
28025,,True,
28026,,True,
28027,,True,
28028,,True,
28029,,True,
28030,,True,
28031,,True,
28032,,True,
28033,,True,
28034,,True,
28035,,True,
28036,,True,
28037,,True,
28042,,True,
28044,,True,
28045,,True,
28046,,True,
28047,False,False,
28048,,True,
28049,,True,
28050,,True,
28051,,True,
28058,,True,
28059,,True,
28060,,True,
28061,,True,
28062,,True,
28063,,True,
28064,,True,
28065,False,True,
28066,,True,
28067,,True,
28068,,True,
28069,,True,
28071,,True,
28073,,True,
28074,,True,
28075,,True,
28076,,True,
28077,,True,
28081,,True,
28085,,True,
28086,,True,
28087,,True,
28088,False,True,
28093,,True,
28094,,True,
28096,,True,
28097,,True,
28098,,True,
28099,,True,
28100,,True,
28103,,True,
28106,,True,
28107,,True,
28108,,True,
28109,,True,
28110,,True,
28111,,True,
28116,,True,
28117,,True,
28118,,True,
28119,,True,
28120,,True,
28121,,True,
28122,,True,
28123,False,False,
28124,False,False,
28125,False,False,
28126,False,False,
28127,False,False,
28128,,True,
28129,,True,
28130,,True,
28131,,True,
28132,,True,
28133,False,True,
28135,,True,
28136,,True,
28137,False,True,
28138,,True,
28139,,True,
28141,False,True,
28142,,True,
28143,,True,
28144,,True,
28145,,True,
28146,False,True,
28147,,True,
28148,,True,
28154,,True,
28155,,True,
28156,,True,
28157,,True,
28158,,True,
28159,,True,
28160,,True,
28162,,True,
28163,False,False,
28165,False,True,
28166,False,True,
28177,,True,
28178,,True,
28179,,True,
28180,,True,
28182,,True,
28183,,True,
28185,,True,
28186,False,True,
28187,,True,
28202,,True,
28203,,True,
28204,,True,
28206,,True,
28207,,True,
28208,,True,
28209,,True,
28210,,True,
28211,,True,
28212,,True,
28213,,True,
28214,,True,
28215,,True,
28216,,True,
28217,False,True,
28218,False,True,
28219,False,True,
28220,False,True,
28221,False,True,
28222,,True,
28223,False,True,
28224,False,True,
28225,,True,
28227,,True,
28228,,True,
28229,,True,
28230,,True,
28231,,True,
28232,,True,
28233,,True,
28235,False,True,
28236,,True,
28238,,True,
28240,,True,
28242,,True,
28244,,True,
28245,,True,
28247,,True,
28248,,True,
28249,,True,
28250,,True,
28251,,True,
28252,,True,
28253,,True,
28254,,True,
28255,,True,
28256,,True,
28257,,True,
28258,,True,
28261,,True,
28262,,True,
28263,,True,
28264,,True,
28266,,True,
28267,,True,
28268,,True,
28269,False,True,
28270,False,True,
28271,,True,
28272,,True,
28274,,True,
28275,,True,
28276,,True,
28277,,True,
28278,False,True,
28279,False,True,
28280,False,True,
28281,,True,
28282,,True,
28283,False,True,
28284,,True,
28285,,True,
28286,,True,
28287,,True,
28288,,True,
28289,,True,
28290,,True,
28291,,True,
28292,,True,
28293,,True,
28294,,True,
28295,,True,
28296,,True,
28297,,True,
28298,,True,
28299,,True,
28300,False,True,
28301,,True,
28302,False,False,
28303,,True,
28304,False,False,
28305,False,False,
28306,False,False,
28307,False,True,
28308,,True,
28309,False,False,
28310,False,True,
28311,False,True,
28312,False,True,
28313,,True,
28314,,True,
28315,,True,
28316,,True,
28317,,True,
28318,False,True,
28320,,True,
28321,,True,
28322,,True,
28323,,True,
28324,,True,
28325,,True,
28326,,True,
28327,,True,
28328,,True,
28329,,True,
28331,,True,
28332,False,True,
28333,False,True,
28334,False,True,
28335,False,True,
28336,False,True,
28338,,True,
28339,,True,
28340,,True,
28341,False,True,
28342,False,True,
28343,False,True,
28344,False,True,
28345,,True,
28346,False,True,
28347,False,True,
28348,,True,
28349,,True,
28350,,True,
28351,False,True,
28352,,True,
28353,,True,
28354,,True,
28357,,True,
28358,,True,
28360,,True,
28361,,True,
28362,,True,
28363,False,True,
28364,False,True,
28365,False,True,
28366,,True,
28367,False,True,
28368,False,True,
28369,False,True,
28370,False,True,
28371,False,True,
28372,False,True,
28373,False,True,
28375,False,True,
28376,,True,
28377,,True,
28378,,True,
28380,False,True,
28381,False,False,
28382,False,True,
28383,False,False,
28384,,True,
28385,,True,
28386,,True,
28391,,True,
28392,,True,
28393,False,False,
28394,False,True,
28397,False,False,
28398,,True,
28399,False,True,
28400,,True,
28401,,True,
28402,False,True,
28403,,True,
28405,False,True,
28406,False,True,
28408,,True,
28409,,True,
28410,,True,
28411,False,True,
28413,,True,
28414,,True,
28415,False,True,
28417,False,True,
28418,,True,
28419,,True,
28420,,True,
28421,,True,
28422,,True,
28423,,True,
28424,,True,
28425,,True,
28427,,True,
28428,False,True,
28430,,True,
28435,,True,
28436,,True,
28437,,True,
28438,,True,
28439,,True,
28440,False,True,
28441,False,True,
28442,False,True,
28443,,True,
28444,,True,
28445,,True,
28448,,True,
28449,,True,
28450,,True,
28452,,True,
28453,,True,
28454,,True,
28455,,True,
28456,,True,
28457,,True,
28458,,True,
28459,,True,
28460,,True,
28461,,True,
28462,,True,
28463,,True,
28465,,True,
28466,False,True,
28467,,True,
28468,False,True,
28469,,True,
28470,,True,
28471,,True,
28472,,True,
28473,,True,
28474,,True,
28475,,True,
28476,False,True,
28477,,True,
28478,False,True,
28479,False,True,
28481,,True,
28482,,True,
28483,,True,
28484,,True,
28485,,True,
28487,False,False,
28488,False,False,
28489,False,False,
28490,False,False,
28491,False,False,
28492,False,False,
28493,False,False,
28494,False,False,
28495,False,False,
28496,False,False,
28497,False,False,
28498,False,False,
28499,,True,
28500,False,False,
28501,False,False,
28502,False,False,
28503,,True,
28504,,True,
28505,,True,
28506,,True,
28507,False,False,
28508,False,False,
28510,False,False,
28511,False,False,
28513,False,False,
28515,,True,
28516,False,False,
28517,False,False,
28518,False,False,
28521,,True,
28523,,True,
28524,,True,
28525,,True,
28526,False,True,
28527,,True,
28528,,True,
28529,,True,
28530,False,False,
28531,False,False,
28532,,True,
28533,,True,
28534,,True,
28535,,True,
28536,,True,
28537,,True,
28538,,True,
28539,,True,
28551,,True,
28552,,True,
28553,,True,
28554,,True,
28555,,True,
28556,,True,
28557,,True,
28558,,True,
28559,,True,
28560,,True,
28561,,True,
28562,,True,
28563,False,True,
28564,,True,
28565,False,True,
28566,False,True,
28567,False,True,
28568,False,True,
28569,False,True,
28570,False,True,
28571,False,True,
28572,False,True,
28573,False,True,
28574,,True,
28575,,True,
28576,False,True,
28577,,True,
28578,,True,
28579,,True,
28580,,True,
28581,,True,
28582,,True,
28583,,True,
28584,,True,
28585,,True,
28586,,True,
28587,,True,
28588,,True,
28589,,True,
28590,,True,
28591,,True,
28592,False,True,
28593,,True,
28594,,True,
28595,,True,
28597,,True,
28598,,True,
28599,False,True,
28600,False,True,
28601,,True,
28602,False,True,
28603,,True,
28604,,True,
28605,,True,
28607,,True,
28608,,True,
28609,,True,
28610,,True,
28611,,True,
28612,,True,
28613,,True,
28614,,True,
28616,False,True,
28639,,True,
28642,,True,
28661,,True,
28662,,True,
28663,,True,
28664,,True,
28665,,True,
28666,,True,
28667,,True,
28669,,True,
28670,,True,
28671,,True,
28673,,True,
28674,False,True,
28675,,True,
28676,,True,
28677,False,True,
28678,,True,
28679,False,True,
28680,,True,
28700,,True,
28701,,True,
28702,,True,
28703,,True,
28704,,True,
28705,,True,
28706,,True,
28707,,True,
28708,,True,
28709,,True,
28710,,True,
28712,,True,
28713,,True,
28714,False,True,
28715,,True,
28716,,True,
28717,,True,
28718,False,True,
28719,,True,
28720,,True,
28721,,True,
28722,,True,
28723,,True,
28724,,True,
28725,False,True,
28726,,True,
28727,,True,
28728,,True,
28729,,True,
28730,,True,
28731,,True,
28732,,True,
28733,,True,
28734,,True,
28735,,True,
28736,,True,
28737,,True,
28738,,True,
28739,,True,
28740,,True,
28741,,True,
28742,,True,
28743,,True,
28744,,True,
28745,,True,
28746,,True,
28747,,True,
28748,,True,
28750,,True,
28751,,True,
28752,,True,
28753,,True,
28754,,True,
28755,,True,
28756,,True,
28757,,True,
28758,,True,
28759,,True,
28760,,True,
28761,False,True,
28762,,True,
28763,,True,
28764,,True,
28765,,True,
28766,,True,
28767,,True,
28768,,True,
28769,,True,
28770,,True,
28771,,True,
28772,,True,
28773,,True,
28774,,True,
28775,,True,
28776,,True,
28777,,True,
28778,,True,
28779,,True,
28780,,True,
28781,,True,
28782,,True,
28783,,True,
28784,,True,
28785,,True,
28786,,True,
28787,,True,
28788,,True,
28789,,True,
28790,,True,
28791,,True,
28792,,True,
28793,,True,
28794,,True,
28795,,True,
28796,False,True,
28797,,True,
28798,,True,
28799,,True,
28800,,True,
28801,,True,
28802,,True,
28803,,True,
28804,,True,
28805,,True,
28806,,True,
28807,,True,
28808,,True,
28809,False,True,
28810,,True,
28811,,True,
28812,,True,
28813,,True,
28814,,True,
28815,,True,
28816,,True,
28817,,True,
28818,,True,
28819,,True,
28820,,True,
28821,,True,
28822,,True,
28823,,True,
28824,,True,
28825,,True,
28826,,True,
28827,,True,
28828,,True,
28829,,True,
28830,,True,
28831,,True,
28832,,True,
28833,,True,
28834,,True,
28835,,True,
28836,,True,
28837,,True,
28838,,True,
28839,,True,
28840,,True,
28841,,True,
28842,,True,
28843,,True,
28844,,True,
28845,,True,
28846,,True,
28847,,True,
28848,,True,
28849,,True,
28850,,True,
28851,,True,
28852,,True,
28853,False,True,
28854,,True,
28855,,True,
28856,,True,
28857,,True,
28858,,True,
28859,,True,
28860,,True,
28861,,True,
28862,,True,
28863,,True,
28864,,True,
28865,,True,
28866,,True,
28867,,True,
28868,,True,
28869,,True,
28870,,True,
28871,,True,
28872,,True,
28873,,True,
28874,,True,
28875,,True,
28876,,True,
28877,,True,
28878,,True,
28879,,True,
28880,,True,
28881,,True,
28882,,True,
28883,,True,
28884,,True,
28885,,True,
28886,,True,
28887,,True,
28888,,True,
28889,,True,
28890,,True,
28891,,True,
28892,,True,
28893,,True,
28894,,True,
28895,,True,
28896,,True,
28897,,True,
28899,,True,
28900,,True,
28901,,True,
28902,,True,
28903,,True,
28904,,True,
28905,,True,
28906,,True,
28907,,True,
28908,,True,
28909,,True,
28911,,True,
28912,,True,
28913,,True,
28914,False,True,
28915,,True,
28917,,True,
28921,,True,
28922,,True,
28923,,True,
28924,,True,
28925,,True,
28926,,True,
28927,,True,
28928,,True,
28929,False,True,
28931,,True,
28934,,True,
28935,False,False,
28937,,True,
28938,,True,
28939,,True,
28940,,True,
28941,False,True,
28943,,True,
28944,,True,
28945,,True,
28946,False,True,
28947,False,False,
28948,,True,
28949,,True,
28950,,True,
28951,,True,
28952,False,True,
28953,False,False,
28954,,True,
28956,False,True,
28957,,True,
28958,,True,
28959,,True,
28960,,True,
28966,,True,
28967,,True,
28968,,True,
28969,,True,
28970,False,False,
28971,False,False,
28972,,True,
28973,False,True,
28974,False,True,
28975,False,True,
28976,False,True,
28977,False,True,
28978,False,True,
28979,False,True,
28980,False,True,
28982,,True,
28983,,True,
28984,,True,
28989,,True,
28991,,True,
28992,,True,
28993,,True,
28994,,True,
28995,,True,
28997,False,True,
29001,,True,
29003,False,True,
29004,,True,
29005,,True,
29006,,True,
29011,,True,
29012,False,True,
29014,False,True,
29016,,True,
29018,,True,
29020,,True,
29021,,True,
29022,,True,
29023,,True,
29024,,True,
29025,,True,
29026,,True,
29027,,True,
29031,False,True,
29033,,True,
29034,,True,
29035,,True,
29036,False,True,
29037,,True,
29038,,True,
29039,,True,
29040,,True,
29041,,True,
29042,,True,
29043,,True,
29044,,True,
29045,,True,
29046,,True,
29047,,True,
29048,,True,
29049,,True,
29051,,True,
29052,,True,
29054,,True,
29055,,True,
29056,False,True,
29075,False,False,
29101,False,True,
29107,False,False,
29118,False,True,
29123,False,True,
29126,False,True,
29146,True,False,
29151,False,True,
29152,False,True,
29153,False,True,
29156,True,False,
29157,False,True,
29158,False,True,
29159,False,True,
29165,False,True,
29166,False,True,
29167,False,True,
29168,False,True,
29169,False,True,
29170,False,True,
29171,False,True,
29172,False,True,
29173,False,True,
29174,False,True,
29175,False,True,
29176,False,True,
29177,False,True,
29178,False,True,
29179,False,True,
29180,False,True,
29181,False,True,
29182,False,True,
29183,False,True,
29186,False,True,
29187,False,True,
29188,False,True,
29189,False,True,
29190,False,True,
29191,False,True,
29192,False,True,
29193,False,True,
29194,False,True,
29195,False,True,
29196,False,True,
29197,False,True,
29198,False,True,
29199,False,True,
29200,False,True,
29202,False,True,
29203,False,True,
29204,False,True,
29205,False,True,
29206,False,True,
29207,False,True,
29208,False,True,
29209,False,True,
29210,False,True,
29211,False,True,
29212,True,False,
29213,True,False,
29214,True,False,
29215,False,True,
29216,False,True,
29217,False,True,
29218,False,True,
29219,False,True,
29220,False,True,
29222,False,True,
29224,False,True,
29225,False,True,
29226,False,True,
29227,False,True,
29228,False,True,
29229,False,True,
29230,False,True,
29231,False,True,
29232,False,True,
29233,False,True,
29236,False,True,
29237,False,True,
29238,False,True,
29239,False,True,
29240,False,True,
29241,False,True,
29242,False,True,
29245,True,False,
29246,False,True,
29247,False,True,
29248,False,True,
29249,False,True,
29250,False,True,
29251,False,True,
29258,False,True,
29259,False,True,
29260,False,True,
29261,False,True,
29262,False,True,
29263,False,True,
29264,False,True,
29265,False,True,
29266,False,True,
29267,False,True,
29268,False,True,
29269,False,True,
29270,False,True,
29272,False,True,
29280,False,True,
29284,False,True,
29285,False,True,
29298,False,True,
29312,False,True,
29314,False,True,
29315,False,True,
29316,False,True,
29318,False,True,
29319,True,False,
29320,True,False,
29322,True,False,
29324,True,False,
29330,False,False,
29331,False,False,
29332,False,False,
29333,False,False,
29334,False,False,
29336,False,True,
29337,False,False,
29338,True,False,
29339,True,False,
29341,True,False,
29342,True,False,
29343,True,False,
29346,False,True,
29347,False,True,
29348,False,False,
29350,False,True,
29351,False,True,
29352,False,True,
29367,False,True,
29368,False,True,
29369,False,True,
29370,False,True,
29371,False,True,
29372,False,True,
29373,False,True,
29374,True,False,
29375,True,False,
29376,True,False,
29377,True,False,
29378,True,False,
29383,True,False,
29384,True,False,
29385,True,False,
29386,True,False,
29387,True,False,
29388,True,False,
29389,True,False,
29390,True,False,
29391,True,False,
29392,True,False,
29393,True,False,
29394,True,False,
29395,True,False,
29396,True,False,
29397,False,True,
29398,True,False,
29399,True,False,
29400,True,False,
29401,True,False,
29402,False,True,
29403,False,True,
29404,True,False,
29405,True,False,
29406,True,False,
29408,True,False,
29409,True,False,
29410,False,True,
29411,False,True,
29412,False,True,
29413,False,True,
29414,False,True,
29415,False,True,
29416,False,True,
29417,False,True,
29418,False,True,
29419,False,True,
29420,False,True,
29421,False,True,
29422,False,True,
29423,True,False,
29424,False,True,
29425,False,True,
29426,False,True,
29427,False,True,
29428,False,True,
29429,False,True,
29430,False,True,
29431,False,True,
29432,False,True,
29433,False,True,
29434,False,True,
29435,False,True,
29436,False,True,
29437,False,True,
29438,False,True,
29439,False,True,
29440,False,True,
29442,False,True,
29443,False,True,
29444,False,True,
29445,False,True,
29446,False,True,
29447,False,True,
29448,False,True,
29450,True,False,
29452,False,True,
29453,False,True,
29454,True,False,
29455,True,False,
29456,False,True,
29458,False,True,
29459,False,True,
29461,False,True,
29462,False,True,
29463,False,True,
29464,False,True,
29465,True,False,
29466,False,True,
29468,False,True,
29469,False,True,
29470,False,True,
29471,False,True,
29472,False,True,
29474,False,True,
29477,False,True,
29478,False,True,
29484,False,True,
29486,False,True,
29487,False,True,
29488,False,True,
29489,False,True,
29490,False,True,
29491,False,True,
29492,False,True,
29493,False,True,
29494,False,True,
29495,False,True,
29498,False,False,
29501,False,True,
29503,False,True,
29505,False,True,
29506,False,True,
29507,True,False,
29508,False,True,
29509,False,True,
29510,False,True,
29512,False,False,
29514,False,False,
29515,False,False,
29516,False,False,
29518,False,False,
29519,False,True,
29520,False,True,
29521,False,True,
29522,False,True,
29523,False,True,
29524,False,True,
29542,False,True,
29543,True,False,
29545,False,True,
29546,False,True,
29547,True,False,
29549,False,True,
29551,True,False,
29552,True,False,
29553,False,True,
29554,False,True,
29557,False,True,
29562,False,True,
29568,False,True,
29573,False,True,
29575,False,True,
29576,False,True,
29578,False,True,
29579,False,True,
29582,False,True,
29584,False,True,
29586,False,True,
29587,False,True,
29588,False,True,
29594,False,False,
29597,False,True,
29599,False,True,
29600,False,True,
29601,False,True,
29602,False,True,
29603,False,True,
29610,False,False,
29611,False,True,
29613,False,True,
29615,False,True,
29617,False,False,
29619,False,True,
29620,False,True,
29622,False,True,
29623,False,True,
29624,False,True,
29625,False,True,
29626,True,False,
29627,False,True,
29628,False,True,
29630,False,True,
29633,False,False,
29635,False,True,
29638,False,True,
29639,False,True,
29640,False,True,
29641,False,True,
29645,False,True,
29646,False,True,
29648,False,True,
29649,False,True,
29650,False,True,
29652,False,True,
29653,False,True,
29658,False,True,
29659,False,True,
29660,True,False,
29661,False,True,
29662,False,True,
29663,False,True,
29665,False,True,
29667,False,True,
29668,True,False,
29674,False,True,
29676,False,True,
29677,False,True,
29678,True,False,
29679,False,True,
29680,False,True,
29681,False,True,
29682,False,True,
29683,True,False,
29684,False,True,
29685,False,False,
29686,False,True,
29687,False,True,
29688,False,True,
29689,False,True,
29693,False,True,
29694,False,True,
29696,False,False,
29697,False,True,
29698,False,False,
29699,False,True,
29700,False,True,
29706,False,False,
29707,False,False,
29715,False,True,
29716,True,False,
29717,True,False,
29718,True,False,
29719,True,False,
29720,True,False,
29721,True,False,
29722,True,False,
29723,True,False,
29724,True,False,
29725,True,False,
29726,True,False,
29727,True,False,
29728,True,False,
29729,True,False,
29730,True,False,
29731,True,False,
29732,True,False,
29733,True,False,
29734,True,False,
29735,True,False,
29736,True,False,
29737,True,False,
29738,True,False,
29739,True,False,
29740,True,False,
29741,True,False,
29742,True,False,
29743,False,True,
29744,True,False,
29745,False,True,
29746,True,False,
29747,True,False,
29750,False,True,
29751,False,True,
29754,False,False,
29755,False,False,
29756,False,False,
29757,False,False,
29758,False,False,
29759,False,False,
29760,False,False,
29761,False,False,
29762,False,False,
29764,False,True,
29767,False,True,
29768,True,False,
29772,True,False,
29774,True,False,
29787,False,True,
29788,False,True,
29789,False,True,
29791,False,True,
29792,False,True,
29793,False,True,
29794,False,True,
29795,True,False,
29796,True,False,
29798,False,True,
29799,False,True,
29800,True,False,
29802,False,True,
29805,True,False,
29807,True,False,
29808,True,False,
29809,True,False,
29810,True,False,
29811,True,False,
29812,True,False,
29814,True,False,
29815,True,False,
29816,True,False,
29817,True,False,
29818,True,False,
29819,True,False,
29820,True,False,
29821,True,False,
29824,False,True,
29825,True,False,
29826,True,False,
29827,True,False,
29828,False,True,
29829,True,False,
29830,True,False,
29832,True,False,
29834,True,False,
29835,True,False,
29836,True,False,
29837,True,False,
29838,True,False,
29839,False,True,
29840,True,False,
29841,True,False,
29842,True,False,
29843,True,False,
29844,True,False,
29845,True,False,
29846,True,False,
29847,True,False,
29848,True,False,
29849,True,False,
29850,True,False,
29851,True,False,
29852,True,False,
29853,True,False,
29854,True,False,
29855,True,False,
29856,True,False,
29857,True,False,
29858,True,False,
29859,True,False,
29860,True,False,
29863,False,True,
29865,False,True,
29866,False,True,
29867,False,True,
29869,False,True,
29870,False,True,
29872,False,True,
29873,False,True,
29875,False,True,
29876,False,True,
29877,False,True,
29878,False,True,
29879,False,True,
29880,False,True,
29881,False,True,
29882,False,True,
29884,False,True,
29887,False,True,
29891,False,True,
29892,False,False,
29894,False,True,
29897,True,False,
29898,True,False,
29899,True,False,
29900,True,False,
29901,True,False,
29902,True,False,
29903,True,False,
29904,True,False,
29905,True,False,
29906,True,False,
29907,True,False,
29908,True,False,
29909,True,False,
29910,True,False,
29911,True,False,
29912,False,True,
29913,False,True,
29915,True,False,
29916,True,False,
29917,True,False,
29922,False,True,
29923,False,True,
29924,False,True,
29925,False,True,
29927,False,True,
29928,False,True,
29930,False,True,
29931,False,False,
29932,False,False,
29933,False,False,
29934,False,False,
29935,False,False,
29936,False,False,
29937,False,False,
29938,False,False,
29939,False,False,
29940,False,False,
29941,True,False,
29942,False,False,
29943,False,True,
29944,False,False,
29946,False,True,
29947,False,False,
29948,True,False,
29950,True,False,
29951,True,False,
29952,True,False,
29953,True,False,
29954,True,False,
29955,True,False,
29956,True,False,
29957,True,False,
29958,True,False,
29959,True,False,
29960,True,False,
29961,True,False,
29962,True,False,
29964,True,False,
29966,False,True,
29970,False,True,
29971,False,True,
29972,False,True,
29973,False,True,
29974,False,True,
29975,False,True,
29983,False,True,
29984,False,True,
29985,False,False,
29986,False,True,
29987,False,True,
29988,False,True,
29991,False,True,
29993,False,True,
29994,False,True,
29996,False,True,
29997,False,True,
29998,False,True,
29999,False,True,
30010,False,True,
30011,False,True,
30013,False,True,
30015,False,True,
30017,False,True,
30018,False,True,
30019,False,True,
30020,False,True,
30022,False,True,
30023,False,True,
30024,False,True,
30025,False,True,
30027,False,True,
30028,False,True,
30029,False,True,
30030,False,True,
30031,False,True,
30032,False,True,
30033,False,True,
30034,False,True,
30035,False,True,
30036,False,True,
30037,False,True,
30038,False,True,
30039,False,True,
30040,False,True,
30041,False,True,
30042,False,True,
30043,False,True,
30044,False,True,
30045,False,True,
30048,False,True,
30051,False,True,
30052,False,True,
30057,False,True,
30062,False,False,
30063,False,True,
30064,False,True,
30065,False,True,
30066,False,True,
30068,False,True,
30069,False,True,
30071,False,True,
30072,False,True,
30074,False,True,
30076,False,True,
30077,False,True,
30078,False,True,
30079,False,True,
30080,False,True,
30081,False,True,
30082,False,True,
30086,False,True,
30087,False,True,
30088,False,True,
30090,False,True,
30092,False,True,
30093,False,True,
30094,False,True,
30095,False,True,
30096,False,True,
30097,False,True,
30098,False,True,
30106,False,True,
30110,False,True,
30111,False,True,
30112,True,False,
30115,False,True,
30120,False,True,
30121,False,True,
30122,False,True,
30123,False,True,
30124,False,True,
30126,False,True,
30128,False,True,
30132,False,True,
30133,False,True,
30134,False,True,
30136,False,True,
30138,False,True,
30145,False,True,
30146,False,True,
30147,False,True,
30150,False,True,
30152,False,True,
30153,False,True,
30161,False,True,
30164,False,True,
30166,False,True,
30169,False,True,
30173,False,True,
30174,False,True,
30175,False,True,
30176,False,True,
30177,False,True,
30178,False,True,
30180,False,True,
30183,False,True,
30184,False,True,
30187,False,True,
30188,False,True,
30189,False,True,
30191,False,True,
30192,False,True,
30193,False,True,
30194,False,True,
30195,False,True,
30196,False,True,
30197,False,True,
30198,False,True,
30199,False,True,
30200,False,True,
30201,False,True,
30202,False,True,
30204,False,True,
30206,False,True,
30207,False,True,
30208,False,True,
30210,False,True,
30211,False,True,
30212,False,True,
30213,False,True,
30214,False,True,
30215,False,True,
30220,False,True,
30221,False,True,
30223,False,True,
30224,False,True,
30225,False,True,
30226,False,True,
30227,False,True,
30229,False,True,
30230,False,True,
30231,False,True,
30232,False,True,
30233,False,True,
30234,False,True,
30236,False,True,
30238,False,True,
30239,False,True,
30241,False,True,
30242,False,True,
30243,False,True,
30246,False,True,
30253,False,True,
30259,False,True,
30262,False,True,
30265,False,True,
30266,False,True,
30268,False,True,
30269,False,True,
30270,False,True,
30271,False,True,
30273,False,True,
30274,False,True,
30279,False,True,
30281,False,True,
30282,False,True,
30284,False,True,
30285,False,True,
30286,False,True,
30287,False,True,
30288,False,True,
30289,False,True,
30290,False,True,
30291,False,True,
30292,False,True,
30293,False,True,
30294,False,True,
30296,False,True,
30298,False,True,
30299,False,True,
30301,False,True,
30302,False,True,
30303,False,True,
30304,False,True,
30305,False,True,
30309,False,True,
30310,False,True,
30311,False,True,
30314,False,True,
30315,False,True,
30316,False,True,
30317,False,True,
30318,False,True,
30319,False,True,
30320,False,True,
30321,False,True,
30323,False,True,
30324,False,True,
30325,False,True,
30326,False,True,
30327,False,True,
30328,False,True,
30329,False,True,
30332,False,True,
30334,False,True,
30336,False,True,
30337,False,True,
30338,False,True,
30339,False,True,
30340,False,True,
30341,True,False,
30342,True,False,
30343,False,True,
30344,False,True,
30346,False,True,
30347,False,True,
30348,False,True,
30349,True,False,
30351,False,True,
30352,False,True,
30354,False,True,
30355,False,True,
30356,False,True,
30357,True,False,
30358,True,False,
30359,False,True,
30360,True,False,
30361,True,False,
30362,False,True,
30363,False,True,
30364,False,True,
30365,False,True,
30366,True,False,
30368,True,False,
30370,False,True,
30372,True,False,
30373,True,False,
30374,True,False,
30375,True,False,
30376,False,True,
30377,False,True,
30378,False,True,
30379,False,True,
30380,False,True,
30382,False,True,
30383,False,True,
30384,False,True,
30385,False,True,
30386,False,True,
30387,False,True,
30393,False,True,
30394,False,True,
30395,False,True,
30396,False,True,
30397,True,False,
30398,False,True,
30399,False,True,
30400,True,False,
30401,False,True,
30402,False,True,
30403,False,True,
30404,True,False,
30405,False,True,
30406,True,False,
30407,True,False,
30409,True,False,
30410,True,False,
30411,True,False,
30412,True,False,
30413,True,False,
30415,False,True,
30416,False,True,
30417,False,True,
30418,False,True,
30419,False,True,
30420,False,True,
30421,False,True,
30422,False,True,
30424,False,True,
30425,False,True,
30426,False,True,
30427,False,True,
30428,False,True,
30429,False,True,
30430,False,True,
30433,False,True,
30434,False,True,
30435,True,False,
30436,False,True,
30437,True,False,
30438,False,True,
30439,False,True,
30441,True,False,
30442,True,False,
30443,False,True,
30444,False,True,
30445,False,True,
30454,False,True,
30455,False,True,
30456,False,True,
30457,False,True,
30458,False,True,
30459,False,True,
30460,False,True,
30461,False,True,
30462,False,True,
30463,False,True,
30464,False,True,
30465,False,True,
30466,False,True,
30467,False,True,
30468,False,True,
30469,False,True,
30470,False,True,
30471,False,True,
30473,False,True,
30474,False,True,
30476,False,True,
30477,False,True,
30478,False,True,
30479,False,True,
30480,False,True,
30481,False,True,
30483,False,True,
30484,False,True,
30485,False,True,
30486,False,True,
30487,False,True,
30490,False,True,
30491,False,True,
30493,False,True,
30494,False,True,
30495,False,True,
30496,False,True,
30497,True,False,
30498,False,True,
30499,False,True,
30503,False,True,
30504,False,True,
30505,False,True,
30506,False,True,
30508,False,True,
30509,False,True,
30510,False,True,
30514,False,True,
30517,False,True,
30520,False,True,
30521,False,True,
30525,False,True,
30532,False,True,
30534,False,True,
30535,False,True,
30536,False,True,
30537,False,True,
30541,False,True,
30545,False,True,
30547,False,True,
30548,False,True,
30549,False,True,
30550,False,True,
30553,False,True,
30560,False,True,
30562,False,True,
30563,False,True,
30564,False,True,
30567,False,True,
30569,False,True,
30570,False,True,
30571,False,True,
30573,False,True,
30574,False,True,
30575,False,True,
30577,False,True,
30578,False,True,
30579,False,True,
30580,False,True,
30581,False,True,
30582,False,True,
30583,False,True,
30584,False,True,
30586,False,True,
30587,False,True,
30588,False,True,
30589,False,True,
30592,False,True,
30593,False,True,
30594,False,True,
30598,False,True,
30599,False,True,
30600,False,True,
30601,False,True,
30602,False,True,
30603,False,True,
30604,False,True,
30605,False,True,
30606,False,True,
30607,False,True,
30609,False,True,
30610,False,True,
30612,False,True,
30613,False,True,
30615,False,True,
30626,False,True,
30627,False,True,
30628,False,True,
30629,False,True,
30630,False,True,
30631,False,True,
30632,False,True,
30633,False,True,
30634,False,True,
30635,False,True,
30636,False,True,
30639,True,False,
30640,False,True,
30641,False,True,
30643,False,True,
30644,False,True,
30645,False,True,
30646,False,True,
30647,False,True,
30649,False,True,
30650,False,True,
30651,False,True,
30652,False,True,
30653,False,True,
30654,False,True,
30658,False,True,
30659,False,True,
30662,False,True,
30663,False,True,
30666,False,True,
30669,False,True,
30671,False,True,
30672,False,True,
30673,False,True,
30674,False,True,
30676,False,True,
30677,False,True,
30678,False,True,
30679,False,True,
30681,False,True,
30682,False,True,
30684,False,True,
30685,False,True,
30686,False,True,
30687,False,True,
30688,False,True,
30689,False,True,
30690,False,True,
30691,False,True,
30694,False,True,
30697,False,True,
30698,False,True,
30699,False,True,
30700,False,True,
30701,False,True,
30706,False,True,
30707,False,True,
30708,False,True,
30709,False,True,
30710,False,True,
30711,False,True,
30713,False,True,
30714,False,True,
30715,False,True,
30717,False,True,
30719,False,True,
30721,False,True,
30722,False,True,
30723,False,True,
30724,False,True,
30728,False,True,
30729,False,True,
30731,False,True,
30732,False,True,
30733,False,True,
30734,False,True,
30735,False,True,
30736,False,True,
30737,False,True,
30738,False,True,
30739,False,True,
30740,False,True,
30741,False,True,
30742,False,True,
30743,False,True,
30744,False,True,
30745,False,True,
30747,False,True,
30749,False,True,
30750,True,False,
30755,False,True,
30757,False,True,
30762,False,True,
30763,False,True,
30764,False,True,
30765,False,True,
30767,False,True,
30769,False,True,
30770,False,True,
30771,False,True,
30772,False,True,
30773,False,True,
30774,False,True,
30776,False,True,
30777,False,True,
30780,True,False,
30781,False,True,
30782,False,True,
30783,False,True,
30784,False,True,
30785,False,True,
30786,False,True,
30787,False,True,
30788,False,True,
30789,False,True,
30790,False,True,
30791,False,True,
30792,False,True,
30793,False,True,
30795,False,True,
30800,False,True,
30802,False,True,
30805,False,True,
30806,False,True,
30807,False,True,
30808,False,True,
30809,False,True,
30810,False,True,
30812,False,True,
30813,False,True,
30817,False,True,
30819,False,True,
30822,False,True,
30823,False,True,
30824,False,True,
30825,False,True,
30826,False,True,
30828,False,True,
30829,False,True,
30830,False,True,
30831,False,True,
30833,False,True,
30834,False,True,
30835,False,True,
30836,False,True,
30837,False,True,
30840,False,True,
30842,False,True,
30845,False,True,
30846,False,True,
30849,False,False,
30850,False,True,
30851,False,True,
30852,False,True,
30853,False,True,
30856,False,True,
30857,False,True,
30858,False,True,
30860,False,True,
30861,False,True,
30862,False,True,
30863,False,True,
30864,False,True,
30865,False,True,
30866,False,True,
30867,False,True,
30869,False,True,
30870,False,True,
30871,False,True,
30873,False,True,
30875,False,True,
30876,False,True,
30877,True,False,
30878,True,False,
30883,False,True,
30884,False,True,
30885,False,True,
30886,False,True,
30887,False,True,
30888,False,True,
30889,False,True,
30890,False,True,
30891,False,True,
30892,False,True,
30893,False,True,
30894,False,True,
30895,False,True,
30896,False,True,
30897,False,True,
30898,False,True,
30899,False,True,
30900,False,True,
30901,False,True,
30902,False,True,
30903,False,True,
30904,False,True,
30905,False,True,
30906,False,True,
30907,False,True,
30909,False,True,
30910,False,True,
30911,False,True,
30912,False,True,
30913,False,True,
30914,False,True,
30915,False,True,
30916,False,True,
30917,False,True,
30918,False,True,
30919,False,True,
30920,False,True,
30921,False,True,
30922,False,True,
30923,False,True,
30924,False,True,
30925,False,True,
30926,False,True,
30927,False,True,
30928,False,True,
30929,False,True,
30930,False,True,
30931,False,True,
30932,False,True,
30933,False,True,
30934,False,True,
30935,False,True,
30936,False,True,
30937,False,True,
30938,False,True,
30939,False,True,
30940,False,True,
30947,False,True,
30948,False,True,
30949,False,True,
30950,False,True,
30951,False,True,
30952,False,True,
30953,False,True,
30954,False,True,
30955,False,True,
30956,False,True,
30957,False,True,
30958,False,True,
30959,False,True,
30960,False,True,
30961,False,True,
30962,False,True,
30963,False,True,
30964,False,True,
30965,False,True,
30967,False,True,
30968,False,True,
30969,False,True,
30971,False,True,
30972,False,True,
30973,False,True,
30974,False,True,
30975,False,True,
30976,False,True,
30977,False,True,
30978,False,True,
30979,False,True,
30980,False,True,
30981,False,True,
30982,False,True,
30983,False,True,
30984,False,True,
30987,False,True,
30988,False,True,
30989,False,True,
30990,False,True,
30991,True,False,
30993,False,True,
30995,False,True,
30998,False,True,
30999,False,True,
31000,False,True,
31001,False,True,
31002,False,True,
31003,False,True,
31004,False,True,
31005,False,True,
31006,False,True,
31007,False,True,
31008,False,True,
31009,False,True,
31010,False,True,
31011,False,True,
31012,False,True,
31013,False,True,
31017,False,True,
31018,False,True,
31019,True,False,
31021,False,True,
31022,False,True,
31023,False,True,
31025,False,True,
31026,False,True,
31027,False,True,
31030,False,True,
31034,False,True,
31036,False,True,
31037,False,True,
31038,False,True,
31039,False,True,
31040,False,True,
31041,False,True,
31042,False,True,
31043,False,True,
31044,False,True,
31045,False,True,
31046,False,True,
31047,False,True,
31050,False,True,
31052,False,True,
31053,False,True,
31054,False,True,
31055,False,True,
31056,False,True,
31057,False,True,
31058,False,True,
31059,False,True,
31063,False,True,
31064,False,True,
31065,False,True,
31068,False,True,
31069,False,True,
31070,False,True,
31071,False,True,
31072,False,True,
31074,False,True,
31075,False,True,
31078,False,True,
31079,False,True,
31080,False,True,
31081,False,True,
31082,False,True,
31083,False,True,
31084,False,True,
31086,False,True,
31088,False,True,
31091,False,True,
31093,False,True,
31096,False,True,
31097,False,True,
31099,False,True,
31100,False,True,
31102,False,True,
31104,False,True,
31105,False,True,
31107,False,True,
31108,False,True,
31109,False,True,
31110,False,True,
31112,False,True,
31113,False,True,
31116,False,True,
31118,False,True,
31120,False,True,
31121,False,True,
31122,False,True,
31124,False,True,
31127,False,True,
31129,False,True,
31131,False,True,
31132,False,True,
31133,False,True,
31134,False,True,
31136,False,True,
31137,False,True,
31138,False,True,
31141,False,True,
31143,False,True,
31146,False,True,
31148,False,True,
31149,False,True,
31151,False,True,
31152,True,False,
31155,False,True,
31157,False,True,
31158,False,True,
31161,False,True,
31162,False,True,
31165,False,True,
31166,False,True,
31167,False,True,
31168,False,True,
31169,False,True,
31170,False,True,
31171,False,True,
31173,False,True,
31174,False,True,
31175,False,True,
31176,False,True,
31177,False,False,
31179,False,True,
31180,False,False,
31181,False,True,
31182,False,True,
31184,False,True,
31185,False,True,
31186,False,True,
31188,False,True,
31190,False,True,
31197,False,True,
31199,False,True,
31202,False,True,
31205,False,True,
31206,False,True,
31207,False,True,
31210,False,True,
31211,False,True,
31212,True,False,
31213,False,True,
31214,False,True,
31217,False,True,
31219,False,True,
31220,False,True,
31221,False,True,
31222,False,True,
31223,False,True,
31224,False,True,
31225,False,True,
31226,False,True,
31227,False,True,
31228,False,True,
31231,False,True,
31232,False,True,
31233,False,True,
31235,False,True,
31236,False,True,
31238,False,True,
31239,False,True,
31240,False,True,
31242,False,True,
31243,False,True,
31244,False,True,
31245,False,True,
31246,False,True,
31247,True,False,
31248,True,False,
31249,True,False,
31250,True,False,
31251,True,False,
31253,True,False,
31254,True,False,
31255,True,False,
31257,True,False,
31258,True,False,
31259,True,False,
31260,True,False,
31261,True,False,
31263,True,False,
31265,True,False,
31268,False,True,
31269,True,False,
31270,True,False,
31273,True,False,
31275,False,True,
31276,False,True,
31277,False,True,
31278,False,True,
31279,False,True,
31280,True,False,
31281,True,False,
31282,True,False,
31283,True,False,
31284,True,False,
31285,True,False,
31286,True,False,
31287,True,False,
31288,True,False,
31289,True,False,
31292,True,False,
31293,True,False,
31294,True,False,
31295,True,False,
31296,True,False,
31297,True,False,
31298,True,False,
31299,True,False,
31300,True,False,
31301,True,False,
31304,True,False,
31305,True,False,
31307,True,False,
31308,True,False,
31309,True,False,
31310,True,False,
31311,True,False,
31313,True,False,
31314,True,False,
31315,True,False,
31316,True,False,
31317,True,False,
31318,True,False,
31319,True,False,
31320,True,False,
31321,True,False,
31322,True,False,
31325,False,True,
31330,False,True,
31332,False,True,
31333,False,True,
31334,False,True,
31335,False,True,
31336,False,True,
31337,False,True,
31338,False,True,
31339,False,True,
31340,False,True,
31341,False,True,
31344,False,True,
31345,False,True,
31346,False,True,
31347,False,True,
31348,False,True,
31349,False,True,
31350,False,True,
31351,False,True,
31355,False,True,
31356,False,True,
31357,False,True,
31358,False,True,
31362,False,True,
31364,False,True,
31365,False,True,
31366,False,False,
31368,False,False,
31369,False,False,
31370,False,False,
31371,False,False,
31372,False,False,
31373,False,False,
31375,False,True,
31376,False,True,
31377,False,True,
31378,False,True,
31379,False,True,
31381,False,False,
31382,False,True,
31383,False,False,
31384,False,False,
31385,False,False,
31386,False,False,
31387,False,False,
31388,False,False,
31389,False,False,
31390,False,False,
31391,False,False,
31392,False,True,
31394,False,False,
31395,False,False,
31396,False,False,
31397,False,False,
31399,False,True,
31401,False,True,
31402,False,False,
31403,False,False,
31404,False,False,
31405,False,False,
31407,False,True,
31408,False,True,
31412,False,False,
31414,False,False,
31415,False,True,
31416,False,False,
31417,False,False,
31418,False,True,
31419,False,True,
31420,False,True,
31421,False,True,
31422,False,True,
31434,False,True,
31435,False,False,
31436,False,False,
31437,False,True,
31440,False,True,
31442,False,True,
31443,False,True,
31444,False,True,
31445,False,True,
31446,True,False,
31447,False,True,
31449,True,False,
31450,True,False,
31452,False,True,
31454,False,True,
31455,False,True,
31456,False,True,
31458,False,True,
31461,False,True,
31465,False,True,
31469,False,True,
31473,False,True,
31474,False,True,
31476,False,True,
31477,True,False,
31480,False,True,
31481,False,True,
31483,False,False,
31489,False,True,
31493,False,True,
31496,False,True,
31497,False,True,
31503,False,True,
31504,False,True,
31508,True,False,
31509,False,True,
31510,False,True,
31511,False,True,
31512,False,True,
31513,False,True,
31514,False,True,
31515,False,True,
31517,False,True,
31518,False,True,
31519,False,True,
31521,False,True,
31522,False,True,
31524,False,True,
31525,False,True,
31526,False,True,
31527,False,True,
31528,False,True,
31529,False,True,
31534,False,True,
31535,False,True,
31539,False,True,
31540,False,True,
31541,False,True,
31552,False,True,
31553,False,True,
31554,False,True,
31555,False,True,
31559,False,True,
31565,False,True,
31567,False,True,
31570,False,True,
31573,False,True,
31574,False,True,
31576,False,True,
31577,False,True,
31581,False,True,
31582,False,True,
31583,False,True,
31584,False,True,
31591,False,True,
31592,False,True,
31593,False,False,
31594,False,False,
31595,False,False,
31597,False,False,
31599,False,False,
31601,False,True,
31604,False,True,
31605,False,True,
31606,False,True,
31607,True,False,
31608,True,False,
31609,True,False,
31610,True,False,
31612,False,True,
31614,True,False,
31615,False,True,
31616,False,True,
31617,False,True,
31620,False,True,
31621,False,True,
31622,False,True,
31624,False,True,
31625,False,True,
31627,False,True,
31628,False,True,
31630,False,True,
31631,True,False,
31632,True,False,
31635,False,True,
31638,False,True,
31642,False,True,
31643,False,True,
31645,False,True,
31646,False,True,
31647,False,True,
31648,False,True,
31649,False,True,
31650,False,True,
31651,False,True,
31652,False,True,
31653,False,True,
31654,False,True,
31655,False,True,
31658,False,True,
31659,False,True,
31660,False,True,
31661,False,True,
31662,False,True,
31663,False,True,
31664,False,True,
31665,False,True,
31666,False,True,
31667,False,True,
31668,False,True,
31669,False,True,
31670,True,False,
31671,True,False,
31672,True,False,
31677,False,True,
31678,False,True,
31679,False,True,
31680,False,True,
31681,False,True,
31682,False,True,
31683,False,True,
31684,False,True,
31686,False,True,
31687,False,True,
31688,False,True,
31689,False,False,
31690,False,True,
31692,False,True,
31694,False,True,
31695,False,True,
31697,False,True,
31698,False,True,
31699,False,True,
31700,False,True,
31701,False,True,
31702,False,True,
31703,False,True,
31706,False,True,
31707,False,True,
31708,False,True,
31710,False,True,
31729,False,True,
31743,False,True,
31744,False,True,
31745,False,True,
31746,False,True,
31747,False,True,
31748,False,True,
31749,False,True,
31750,False,True,
31754,False,False,
31755,False,True,
31759,False,True,
31760,False,True,
31762,False,True,
31766,False,True,
31769,False,True,
31770,False,True,
31771,False,True,
31772,False,True,
31774,False,True,
31775,False,True,
31779,True,False,
31780,False,True,
31781,False,True,
31782,False,True,
31787,False,True,
31788,False,True,
31790,False,True,
31791,False,True,
31798,False,True,
31800,False,True,
31801,False,True,
31802,False,True,
31803,False,True,
31804,False,True,
31805,False,True,
31814,True,False,
31818,False,False,
31820,False,False,
31821,False,False,
31822,False,False,
31823,False,False,
31824,False,False,
31825,False,True,
31826,False,True,
31827,False,True,
31828,False,True,
31829,False,True,
31830,False,True,
31831,False,True,
31834,False,True,
31835,False,True,
31839,False,True,
31840,False,True,
31842,False,True,
31846,True,False,
31847,False,True,
31852,False,False,
31853,False,True,
31854,False,True,
31855,False,True,
31856,False,True,
31857,False,True,
31858,False,True,
31859,False,True,
31860,False,True,
31861,False,True,
31862,False,True,
31863,False,True,
31864,False,True,
31865,False,True,
31866,False,True,
31867,False,True,
31868,False,True,
31869,False,True,
31870,False,False,
31872,False,True,
31874,False,True,
31875,False,True,
31876,False,True,
31877,False,True,
31878,False,True,
31881,False,True,
31882,False,True,
31883,False,True,
31884,False,True,
31885,False,True,
31886,False,True,
31901,False,True,
31902,False,True,
31904,False,True,
31905,False,True,
31906,False,True,
31908,False,True,
31921,False,True,
31923,False,True,
31924,False,True,
31926,False,True,
31931,False,True,
31932,False,True,
31934,False,True,
31935,False,True,
31936,False,True,
31937,False,True,
31938,False,True,
31942,False,True,
31944,False,True,
31945,False,True,
31946,False,True,
31948,False,True,
31951,False,True,
31955,False,False,
31956,True,False,
31957,True,False,
31960,False,True,
31964,False,True,
31972,False,True,
31975,False,True,
31976,False,True,
31978,False,True,
31979,False,True,
31981,False,True,
31983,False,True,
31984,False,True,
31986,False,True,
31988,False,True,
31992,False,True,
31993,False,True,
31995,False,True,
31996,False,True,
31998,False,True,
31999,False,True,
32001,False,True,
32002,False,True,
32003,False,True,
32004,False,True,
32005,False,True,
32006,False,True,
32007,False,True,
32008,False,True,
32009,False,True,
32010,False,True,
32011,False,True,
32012,False,True,
32013,False,True,
32014,False,True,
32015,False,True,
32016,False,True,
32020,False,True,
32026,False,True,
32028,False,True,
32030,False,True,
32033,False,True,
32035,False,True,
32036,False,True,
32039,False,True,
32054,False,True,
32055,False,True,
32056,False,True,
32057,False,True,
32059,False,True,
32061,False,True,
32062,False,True,
32063,False,True,
32064,False,True,
32067,False,True,
32069,False,True,
32070,False,True,
32071,False,True,
32072,False,True,
32073,False,True,
32074,False,True,
32075,False,True,
32076,False,True,
32077,False,True,
32078,False,True,
32079,False,True,
32081,False,True,
32082,False,True,
32083,False,True,
32086,False,True,
32087,False,True,
32093,False,False,
32094,False,False,
32098,False,True,
32099,False,True,
32100,False,True,
32104,False,True,
32105,False,True,
32106,False,True,
32107,False,True,
32111,False,True,
32113,False,True,
32115,False,True,
32116,False,True,
32118,False,True,
32119,False,True,
32120,False,True,
32125,False,True,
32126,False,True,
32127,False,True,
32128,False,True,
32129,False,True,
32130,False,False,
32131,False,False,
32132,False,False,
32133,False,True,
32134,False,True,
32137,False,False,
32138,False,False,
32139,False,False,
32141,False,False,
32142,False,False,
32143,False,False,
32144,False,False,
32145,False,False,
32146,False,False,
32147,False,False,
32148,False,False,
32151,False,False,
32152,False,False,
32153,False,False,
32154,False,False,
32155,False,False,
32156,False,False,
32157,False,False,
32158,False,False,
32161,False,True,
32166,False,True,
32167,False,True,
32177,False,False,
32178,False,False,
32179,False,False,
32180,False,False,
32181,False,False,
32182,False,False,
32188,False,True,
32190,False,True,
32192,False,False,
32194,False,False,
32195,False,False,
32196,False,False,
32199,False,False,
32200,False,False,
32201,False,False,
32202,False,False,
32203,False,False,
32204,False,True,
32205,False,False,
32206,False,False,
32207,False,False,
32208,False,False,
32209,False,False,
32210,False,False,
32212,False,True,
32213,False,True,
32214,False,True,
32215,False,True,
32216,False,False,
32217,False,False,
32218,False,False,
32219,False,False,
32220,False,False,
32221,False,True,
32225,False,True,
32226,False,True,
32235,False,True,
32236,False,False,
32239,False,True,
32240,False,True,
32241,False,True,
32242,False,True,
32243,False,False,
32244,False,True,
32245,False,False,
32246,True,False,
32247,False,False,
32248,True,False,
32249,True,False,
32250,True,False,
32251,False,True,
32252,False,False,
32254,False,False,
32255,False,False,
32256,False,False,
32257,False,False,
32258,False,False,
32259,False,False,
32261,False,False,
32262,False,True,
32264,False,False,
32265,False,False,
32266,False,False,
32267,False,False,
32268,False,False,
32269,False,False,
32270,False,False,
32273,False,True,
32291,False,False,
32292,False,False,
32294,False,True,
32299,False,True,
32303,False,True,
32304,False,False,
32305,False,False,
32306,False,False,
32307,False,False,
32308,False,False,
32312,True,False,
32314,False,False,
32315,False,False,
32318,False,False,
32319,False,False,
32322,False,True,
32323,False,True,
32326,False,False,
32327,False,True,
32335,False,False,
32336,False,True,
32337,False,True,
32338,True,False,
32339,True,False,
32340,True,False,
32342,True,False,
32343,True,False,
32344,False,True,
32345,False,True,
32346,True,False,
32347,True,False,
32348,True,False,
32349,True,False,
32351,True,False,
32352,True,False,
32353,True,False,
32354,True,False,
32357,True,False,
32358,True,False,
32359,True,False,
32360,True,False,
32362,True,False,
32365,True,False,
32368,False,True,
32369,False,True,
32370,False,True,
32371,False,True,
32372,False,True,
32376,False,False,
32378,False,True,
32379,False,True,
32380,False,True,
32382,False,True,
32383,False,True,
32385,False,True,
32390,False,True,
32392,False,True,
32393,False,False,
32394,False,False,
32396,False,True,
32399,False,False,
32400,False,False,
32401,False,True,
32403,False,False,
32409,False,True,
32413,True,False,
32414,True,False,
32415,False,True,
32418,False,True,
32419,False,True,
32421,False,True,
32423,False,False,
32425,False,False,
32426,False,False,
32427,False,True,
32430,False,True,
32431,False,True,
32432,False,True,
32433,False,False,
32434,False,False,
32435,False,True,
32437,False,True,
32438,False,True,
32440,False,False,
32441,False,True,
32442,False,True,
32443,False,True,
32446,False,True,
32449,False,True,
32450,False,False,
32451,False,True,
32465,False,True,
32467,False,True,
32468,False,True,
32469,False,True,
32471,False,True,
32474,True,False,
32476,False,True,
32477,False,True,
32478,False,False,
32481,False,True,
32482,False,True,
32483,False,True,
32484,True,False,
32485,False,True,
32486,False,True,
32491,False,True,
32492,False,False,
32493,False,False,
32495,False,True,
32496,False,False,
32497,False,False,
32498,False,True,
32499,False,True,
32500,False,True,
32501,False,True,
32502,False,True,
32503,False,True,
32508,False,True,
32509,False,True,
32510,False,True,
32511,False,True,
32514,False,False,
32515,False,True,
32516,False,True,
32517,False,False,
32518,False,False,
32519,False,False,
32520,False,True,
32521,False,False,
32523,True,False,
32525,False,True,
32526,False,False,
32528,False,False,
32529,False,True,
32530,False,True,
32531,False,True,
32532,False,True,
32534,False,False,
32539,True,False,
32540,True,False,
32541,True,False,
32542,True,False,
32544,False,True,
32545,False,True,
32546,False,True,
32547,False,True,
32548,False,True,
32550,False,True,
32552,False,True,
32553,False,True,
32554,False,True,
32555,False,True,
32559,False,True,
32560,False,False,
32561,False,False,
32562,False,True,
32564,False,True,
32565,False,False,
32566,False,False,
32567,False,False,
32568,False,False,
32569,False,False,
32571,False,True,
32572,False,True,
32573,False,True,
32575,False,False,
32576,False,True,
32577,False,False,
32578,False,True,
32579,False,True,
32580,False,True,
32582,False,True,
32583,False,True,
32588,False,True,
32589,False,False,
32590,False,True,
32595,False,True,
32596,False,True,
32597,False,True,
32598,False,True,
32599,False,True,
32602,False,True,
32603,False,True,
32604,False,True,
32605,False,True,
32606,False,True,
32610,False,True,
32616,False,False,
32618,False,True,
32619,False,False,
32620,False,False,
32621,False,False,
32622,False,False,
32623,False,False,
32624,False,False,
32625,False,True,
32626,False,True,
32627,False,False,
32629,False,True,
32630,False,True,
32631,False,True,
32633,False,True,
32637,False,True,
32638,False,True,
32639,False,True,
32640,False,True,
32641,False,True,
32642,False,False,
32643,False,False,
32645,False,True,
32646,False,True,
32647,False,True,
32648,False,True,
32649,False,True,
32650,False,True,
32651,False,True,
32652,False,True,
32653,False,True,
32654,False,True,
32655,False,True,
32656,False,True,
32659,False,True,
32660,False,True,
32661,False,True,
32662,False,True,
32663,False,True,
32665,False,True,
32666,False,True,
32667,False,True,
32668,False,False,
32669,False,False,
32670,False,False,
32671,False,False,
32672,False,True,
32673,False,True,
32675,False,False,
32676,False,True,
32677,False,False,
32678,False,False,
32679,False,False,
32680,False,False,
32681,False,False,
32682,False,False,
32683,False,True,
32684,False,True,
32687,False,True,
32689,False,True,
32690,False,True,
32692,False,True,
32694,False,True,
32695,False,True,
32696,False,True,
32697,False,True,
32698,False,True,
32699,False,True,
32702,False,True,
32703,False,True,
32705,False,True,
32706,False,True,
32707,False,True,
32708,False,True,
32709,False,True,
32711,False,True,
32717,False,False,
32718,False,False,
32719,False,False,
32720,False,False,
32721,False,False,
32722,False,False,
32723,False,False,
32727,False,False,
32729,False,False,
32730,False,False,
32735,False,True,
32736,False,False,
32738,False,False,
32739,False,False,
32743,False,False,
32744,False,False,
32746,False,True,
32748,False,True,
32749,False,True,
32751,False,True,
32752,False,True,
32753,False,True,
32755,False,False,
32756,False,False,
32759,False,True,
32760,False,True,
32762,False,True,
32763,False,True,
32764,False,False,
32765,False,False,
32766,False,False,
32767,False,False,
32768,False,False,
32769,False,False,
32770,False,False,
32771,False,False,
32772,False,False,
32773,False,False,
32774,False,False,
32775,False,False,
32777,False,True,
32778,False,False,
32786,False,True,
32787,False,True,
32788,False,True,
32790,False,True,
32792,False,True,
32793,False,True,
32795,False,True,
32796,False,False,
32797,False,True,
32798,False,True,
32800,False,True,
32802,False,True,
32803,False,False,
32806,False,False,
32807,False,False,
32808,False,True,
32809,False,True,
32811,False,True,
32812,False,True,
32813,False,True,
32814,False,True,
32815,False,True,
32817,False,True,
32818,False,True,
32821,False,True,
32822,False,False,
32823,False,False,
32824,False,False,
32825,False,True,
32826,False,True,
32828,False,True,
32830,False,False,
32831,False,False,
32832,False,True,
32833,False,True,
32834,False,True,
32835,False,False,
32836,False,False,
32837,False,False,
32838,False,False,
32839,False,False,
32840,False,True,
32841,False,True,
32842,False,True,
32843,False,True,
32846,False,False,
32847,False,False,
32849,False,False,
32850,False,False,
32851,False,False,
32853,False,True,
32855,False,True,
32856,False,True,
32857,False,True,
32858,False,True,
32859,False,True,
32860,False,True,
32861,False,False,
32862,False,False,
32863,False,False,
32864,False,False,
32866,False,False,
32867,False,False,
32868,False,True,
32869,False,False,
32870,True,False,
32871,True,False,
32872,True,False,
32873,False,True,
32874,False,True,
32876,False,True,
32877,False,True,
32878,False,True,
32879,False,True,
32884,False,True,
32889,False,True,
32891,False,False,
32892,False,False,
32893,False,False,
32894,False,True,
32895,False,True,
32896,False,True,
32897,False,True,
32898,False,True,
32899,True,False,
32901,False,False,
32902,False,False,
32903,False,True,
32904,False,True,
32905,False,True,
32906,False,True,
32907,False,True,
32908,True,False,
32909,False,True,
32911,True,False,
32912,False,True,
32916,False,True,
32917,False,True,
32918,False,True,
32919,False,True,
32920,False,True,
32921,False,True,
32923,False,True,
32927,False,True,
32928,False,True,
32929,False,True,
32930,,True,
32931,False,True,
32932,False,True,
32937,False,True,
32938,False,True,
32939,False,False,
32940,False,False,
32941,False,False,
32942,False,True,
32943,False,True,
32950,False,True,
32951,False,True,
32954,False,True,
32956,False,False,
32957,True,False,
32959,False,True,
32960,False,True,
32961,False,False,
32963,False,True,
32964,False,True,
32967,False,True,
32974,False,False,
32976,False,True,
32979,False,True,
32980,False,True,
32981,False,True,
32982,False,True,
32983,False,True,
32984,False,False,
32985,False,False,
32988,False,True,
32989,False,True,
32991,True,False,
32992,True,False,
32993,False,True,
32994,False,True,
32995,False,True,
32996,False,True,
32998,False,True,
32999,False,True,
33002,False,True,
33003,False,False,
33004,False,False,
33005,False,True,
33006,False,True,
33008,False,True,
33010,False,False,
33011,False,False,
33012,False,False,
33015,False,True,
33016,False,True,
33019,False,True,
33022,False,True,
33023,False,True,
33024,False,True,
33025,False,True,
33026,False,True,
33027,False,True,
33028,False,True,
33031,False,True,
33032,False,True,
33033,False,True,
33034,False,True,
33037,True,False,
33038,False,True,
33039,True,False,
33042,True,False,
33043,True,False,
33044,True,False,
33045,True,False,
33046,True,False,
33048,True,False,
33049,True,False,
33050,True,False,
33051,True,False,
33052,True,False,
33053,True,False,
33054,True,False,
33055,True,False,
33056,False,True,
33057,True,False,
33058,True,False,
33059,True,False,
33060,True,False,
33061,True,False,
33062,True,False,
33063,True,False,
33064,True,False,
33065,True,False,
33066,True,False,
33067,True,False,
33068,True,False,
33069,True,False,
33070,True,False,
33071,True,False,
33072,True,False,
33073,True,False,
33074,True,False,
33075,True,False,
33076,True,False,
33077,True,False,
33078,True,False,
33079,True,False,
33080,True,False,
33081,True,False,
33082,True,False,
33083,True,False,
33084,True,False,
33085,True,False,
33087,False,True,
33088,False,True,
33089,False,True,
33090,False,True,
33091,False,True,
33092,False,False,
33093,False,True,
33094,True,False,
33097,False,True,
33098,False,True,
33099,False,True,
33103,False,False,
33105,False,False,
33106,False,True,
33108,False,False,
33109,False,False,
33110,False,False,
33111,False,True,
33112,False,True,
33113,False,True,
33116,False,True,
33117,False,True,
33119,False,True,
33122,False,True,
33127,False,True,
33128,False,True,
33129,False,True,
33130,False,True,
33131,False,True,
33132,False,True,
33133,False,True,
33134,False,False,
33146,False,True,
33147,False,True,
33150,False,False,
33151,False,True,
33153,False,True,
33154,False,True,
33155,False,False,
33156,False,True,
33157,False,False,
33158,False,True,
33159,False,False,
33160,False,True,
33162,False,True,
33163,False,True,
33164,False,False,
33165,False,True,
33166,False,False,
33168,False,False,
33169,False,False,
33170,False,False,
33173,False,False,
33174,False,False,
33175,False,False,
33177,False,True,
33178,False,True,
33180,False,True,
33181,False,True,
33182,False,True,
33184,False,True,
33185,True,False,
33186,True,False,
33187,True,False,
33189,True,False,
33190,True,False,
33191,True,False,
33192,True,False,
33193,True,False,
33194,True,False,
33195,True,False,
33196,True,False,
33197,True,False,
33198,False,True,
33202,False,True,
33203,False,False,
33205,False,True,
33213,False,True,
33214,False,True,
33216,False,True,
33219,False,True,
33221,False,True,
33223,False,True,
33224,False,True,
33228,False,True,
33229,True,False,
33230,True,False,
33231,True,False,
33234,False,True,
33235,False,False,
33236,False,True,
33237,False,True,
33241,False,True,
33243,False,True,
33244,False,True,
33245,False,True,
33246,False,True,
33249,False,True,
33252,False,False,
33253,True,False,
33254,True,False,
33255,True,False,
33256,True,False,
33257,False,True,
33258,False,True,
33259,True,False,
33260,True,False,
33261,False,True,
33262,False,True,
33267,False,True,
33271,False,True,
33272,False,True,
33273,False,True,
33274,False,True,
33275,False,True,
33276,False,True,
33277,False,True,
33278,False,True,
33279,False,True,
33280,False,True,
33281,False,False,
33282,False,True,
33283,False,False,
33284,False,True,
33285,False,False,
33287,False,True,
33289,False,False,
33290,False,False,
33294,False,True,
33295,False,False,
33296,False,False,
33297,False,False,
33299,False,True,
33304,False,True,
33305,False,True,
33306,False,True,
33308,False,False,
33309,False,False,
33312,False,True,
33313,False,True,
33315,False,True,
33317,False,True,
33320,False,False,
33321,False,True,
33322,False,True,
33323,False,True,
33326,False,True,
33327,False,True,
33328,False,False,
33329,False,False,
33330,False,False,
33331,False,False,
33332,False,True,
33333,False,True,
33337,False,True,
33343,False,True,
33344,False,True,
33345,False,True,
33346,False,False,
33348,False,True,
33349,False,True,
33350,False,True,
33351,False,True,
33353,False,True,
33354,False,True,
33355,False,True,
33356,False,True,
33357,False,True,
33360,False,True,
33362,False,True,
33363,False,True,
33364,False,True,
33365,False,True,
33366,False,True,
33367,False,True,
33368,False,True,
33370,False,False,
33372,False,True,
33373,False,True,
33374,False,True,
33375,False,True,
33376,False,True,
33378,False,True,
33379,False,True,
33380,False,True,
33391,False,True,
33393,False,True,
33396,False,True,
33397,False,True,
33398,False,True,
33399,False,True,
33400,False,True,
33403,False,True,
33406,False,True,
33407,False,False,
33412,False,True,
33413,False,True,
33414,False,True,
33418,False,False,
33419,False,True,
33421,False,True,
33422,False,True,
33423,False,True,
33424,False,True,
33425,False,True,
33426,False,True,
33427,False,True,
33428,False,True,
33429,False,True,
33430,False,True,
33431,False,True,
33432,False,False,
33433,False,True,
33434,False,True,
33437,False,True,
33440,False,True,
33441,False,True,
33442,False,True,
33443,False,True,
33445,False,True,
33446,False,True,
33448,False,True,
33449,False,True,
33450,False,True,
33452,False,True,
33456,False,True,
33458,False,True,
33459,False,True,
33460,False,True,
33461,False,True,
33462,False,True,
33463,False,True,
33464,False,True,
33465,False,True,
33466,False,True,
33467,False,True,
33468,False,True,
33469,False,True,
33470,False,True,
33471,False,True,
33472,False,True,
33473,False,True,
33474,False,True,
33475,False,True,
33478,False,True,
33485,False,True,
33488,False,True,
33489,False,True,
33490,False,False,
33491,False,True,
33492,False,False,
33493,False,False,
33494,False,False,
33495,False,False,
33497,False,False,
33499,False,False,
33500,False,False,
33501,False,False,
33502,False,True,
33503,False,False,
33504,False,False,
33505,False,False,
33506,False,False,
33507,False,False,
33508,False,True,
33511,False,True,
33514,False,True,
33518,False,False,
33519,False,False,
33520,False,False,
33521,False,False,
33522,False,False,
33523,False,False,
33524,False,False,
33525,False,False,
33526,False,False,
33530,False,False,
33532,False,False,
33534,False,False,
33536,False,False,
33537,False,False,
33538,False,False,
33539,False,False,
33540,False,False,
33541,False,True,
33543,False,True,
33545,False,True,
33546,False,True,
33547,False,True,
33549,False,False,
33552,False,True,
33553,False,True,
33554,False,True,
33555,False,True,
33558,False,True,
33560,False,True,
33561,False,True,
33563,False,True,
33564,False,True,
33566,False,True,
33567,False,True,
33569,False,True,
33570,False,True,
33572,False,True,
33573,False,True,
33574,False,True,
33575,False,False,
33579,False,True,
33581,False,False,
33582,False,True,
33584,False,True,
33585,False,True,
33586,False,True,
33587,False,True,
33588,False,True,
33591,False,True,
33593,False,True,
33594,False,False,
33595,False,False,
33596,False,False,
33597,False,False,
33599,False,False,
33600,False,False,
33601,False,False,
33604,False,False,
33606,False,False,
33607,False,True,
33610,False,False,
33611,False,False,
33613,False,False,
33618,False,False,
33622,False,True,
33623,False,False,
33624,False,True,
33628,False,False,
33634,False,False,
33636,False,False,
33637,False,True,
33642,False,True,
33643,False,True,
33645,False,True,
33646,False,True,
33648,False,True,
33649,False,False,
33652,False,False,
33653,False,False,
33654,False,False,
33656,False,False,
33659,False,False,
33660,False,False,
33661,False,False,
33663,False,False,
33664,False,False,
33665,False,False,
33666,False,False,
33667,False,False,
33668,False,False,
33670,False,False,
33671,False,False,
33672,False,False,
33679,False,False,
33680,False,False,
33682,True,False,
33685,False,False,
33686,True,False,
33687,False,False,
33688,False,False,
33689,False,False,
33697,False,True,
33699,False,True,
33700,False,True,
33701,False,True,
33702,False,True,
33703,False,True,
33704,False,True,
33709,False,False,
33714,False,False,
33716,False,True,
33717,False,True,
33719,False,False,
33723,False,True,
33725,False,True,
33727,False,True,
33729,False,True,
33732,False,True,
33733,False,True,
33734,False,True,
33735,False,True,
33736,False,True,
33737,False,True,
33739,False,True,
33740,False,True,
33741,False,True,
33742,False,True,
33743,False,True,
33744,False,True,
33745,False,True,
33747,False,True,
33749,False,True,
33750,False,True,
33751,False,True,
33752,False,True,
33753,False,True,
33772,False,True,
33774,False,True,
33775,False,True,
33776,False,True,
33777,False,True,
33778,False,True,
33780,False,False,
33781,False,False,
33782,False,False,
33783,False,True,
33786,False,True,
33787,False,False,
33791,False,False,
33796,False,False,
33800,False,False,
33802,False,False,
33803,False,False,
33806,False,False,
33807,False,False,
33808,False,False,
33809,False,False,
33810,False,True,
33812,False,False,
33813,False,False,
33814,False,False,
33817,False,False,
33819,False,False,
33823,True,False,
33824,False,False,
33825,False,False,
33826,False,False,
33828,False,True,
33829,False,False,
33830,False,False,
33831,False,False,
33832,False,False,
33833,False,False,
33834,False,False,
33835,False,False,
33836,False,False,
33837,False,False,
33839,False,False,
33840,False,False,
33841,False,False,
33842,False,False,
33843,False,False,
33844,False,False,
33845,False,True,
33850,False,True,
33851,False,False,
33853,False,False,
33854,False,False,
33855,False,False,
33856,False,False,
33857,False,True,
33858,False,False,
33859,False,False,
33860,False,False,
33861,False,False,
33862,False,False,
33863,False,False,
33864,False,False,
33866,False,False,
33867,False,False,
33868,False,False,
33869,False,False,
33870,False,True,
33873,False,True,
33875,False,False,
33876,False,False,
33877,False,True,
33878,False,False,
33879,False,False,
33880,False,False,
33881,False,True,
33883,False,False,
33884,False,True,
33885,False,True,
33887,False,True,
33890,False,True,
33893,False,True,
33894,False,True,
33898,False,True,
33904,False,True,
33905,False,True,
33906,False,True,
33907,False,False,
33908,False,False,
33909,False,False,
33910,False,False,
33911,False,False,
33912,False,False,
33913,False,False,
33914,False,False,
33915,True,False,
33916,True,False,
33917,True,False,
33918,True,False,
33919,True,False,
33920,True,False,
33921,False,True,
33924,False,True,
33926,False,True,
33928,False,True,
33929,False,False,
33930,False,True,
33931,False,True,
33932,False,True,
33934,False,True,
33935,False,True,
33937,False,True,
33938,False,True,
33939,False,True,
33940,False,True,
33941,False,True,
33942,False,True,
33943,False,True,
33944,False,True,
33945,False,True,
33946,False,True,
33953,True,False,
33954,True,False,
33956,True,False,
33957,False,True,
33964,False,True,
33967,False,True,
33970,False,True,
33971,False,True,
33972,False,True,
33976,False,True,
33983,False,True,
33985,False,True,
33986,False,True,
33987,False,True,
33988,False,True,
33989,False,False,
33990,False,False,
33991,False,False,
33992,False,False,
33993,False,False,
33996,False,True,
33998,False,True,
34002,False,True,
34003,False,False,
34004,False,True,
34005,False,True,
34006,False,True,
34007,False,True,
34009,False,False,
34010,False,False,
34011,False,False,
34012,False,False,
34014,False,False,
34015,False,False,
34016,False,False,
34017,False,False,
34018,False,False,
34019,False,False,
34020,False,False,
34021,False,False,
34022,False,False,
34023,False,True,
34024,False,False,
34025,False,False,
34026,False,False,
34027,False,False,
34028,False,True,
34029,False,True,
34030,False,True,
34031,False,False,
34035,False,True,
34036,False,True,
34038,False,True,
34041,False,False,
34043,False,False,
34044,False,True,
34046,False,False,
34047,False,True,
34048,False,True,
34049,False,True,
34050,False,True,
34053,False,True,
34054,False,True,
34057,False,True,
34060,False,True,
34061,False,True,
34062,False,True,
34064,False,True,
34065,False,True,
34066,False,True,
34067,False,False,
34068,False,False,
34069,False,False,
34070,False,True,
34071,False,True,
34072,False,True,
34073,False,True,
34074,False,True,
34075,False,True,
34076,False,True,
34077,False,True,
34084,False,True,
34086,False,True,
34087,False,True,
34089,False,True,
34090,False,True,
34091,False,True,
34093,False,True,
34094,False,True,
34096,False,True,
34097,False,True,
34100,False,True,
34101,False,True,
34102,False,True,
34103,False,False,
34104,False,True,
34105,False,False,
34106,False,False,
34109,False,False,
34110,False,False,
34111,False,False,
34112,False,False,
34113,False,False,
34114,False,False,
34115,False,False,
34116,False,False,
34117,False,False,
34118,False,False,
34119,False,False,
34120,False,False,
34121,False,True,
34122,False,False,
34123,False,False,
34124,False,False,
34125,False,False,
34126,False,False,
34127,False,False,
34128,False,False,
34129,False,True,
34131,False,False,
34133,False,False,
34136,False,False,
34137,False,True,
34139,False,False,
34140,False,True,
34141,False,True,
34142,False,False,
34143,False,False,
34145,False,False,
34146,False,True,
34149,False,True,
34150,False,False,
34151,False,False,
34152,False,True,
34153,False,True,
34154,False,True,
34155,False,True,
34156,False,False,
34157,False,True,
34158,False,False,
34159,True,False,
34160,False,True,
34161,True,False,
34163,False,False,
34164,False,False,
34167,False,False,
34168,False,False,
34169,False,False,
34170,False,False,
34171,True,False,
34172,False,False,
34173,False,False,
34174,False,False,
34175,False,False,
34176,False,False,
34177,False,False,
34178,False,False,
34179,False,False,
34180,False,False,
34181,False,False,
34182,False,False,
34183,False,False,
34184,False,False,
34185,False,False,
34186,False,False,
34187,False,False,
34188,False,False,
34189,False,False,
34190,False,False,
34192,False,True,
34193,False,False,
34195,False,False,
34196,False,False,
34197,False,False,
34199,False,True,
34204,False,True,
34205,False,True,
34206,False,True,
34209,False,True,
34210,False,True,
34212,False,True,
34213,False,True,
34214,False,True,
34215,False,True,
34216,False,True,
34217,False,True,
34220,False,True,
34223,False,True,
34225,False,False,
34227,False,True,
34229,False,False,
34231,False,True,
34233,False,False,
34234,False,False,
34235,False,False,
34236,False,False,
34240,False,False,
34244,False,True,
34246,False,False,
34247,False,False,
34248,False,False,
34249,False,False,
34250,False,True,
34253,True,False,
34264,False,True,
34266,False,False,
34267,False,False,
34271,False,True,
34272,False,True,
34273,False,True,
34274,False,True,
34275,False,True,
34276,False,True,
34278,False,True,
34279,False,True,
34281,False,True,
34292,False,True,
34294,False,True,
34296,False,True,
34297,False,True,
34298,False,True,
34302,False,True,
34303,False,True,
34304,False,True,
34305,False,True,
34306,False,True,
34307,False,True,
34308,False,True,
34309,False,True,
34311,False,True,
34314,False,True,
34315,False,True,
34316,False,True,
34317,False,True,
34318,False,True,
34324,False,False,
34328,False,True,
34330,False,False,
34331,False,False,
34332,False,True,
34333,False,True,
34334,False,True,
34336,False,True,
34338,False,True,
34339,False,False,
34340,False,True,
34341,False,False,
34342,False,False,
34343,False,True,
34344,False,True,
34345,False,True,
34346,True,False,
34347,True,False,
34348,False,True,
34349,False,True,
34350,False,True,
34352,False,True,
34353,True,False,
34354,True,False,
34355,False,True,
34360,False,True,
34361,True,False,
34362,False,True,
34363,False,True,
34364,False,True,
34366,False,True,
34367,False,True,
34372,True,False,
34373,True,False,
34374,True,False,
34375,True,False,
34379,False,True,
34381,True,False,
34391,True,False,
34395,False,True,
34396,True,False,
34397,True,False,
34398,True,False,
34400,True,False,
34401,True,False,
34426,False,True,
34442,False,True,
34506,False,True,
34507,False,True,
34508,True,False,
34510,True,False,
34511,False,False,
34514,False,True,
34515,False,True,
34516,False,True,
34517,False,True,
34518,False,True,
34519,False,True,
34521,False,True,
34522,False,True,
34523,False,True,
34524,True,False,
34525,True,False,
34527,True,False,
34528,True,False,
34529,True,False,
34531,True,False,
34532,True,False,
34533,False,True,
34534,False,True,
34535,False,True,
34536,True,False,
34537,False,True,
34538,False,True,
34539,True,False,
34540,True,False,
34541,False,True,
34542,False,True,
34561,False,False,
34562,False,False,
34563,False,False,
34564,False,False,
34565,True,False,
34566,True,False,
34567,True,False,
34568,True,False,
34570,True,False,
34571,True,False,
34574,False,True,
34577,True,False,
34582,True,False,
34585,False,True,
34586,False,True,
34587,False,True,
34588,False,True,
34595,False,True,
34596,False,False,
34597,False,False,
34598,True,False,
34599,False,False,
34600,True,False,
34601,False,False,
34602,True,False,
34604,True,False,
34605,False,True,
34607,True,False,
34608,True,False,
34609,False,True,
34613,False,False,
34614,False,False,
34615,False,False,
34616,True,False,
34617,True,False,
34618,True,False,
34621,True,False,
34622,False,False,
34623,True,False,
34625,True,False,
34626,True,False,
34627,True,False,
34628,True,False,
34629,False,True,
34630,False,True,
34631,False,True,
34647,False,False,
34648,False,False,
34651,False,True,
34652,False,True,
34653,False,True,
34654,False,True,
34655,False,True,
34656,False,True,
34658,True,False,
34659,True,False,
34660,True,False,
34661,True,False,
34662,False,True,
34663,True,False,
34664,True,False,
34666,True,False,
34668,True,False,
34669,False,True,
34671,False,True,
34672,False,True,
34678,False,True,
34680,False,True,
34681,False,False,
34684,True,False,
34685,True,False,
34686,True,False,
34687,True,False,
34688,True,False,
34689,False,True,
34690,True,False,
34691,False,False,
34693,False,False,
34694,False,False,
34696,False,False,
34700,False,True,
34701,False,True,
34703,False,True,
34704,False,True,
34706,False,True,
34709,False,False,
34710,False,False,
34711,False,False,
34714,False,True,
34716,False,True,
34719,True,False,
34720,False,True,
34723,False,True,
34724,False,True,
34725,False,True,
34748,False,True,
34749,False,True,
34750,False,True,
34751,True,False,
34753,False,True,
34754,False,True,
34755,False,True,
34756,False,True,
34757,False,False,
34758,False,True,
34759,False,True,
34760,True,False,
34761,True,False,
34762,True,False,
34763,True,False,
34764,True,False,
34765,False,True,
34766,True,False,
34767,True,False,
34768,True,False,
34769,True,False,
34770,True,False,
34771,False,True,
34772,False,False,
34773,False,False,
34774,False,True,
34775,False,True,
34776,False,False,
34777,False,False,
34779,False,True,
34781,False,True,
34788,False,True,
34789,False,True,
34790,False,False,
34791,False,False,
34792,False,False,
34795,False,True,
34796,False,True,
34797,False,True,
34798,False,True,
34799,False,True,
34800,False,True,
34801,False,True,
34803,False,True,
34804,False,True,
34805,False,True,
34806,False,True,
34813,False,False,
34815,False,True,
34816,False,True,
34818,False,True,
34819,False,True,
34820,False,True,
34821,False,True,
34822,False,True,
34823,False,True,
34824,False,True,
34825,False,True,
34826,False,True,
34827,False,True,
34832,False,True,
34833,False,True,
34834,False,True,
34835,False,True,
34836,False,True,
34852,False,True,
34853,False,True,
34854,False,True,
34903,False,False,
34904,False,False,
34905,False,False,
34907,False,True,
34908,False,True,
34909,False,True,
34910,False,True,
34911,False,True,
34912,False,True,
34913,False,True,
34914,False,True,
34915,False,True,
34916,False,True,
34917,False,True,
34918,False,True,
34919,False,True,
34920,False,True,
34921,False,True,
34922,False,True,
34923,False,True,
34924,False,True,
34925,False,True,
34926,False,True,
34927,False,True,
34928,False,True,
34929,False,True,
34930,False,True,
34931,False,True,
34932,False,True,
34933,False,True,
34934,False,True,
34935,False,True,
34936,False,True,
34937,False,True,
34938,False,True,
34939,False,True,
34940,False,True,
34941,False,True,
34942,False,True,
34943,False,True,
34944,False,True,
34945,False,True,
34946,False,True,
34947,False,True,
34948,False,True,
34949,False,True,
34950,False,True,
34951,False,True,
34952,False,True,
34953,False,True,
34954,False,True,
34955,False,True,
34956,False,True,
34957,False,True,
34958,False,True,
34959,False,True,
34960,False,True,
34961,False,True,
34962,False,True,
34963,False,True,
34964,False,True,
34965,False,True,
34966,False,True,
34967,False,True,
34968,False,True,
34969,False,True,
34971,False,True,
34972,False,True,
34973,False,True,
34974,False,True,
34975,False,True,
34976,False,True,
34978,False,True,
34979,False,True,
34980,False,True,
34981,False,True,
34982,False,True,
34983,False,True,
34984,False,True,
34985,False,True,
34986,False,True,
34987,False,True,
34988,False,True,
34989,False,True,
34990,False,True,
34991,False,True,
34992,False,True,
34993,False,True,
34994,False,True,
34995,False,True,
34996,False,True,
34997,False,True,
34998,False,True,
34999,False,True,
35000,False,True,
35002,False,True,
35003,False,True,
35004,False,True,
35005,False,True,
35006,False,True,
35007,False,True,
35008,False,True,
35009,False,True,
35010,False,True,
35011,False,True,
35012,False,True,
35013,False,True,
35014,False,True,
35015,False,True,
35016,False,True,
35017,False,True,
35018,False,True,
35019,False,True,
35020,False,True,
35021,False,True,
35022,False,True,
35023,False,True,
35024,False,True,
35025,False,True,
35027,False,True,
35028,False,True,
35029,False,True,
35030,False,True,
35031,False,True,
35032,False,True,
35033,False,True,
35034,False,True,
35035,False,True,
35036,False,True,
35037,False,True,
35038,False,True,
35039,False,True,
35040,False,True,
35041,False,True,
35042,False,True,
35043,False,True,
35044,False,True,
35045,False,True,
35046,False,True,
35047,False,True,
35048,False,True,
35050,False,True,
35051,False,True,
35052,False,True,
35053,False,True,
35054,False,True,
35055,False,True,
35056,False,True,
35057,False,True,
35058,False,True,
35059,False,True,
35060,False,True,
35061,False,True,
35062,False,True,
35063,False,True,
35064,False,True,
35065,False,True,
35066,False,True,
35067,False,True,
35068,False,True,
35069,False,True,
35071,False,True,
35072,False,True,
35073,False,True,
35074,False,True,
35075,False,True,
35076,False,True,
35077,False,True,
35078,False,True,
35079,False,True,
35080,False,True,
35081,False,True,
35084,False,True,
35085,False,True,
35086,False,True,
35087,False,True,
35088,False,True,
35089,False,True,
35091,False,True,
35092,False,True,
35093,False,True,
35094,False,True,
35095,False,True,
35096,False,True,
35097,False,True,
35098,False,True,
35099,False,True,
35102,False,True,
35103,False,False,
35104,False,True,
35105,False,False,
35107,False,True,
35109,False,True,
35110,False,True,
35115,False,True,
35116,False,True,
35118,False,True,
35119,False,True,
35120,False,True,
35122,False,True,
35123,False,True,
35124,False,True,
35125,False,True,
35126,False,True,
35132,False,False,
35134,False,True,
35137,False,True,
35140,False,True,
35141,False,True,
35142,False,True,
35143,True,False,
35144,True,False,
35145,True,False,
35146,True,False,
35147,True,False,
35148,True,False,
35149,True,False,
35150,True,False,
35151,True,False,
35152,True,False,
35153,True,False,
35154,True,False,
35156,True,False,
35157,True,False,
35158,True,False,
35159,True,False,
35160,True,False,
35161,True,False,
35162,True,False,
35163,True,False,
35164,True,False,
35165,True,False,
35166,True,False,
35167,True,False,
35170,True,False,
35171,True,False,
35172,True,False,
35173,True,False,
35174,True,False,
35175,True,False,
35176,False,True,
35177,False,True,
35178,False,True,
35183,False,True,
35187,False,True,
35191,False,False,
35194,False,True,
35195,False,True,
35197,False,True,
35199,False,True,
35203,False,True,
35204,False,True,
35205,False,False,
35206,False,False,
35208,False,True,
35209,False,False,
35210,False,True,
35211,False,True,
35216,False,True,
35219,False,True,
35220,False,True,
35221,False,True,
35222,False,False,
35223,False,True,
35224,False,True,
35225,False,True,
35226,False,True,
35231,False,False,
35232,False,False,
35233,False,True,
35235,False,False,
35236,False,False,
35237,False,False,
35239,False,True,
35240,False,True,
35242,False,True,
35243,False,True,
35244,False,True,
35245,False,False,
35246,False,True,
35247,False,False,
35248,False,False,
35249,False,False,
35250,False,False,
35251,False,True,
35252,False,True,
35253,False,True,
35254,False,True,
35255,False,True,
35256,False,True,
35257,False,True,
35258,False,False,
35259,False,True,
35260,False,False,
35261,False,False,
35262,False,False,
35270,False,True,
35272,False,True,
35273,False,False,
35275,False,False,
35277,False,False,
35278,False,False,
35279,False,False,
35281,False,True,
35284,False,True,
35285,False,True,
35286,False,True,
35289,False,True,
35290,False,True,
35291,False,True,
35292,False,False,
35294,False,True,
35295,False,True,
35298,False,False,
35299,False,True,
35300,False,False,
35301,False,False,
35305,False,True,
35306,False,True,
35307,False,True,
35308,False,True,
35309,False,True,
35310,False,True,
35311,False,True,
35312,False,True,
35313,False,True,
35314,False,True,
35315,False,True,
35316,False,True,
35317,False,True,
35318,False,True,
35319,False,True,
35320,False,True,
35321,False,True,
35322,False,True,
35323,False,True,
35324,False,True,
35325,False,True,
35326,False,True,
35327,False,True,
35328,False,True,
35329,False,True,
35330,False,True,
35331,False,True,
35332,False,True,
35333,False,True,
35334,False,True,
35335,False,True,
35336,False,True,
35337,False,True,
35338,False,True,
35339,False,True,
35340,False,True,
35341,False,True,
35342,False,True,
35343,False,True,
35344,False,True,
35345,False,True,
35346,False,True,
35347,False,True,
35348,False,True,
35349,False,True,
35350,False,True,
35351,False,True,
35352,False,True,
35353,False,True,
35354,False,True,
35355,False,True,
35356,False,True,
35357,False,True,
35358,False,True,
35360,False,True,
35362,False,True,
35363,False,False,
35365,False,False,
35366,False,False,
35367,False,False,
35368,False,False,
35369,False,False,
35373,False,True,
35374,False,True,
35376,False,True,
35377,False,True,
35378,False,True,
35379,False,True,
35380,False,False,
35381,False,False,
35382,False,True,
35383,True,False,
35385,False,True,
35386,False,True,
35388,False,True,
35390,False,False,
35391,False,False,
35392,False,True,
35393,False,True,
35394,False,True,
35395,False,True,
35398,False,True,
35399,False,True,
35400,False,True,
35401,False,True,
35404,False,True,
35405,False,True,
35406,False,True,
35407,False,True,
35408,False,True,
35411,False,True,
35412,False,True,
35416,False,True,
35417,False,True,
35418,False,True,
35419,False,True,
35420,False,True,
35422,False,True,
35425,False,True,
35426,False,True,
35430,False,True,
35433,False,True,
35434,False,True,
35435,False,True,
35436,False,True,
35438,False,True,
35439,False,True,
35440,False,True,
35441,False,True,
35442,False,True,
35444,False,True,
35445,False,False,
35446,False,False,
35447,False,True,
35448,False,True,
35449,False,True,
35450,True,False,
35451,True,False,
35452,True,False,
35454,True,False,
35455,True,False,
35456,False,True,
35457,False,True,
35459,False,False,
35460,False,True,
35464,False,True,
35465,False,True,
35466,False,True,
35468,False,True,
35469,False,True,
35470,False,True,
35471,False,True,
35472,False,False,
35473,False,True,
35474,False,True,
35476,False,True,
35477,False,True,
35480,False,True,
35481,False,True,
35483,False,True,
35484,False,False,
35485,False,False,
35486,False,False,
35487,False,False,
35488,False,True,
35489,False,True,
35490,False,True,
35493,True,False,
35494,True,False,
35495,True,False,
35496,False,True,
35497,False,True,
35499,False,True,
35500,False,True,
35501,False,True,
35506,False,True,
35507,False,True,
35508,False,True,
35511,False,True,
35518,False,True,
35520,False,True,
35521,False,True,
35525,False,False,
35526,False,False,
35527,False,False,
35528,False,True,
35529,False,False,
35530,False,False,
35531,False,False,
35532,False,False,
35533,False,False,
35536,False,False,
35537,False,False,
35538,False,False,
35539,False,False,
35540,False,False,
35541,False,False,
35542,False,False,
35543,False,False,
35544,False,False,
35545,False,False,
35546,False,False,
35547,True,False,
35548,False,False,
35549,False,False,
35556,False,True,
35557,False,True,
35558,False,True,
35559,False,True,
35560,False,False,
35561,False,False,
35562,False,False,
35563,False,False,
35564,False,True,
35565,False,True,
35566,False,False,
35567,False,False,
35568,False,False,
35569,False,False,
35570,False,False,
35571,False,False,
35572,False,False,
35573,False,True,
35574,False,False,
35582,False,True,
35583,False,True,
35586,False,True,
35588,False,True,
35590,False,True,
35591,False,True,
35592,True,False,
35593,False,True,
35594,False,True,
35595,False,True,
35596,False,True,
35597,False,True,
35599,False,False,
35601,False,True,
35602,False,True,
35603,False,True,
35604,False,True,
35605,False,True,
35606,False,True,
35608,False,True,
35613,False,True,
35615,False,False,
35616,False,True,
35618,False,True,
35619,False,False,
35620,False,True,
35628,False,True,
35630,False,False,
35631,False,False,
35632,False,True,
35636,False,True,
35637,False,True,
35638,False,True,
35639,False,False,
35643,False,False,
35644,False,False,
35645,False,False,
35646,False,False,
35647,False,False,
35649,False,False,
35650,False,False,
35651,False,False,
35652,False,False,
35654,False,True,
35656,False,True,
35658,False,True,
35659,False,True,
35689,False,True,
35693,False,True,
35696,False,False,
35698,False,True,
35703,False,False,
35705,False,False,
35707,True,False,
35719,False,True,
35720,False,True,
35722,True,False,
35724,True,False,
35727,False,False,
35728,False,False,
35730,False,False,
35731,False,False,
35736,False,True,
35739,False,True,
35740,False,True,
35742,True,False,
35745,True,False,
35747,False,False,
35753,False,False,
35759,False,True,
35762,False,True,
35763,False,True,
35764,False,False,
35765,False,False,
35766,False,False,
35767,False,False,
35789,False,False,
35790,False,False,
35791,False,False,
35793,False,True,
35794,False,False,
35795,False,False,
35796,False,False,
35799,False,True,
35800,False,False,
35801,False,False,
35802,False,False,
35803,False,False,
35804,False,False,
35805,False,False,
35806,False,False,
35807,False,False,
35808,False,False,
35809,False,False,
35812,False,False,
35813,False,False,
35814,False,False,
35816,False,False,
35817,False,False,
35818,False,False,
35820,False,True,
35821,False,True,
35823,True,False,
35824,True,False,
35825,False,True,
35828,False,False,
35829,False,False,
35833,False,True,
35834,False,True,
35835,False,True,
35843,False,False,
35844,False,False,
35845,False,False,
35846,False,False,
35847,False,False,
35848,False,False,
35849,False,False,
35850,False,False,
35851,False,True,
35852,False,True,
35853,False,True,
35854,False,True,
35855,False,True,
35856,False,True,
35857,True,False,
35859,False,True,
35860,False,True,
35861,False,True,
35863,False,True,
35864,False,True,
35865,False,True,
35866,False,True,
35867,False,True,
35869,False,True,
35870,False,True,
35871,False,True,
35873,False,True,
35874,False,True,
35875,False,False,
35876,False,False,
35880,False,True,
35881,False,True,
35882,False,True,
35887,False,True,
35889,False,True,
35892,False,True,
35893,False,False,
35894,False,False,
35895,False,False,
35896,False,False,
35897,False,False,
35898,False,False,
35899,False,False,
35900,False,False,
35901,False,False,
35902,False,False,
35903,False,False,
35904,False,False,
35905,False,False,
35906,False,False,
35907,False,False,
35909,False,False,
35910,False,False,
35913,False,True,
35916,False,True,
35917,False,False,
35918,False,False,
35919,False,False,
35921,False,False,
35922,False,True,
35923,False,False,
35924,False,False,
35926,False,False,
35928,False,True,
35930,False,False,
35931,False,False,
35932,False,True,
35933,False,True,
35934,False,True,
35935,False,True,
35936,False,True,
35937,False,True,
35938,False,True,
35940,False,True,
35941,False,True,
35942,False,True,
35943,False,True,
35945,False,True,
35946,False,True,
35947,False,True,
35948,False,False,
35950,False,True,
35952,False,True,
35954,False,True,
35956,False,True,
35957,False,False,
35958,False,True,
35959,False,False,
35960,False,False,
35962,False,True,
35963,False,True,
35964,False,True,
35970,False,True,
35973,False,True,
35974,False,False,
35975,False,True,
35977,False,True,
35978,False,True,
35983,False,False,
35984,False,False,
35985,False,False,
35986,False,False,
35987,False,False,
35988,False,False,
35989,False,True,
35990,False,False,
35991,False,True,
35993,False,False,
35995,False,False,
35996,False,False,
35998,False,False,
36000,False,False,
36001,False,False,
36002,False,False,
36004,False,False,
36005,False,False,
36006,False,False,
36007,False,False,
36008,False,False,
36010,False,False,
36011,False,False,
36012,False,False,
36013,False,False,
36014,False,False,
36015,False,False,
36016,False,False,
36017,False,False,
36018,False,False,
36019,True,False,
36020,False,False,
36021,False,False,
36023,False,False,
36028,False,False,
36029,False,False,
36031,False,False,
36032,False,False,
36033,False,False,
36035,False,False,
36039,False,False,
36041,False,False,
36042,False,False,
36043,False,False,
36044,False,False,
36045,False,False,
36046,True,False,
36047,False,False,
36048,False,False,
36049,False,False,
36050,True,False,
36051,False,False,
36053,False,False,
36054,False,False,
36055,False,False,
36056,False,False,
36057,False,False,
36058,False,False,
36060,False,False,
36061,False,False,
36063,False,False,
36064,False,False,
36065,False,False,
36066,False,False,
36069,False,False,
36071,False,False,
36074,False,True,
36075,False,False,
36077,False,True,
36078,False,False,
36079,False,False,
36080,False,False,
36082,False,False,
36083,False,False,
36084,False,False,
36087,False,True,
36088,False,True,
36092,False,True,
36093,False,True,
36094,False,False,
36095,False,True,
36096,False,True,
36097,False,False,
36098,False,True,
36099,False,True,
36100,False,False,
36101,False,False,
36102,False,False,
36103,False,False,
36104,False,False,
36105,False,False,
36106,False,False,
36107,False,False,
36110,False,False,
36112,False,False,
36113,False,False,
36114,False,False,
36115,False,False,
36116,False,False,
36117,False,True,
36118,True,False,
36120,False,True,
36121,False,False,
36122,True,False,
36123,True,False,
36124,True,False,
36125,True,False,
36126,True,False,
36127,True,False,
36129,True,False,
36130,False,True,
36136,False,True,
36138,False,False,
36139,False,True,
36140,False,False,
36141,False,False,
36143,False,True,
36144,False,False,
36146,False,False,
36147,False,False,
36148,False,False,
36149,False,False,
36150,False,False,
36151,False,False,
36152,False,False,
36153,False,False,
36154,False,False,
36160,False,True,
36161,False,False,
36162,False,False,
36170,False,False,
36171,False,False,
36172,False,False,
36174,False,False,
36175,False,True,
36176,False,True,
36177,False,False,
36178,False,True,
36179,False,True,
36180,False,False,
36181,False,False,
36190,False,True,
36195,False,False,
36196,False,False,
36197,False,False,
36198,False,False,
36199,False,False,
36200,False,False,
36201,False,False,
36202,False,False,
36203,False,False,
36204,False,False,
36205,False,False,
36206,False,False,
36207,False,False,
36208,False,False,
36209,False,False,
36210,False,False,
36211,False,False,
36212,False,False,
36213,False,False,
36214,False,False,
36215,False,False,
36217,False,False,
36219,False,False,
36220,False,False,
36221,False,False,
36224,False,True,
36225,False,True,
36226,False,True,
36227,False,True,
36228,False,True,
36235,False,True,
36237,False,True,
36238,True,False,
36241,True,False,
36243,False,True,
36245,False,True,
36248,True,False,
36249,False,False,
36251,True,False,
36253,True,False,
36257,True,False,
36260,True,False,
36263,True,False,
36264,True,False,
36265,False,True,
36268,False,True,
36270,False,True,
36282,False,True,
36283,False,False,
36284,False,False,
36285,False,False,
36286,False,True,
36288,False,True,
36289,False,False,
36290,False,False,
36291,False,False,
36292,False,False,
36293,False,True,
36294,False,False,
36295,True,False,
36296,False,True,
36297,False,False,
36298,False,False,
36299,False,False,
36300,False,False,
36301,True,False,
36302,True,False,
36303,True,False,
36305,False,True,
36310,False,True,
36311,False,True,
36312,False,True,
36313,False,True,
36315,False,True,
36325,False,True,
36327,False,True,
36329,False,True,
36330,False,False,
36331,False,False,
36332,False,True,
36333,False,False,
36336,False,True,
36337,False,False,
36339,False,True,
36341,False,False,
36342,False,False,
36343,False,False,
36344,False,False,
36345,False,False,
36346,False,False,
36348,False,False,
36349,False,False,
36350,False,False,
36351,False,False,
36352,False,False,
36353,False,False,
36354,False,False,
36355,False,False,
36356,False,False,
36357,False,False,
36358,False,False,
36359,False,False,
36360,False,False,
36361,False,False,
36362,False,False,
36363,False,False,
36364,False,False,
36365,False,False,
36366,False,False,
36368,False,False,
36383,False,True,
36384,False,False,
36385,False,False,
36386,False,False,
36387,False,False,
36388,False,False,
36389,False,False,
36390,False,False,
36391,False,False,
36392,False,False,
36393,True,False,
36394,True,False,
36424,False,False,
36425,False,False,
36427,False,False,
36428,False,False,
36429,False,False,
36430,False,False,
36432,False,False,
36433,False,False,
36434,False,False,
36437,False,False,
36438,False,False,
36439,False,False,
36446,False,False,
36447,False,False,
36448,False,False,
36449,False,False,
36450,False,False,
36451,False,False,
36452,False,False,
36454,False,False,
36455,False,False,
36456,False,False,
36457,False,False,
36458,False,False,
36460,False,False,
36461,False,True,
36462,False,True,
36464,False,False,
36465,False,False,
36466,False,False,
36467,False,False,
36469,False,False,
36470,False,False,
36471,False,False,
36474,False,False,
36476,False,False,
36478,False,False,
36479,False,False,
36481,False,False,
36482,False,False,
36483,False,False,
36486,False,False,
36490,False,False,
36496,False,False,
36497,False,False,
36498,False,False,
36499,False,False,
36500,False,False,
36501,False,False,
36504,False,False,
36518,False,True,
36525,False,True,
36527,False,True,
36528,False,True,
36529,False,True,
36531,False,True,
36532,False,True,
36534,False,False,
36535,False,False,
36536,False,False,
36537,False,False,
36538,False,False,
36539,False,True,
36540,False,True,
36541,False,True,
36542,False,True,
36543,False,True,
36544,False,False,
36548,False,False,
36550,False,True,
36551,False,False,
36552,False,False,
36553,False,True,
36554,False,False,
36555,False,True,
36556,False,True,
36557,False,False,
36558,False,True,
36559,False,True,
36560,False,True,
36561,False,True,
36562,False,True,
36564,False,True,
36578,False,True,
36579,False,True,
36582,False,False,
36583,False,False,
36584,False,True,
36586,False,False,
36588,False,True,
36589,False,False,
36590,False,False,
36593,False,False,
36594,False,False,
36599,True,False,
36600,False,True,
36602,False,True,
36607,False,True,
36608,False,True,
36609,False,True,
36622,False,True,
36623,False,True,
36626,False,False,
36627,False,True,
36628,False,False,
36629,False,True,
36630,False,False,
36631,False,False,
36632,False,True,
36633,False,True,
36634,False,True,
36637,False,True,
36638,False,True,
36639,False,True,
36640,False,True,
36641,False,False,
36644,False,True,
36645,False,True,
36654,False,True,
36655,False,True,
36656,False,True,
36657,False,False,
36658,False,False,
36659,False,True,
36661,False,False,
36663,False,True,
36666,False,False,
36668,False,True,
36671,False,True,
36676,False,True,
36678,False,True,
36679,False,True,
36680,False,True,
36682,False,True,
36684,False,True,
36685,False,True,
36686,False,False,
36687,False,True,
36689,False,True,
36693,False,True,
36695,False,False,
36697,False,True,
36700,False,True,
36701,False,False,
36703,False,False,
36704,False,True,
36705,False,True,
36706,False,True,
36707,False,True,
36708,False,True,
36709,False,True,
36710,False,True,
36711,False,True,
36712,False,True,
36713,False,True,
36714,False,True,
36715,False,True,
36716,False,True,
36717,False,True,
36718,False,True,
36719,False,True,
36720,False,True,
36721,False,True,
36722,False,True,
36723,False,True,
36724,False,True,
36725,False,True,
36726,False,True,
36727,False,True,
36728,False,True,
36729,False,True,
36730,False,True,
36733,False,True,
36737,False,True,
36739,False,False,
36745,False,True,
36747,False,True,
36748,False,True,
36758,False,True,
36761,False,True,
36764,False,True,
36765,False,True,
36767,False,True,
36768,False,True,
36769,False,True,
36772,False,False,
36773,False,True,
36775,False,True,
36777,False,True,
36778,False,True,
36779,False,True,
36781,False,True,
36782,False,True,
36783,False,True,
36784,False,True,
36786,False,True,
36788,False,True,
36790,False,True,
36792,False,True,
36794,False,True,
36795,False,True,
36796,False,True,
36797,False,True,
36798,False,True,
36799,False,True,
36800,False,True,
36801,False,True,
36803,False,True,
36806,False,True,
36807,False,True,
36808,False,True,
36809,False,True,
36810,False,True,
36811,False,True,
36812,False,True,
36813,False,True,
36815,False,True,
36816,False,True,
36817,False,True,
36818,False,True,
36819,False,True,
36820,False,True,
36821,False,True,
36822,True,False,
36823,False,True,
36825,False,True,
36826,False,True,
36827,False,True,
36828,False,True,
36829,False,True,
36830,False,True,
36831,False,True,
36832,False,True,
36834,False,True,
36835,False,True,
36836,False,True,
36837,False,True,
36840,False,True,
36841,True,False,
36842,True,False,
36843,True,False,
36844,True,False,
36847,False,True,
36848,False,True,
36851,False,True,
36852,False,True,
36853,False,True,
36854,False,True,
36856,False,True,
36857,False,True,
36858,False,True,
36859,False,False,
36860,False,True,
36862,False,True,
36863,False,False,
36864,False,True,
36865,False,True,
36866,False,True,
36867,True,False,
36868,False,False,
36869,False,False,
36873,False,True,
36874,False,True,
36876,False,True,
36877,False,True,
36878,False,True,
36881,False,True,
36882,False,True,
36883,False,True,
36884,False,True,
36885,False,True,
36886,False,True,
36887,,True,
36888,False,False,
36889,False,False,
36891,False,True,
36892,False,True,
36893,False,True,
36894,False,True,
36895,False,True,
36896,False,True,
36897,False,True,
36900,False,False,
36901,False,True,
36903,False,True,
36904,False,False,
36905,False,True,
36906,False,True,
36907,False,True,
36908,False,True,
36910,False,True,
36911,False,True,
36912,False,True,
36914,False,False,
36915,False,True,
36917,False,True,
36919,False,True,
36922,False,False,
36923,False,True,
36924,False,True,
36925,False,True,
36926,False,True,
36930,False,False,
36931,False,False,
36932,False,True,
36934,False,True,
36937,False,True,
36938,False,False,
36939,False,False,
36940,False,True,
36941,False,True,
36942,False,True,
36945,False,True,
36947,False,True,
36949,False,True,
36953,False,True,
36954,False,True,
36963,False,True,
36965,False,True,
36966,False,True,
36968,False,True,
36969,False,True,
36970,False,True,
36971,False,True,
36972,False,True,
36973,False,True,
36974,False,True,
36975,False,True,
36977,False,False,
36982,False,False,
36990,False,True,
36995,False,True,
36997,False,True,
36998,False,True,
36999,False,True,
37000,False,True,
37001,False,True,
37002,False,True,
37003,False,True,
37004,False,True,
37005,False,True,
37006,False,True,
37007,False,True,
37008,False,True,
37009,False,True,
37010,False,True,
37011,False,True,
37012,False,True,
37013,False,True,
37014,False,True,
37015,False,True,
37016,False,True,
37017,False,True,
37018,False,True,
37019,False,True,
37020,False,True,
37021,False,True,
37022,False,True,
37023,False,True,
37024,False,True,
37025,False,True,
37026,False,True,
37027,False,True,
37028,False,True,
37029,False,True,
37030,False,False,
37032,False,True,
37033,False,False,
37034,False,True,
37035,False,True,
37036,False,True,
37037,False,True,
37038,False,True,
37039,False,True,
37041,False,True,
37042,False,True,
37050,False,True,
37052,False,True,
37053,False,True,
37054,False,True,
37057,False,False,
37058,False,True,
37059,False,True,
37060,False,True,
37061,False,True,
37063,False,True,
37064,False,True,
37068,False,True,
37069,False,False,
37070,False,False,
37073,False,True,
37075,False,True,
37076,False,False,
37077,False,True,
37078,False,False,
37081,False,False,
37082,False,False,
37083,False,False,
37084,False,False,
37085,False,True,
37086,False,True,
37088,False,True,
37090,False,True,
37091,False,True,
37093,False,True,
37094,False,True,
37095,False,False,
37097,False,True,
37098,False,True,
37099,False,True,
37100,False,True,
37101,False,True,
37102,False,True,
37103,False,True,
37105,False,False,
37107,True,False,
37108,True,False,
37109,True,False,
37110,True,False,
37111,True,False,
37112,False,True,
37113,True,False,
37114,False,False,
37115,False,False,
37116,False,True,
37117,False,False,
37118,True,False,
37119,True,False,
37120,True,False,
37121,True,False,
37122,True,False,
37123,True,False,
37124,True,False,
37125,True,False,
37126,True,False,
37127,True,False,
37128,True,False,
37130,False,True,
37132,True,False,
37133,True,False,
37134,True,False,
37135,False,True,
37136,True,False,
37137,True,False,
37138,False,False,
37141,False,False,
37142,False,False,
37143,False,False,
37149,False,False,
37150,False,True,
37151,False,False,
37152,False,True,
37153,False,False,
37154,False,False,
37155,False,False,
37157,False,True,
37158,False,True,
37159,False,True,
37160,False,True,
37161,True,False,
37165,False,False,
37166,False,False,
37167,True,False,
37168,True,False,
37169,True,False,
37170,True,False,
37172,False,True,
37173,False,True,
37175,True,False,
37177,True,False,
37179,False,True,
37180,False,True,
37182,False,True,
37185,True,False,
37186,True,False,
37187,True,False,
37188,True,False,
37189,False,True,
37190,True,False,
37191,True,False,
37192,True,False,
37193,True,False,
37194,True,False,
37195,True,False,
37196,True,False,
37197,True,False,
37198,True,False,
37199,True,False,
37200,True,False,
37201,True,False,
37202,False,True,
37203,False,False,
37204,False,False,
37205,False,False,
37206,False,True,
37208,True,False,
37209,True,False,
37210,True,False,
37211,True,False,
37212,True,False,
37213,True,False,
37214,True,False,
37215,True,False,
37219,False,True,
37220,False,False,
37222,False,True,
37223,False,True,
37224,False,True,
37225,False,False,
37227,False,False,
37228,False,True,
37230,False,True,
37234,False,True,
37241,False,True,
37242,False,True,
37243,False,True,
37244,False,True,
37245,False,True,
37246,False,True,
37247,False,True,
37248,False,True,
37249,False,True,
37250,False,True,
37251,False,True,
37252,False,True,
37253,False,True,
37254,False,True,
37255,False,True,
37256,False,True,
37257,False,True,
37258,False,True,
37259,False,True,
37260,False,True,
37261,False,True,
37262,False,True,
37263,False,True,
37264,False,True,
37265,False,True,
37266,False,True,
37269,False,True,
37270,True,False,
37271,True,False,
37272,False,True,
37273,False,True,
37274,False,True,
37275,False,True,
37276,False,True,
37277,False,False,
37279,False,True,
37281,False,True,
37282,False,True,
37283,False,True,
37284,False,True,
37285,False,True,
37286,False,True,
37287,False,True,
37288,False,True,
37289,False,True,
37290,False,True,
37291,False,True,
37292,False,True,
37293,False,True,
37295,False,False,
37298,False,True,
37299,False,True,
37300,False,False,
37301,False,True,
37302,False,True,
37303,False,True,
37304,False,True,
37305,False,True,
37306,False,True,
37307,False,False,
37308,False,False,
37309,False,False,
37310,False,True,
37311,False,True,
37312,False,True,
37313,False,True,
37314,False,True,
37315,False,True,
37319,False,False,
37320,False,False,
37323,False,True,
37328,False,False,
37338,False,True,
37339,False,False,
37343,False,True,
37344,False,True,
37345,False,True,
37348,False,True,
37349,False,True,
37351,False,True,
37352,False,True,
37353,False,True,
37355,False,True,
37358,False,True,
37360,False,True,
37362,False,True,
37363,False,True,
37365,False,True,
37367,False,True,
37369,False,True,
37370,False,True,
37371,False,True,
37373,False,True,
37375,False,True,
37376,False,True,
37377,False,True,
37380,False,True,
37381,False,False,
37382,False,True,
37384,False,True,
37385,False,True,
37386,False,False,
37387,False,True,
37388,False,True,
37391,False,True,
37392,False,False,
37393,False,False,
37394,False,False,
37395,False,False,
37397,False,False,
37399,False,True,
37400,False,True,
37402,False,True,
37403,False,False,
37404,False,False,
37408,False,True,
37410,False,True,
37411,False,True,
37412,False,True,
37413,False,True,
37416,False,True,
37417,False,True,
37422,False,False,
37423,False,False,
37424,False,False,
37425,False,True,
37426,False,False,
37427,False,False,
37428,False,True,
37429,False,True,
37430,False,True,
37431,False,False,
37432,False,False,
37433,False,False,
37435,False,False,
37436,False,False,
37437,False,False,
37438,False,False,
37440,False,False,
37442,False,False,
37443,False,True,
37447,False,False,
37448,False,True,
37449,False,True,
37450,False,True,
37451,False,True,
37452,False,True,
37454,False,False,
37455,False,False,
37456,False,True,
37458,False,True,
37459,False,False,
37460,False,True,
37461,False,False,
37462,False,True,
37463,False,False,
37464,False,False,
37465,False,True,
37467,False,False,
37468,False,True,
37469,False,True,
37472,False,True,
37473,False,True,
37474,False,True,
37475,False,True,
37476,False,True,
37477,False,False,
37478,False,True,
37479,False,True,
37480,False,True,
37481,False,True,
37482,False,False,
37483,False,True,
37484,False,True,
37486,False,True,
37487,False,True,
37488,False,False,
37489,False,False,
37491,False,False,
37492,False,False,
37493,False,True,
37494,True,False,
37495,True,False,
37497,False,True,
37498,False,True,
37499,False,True,
37500,False,True,
37502,False,True,
37504,False,True,
37506,False,True,
37507,False,True,
37510,False,True,
37511,False,True,
37514,False,True,
37515,False,True,
37517,False,True,
37518,False,True,
37521,False,False,
37522,False,False,
37523,False,False,
37525,False,True,
37526,False,False,
37527,False,False,
37528,False,False,
37529,False,True,
37532,True,False,
37533,False,True,
37534,False,True,
37535,False,True,
37536,False,False,
37537,False,False,
37538,False,False,
37539,False,False,
37540,False,True,
37541,False,True,
37542,False,True,
37545,False,True,
37546,False,True,
37549,False,True,
37551,False,True,
37556,False,True,
37562,False,True,
37563,False,True,
37564,False,True,
37565,False,False,
37566,False,False,
37567,False,True,
37568,False,True,
37569,False,True,
37570,False,True,
37571,False,True,
37572,False,True,
37573,False,True,
37574,False,True,
37575,False,True,
37576,False,True,
37577,False,True,
37578,False,True,
37579,False,True,
37580,False,True,
37581,False,True,
37583,False,True,
37586,False,True,
37587,False,True,
37589,False,True,
37590,False,True,
37591,True,False,
37592,True,False,
37594,True,False,
37595,True,False,
37596,False,True,
37597,True,False,
37598,True,False,
37599,True,False,
37600,True,False,
37601,True,False,
37602,True,False,
37603,True,False,
37604,True,False,
37606,True,False,
37608,True,False,
37609,True,False,
37610,True,False,
37613,True,False,
37614,True,False,
37615,True,False,
37616,True,False,
37618,True,False,
37619,True,False,
37620,True,False,
37622,True,False,
37623,True,False,
37625,True,False,
37626,False,True,
37627,True,False,
37629,True,False,
37630,True,False,
37631,True,False,
37632,True,False,
37633,True,False,
37634,True,False,
37635,True,False,
37636,True,False,
37637,True,False,
37638,True,False,
37639,True,False,
37640,True,False,
37641,True,False,
37643,True,False,
37644,True,False,
37645,True,False,
37646,True,False,
37647,True,False,
37648,True,False,
37649,True,False,
37650,True,False,
37651,True,False,
37652,True,False,
37653,True,False,
37654,True,False,
37656,True,False,
37657,True,False,
37658,True,False,
37660,True,False,
37661,True,False,
37662,True,False,
37663,True,False,
37664,True,False,
37665,True,False,
37666,True,False,
37667,True,False,
37668,True,False,
37669,True,False,
37670,True,False,
37671,True,False,
37672,False,False,
37673,False,False,
37677,True,False,
37678,True,False,
37679,True,False,
37680,True,False,
37681,True,False,
37684,True,False,
37685,False,True,
37687,False,True,
37688,True,False,
37689,False,True,
37690,False,True,
37691,False,True,
37692,False,True,
37694,False,True,
37695,False,True,
37696,False,True,
37697,False,True,
37698,False,True,
37699,False,True,
37700,True,False,
37701,True,False,
37704,False,True,
37705,False,True,
37706,False,True,
37707,False,True,
37708,True,False,
37709,True,False,
37713,False,True,
37714,True,False,
37715,False,True,
37716,False,True,
37717,False,True,
37718,False,True,
37719,False,True,
37721,False,True,
37722,False,True,
37723,False,True,
37727,False,True,
37728,False,True,
37730,True,False,
37731,False,True,
37732,False,True,
37735,False,True,
37737,True,False,
37739,True,False,
37746,False,True,
37747,False,True,
37748,False,True,
37749,False,True,
37750,False,True,
37751,False,True,
37752,False,True,
37753,False,True,
37754,False,True,
37755,False,True,
37756,False,True,
37757,False,True,
37758,False,True,
37759,False,True,
37760,False,True,
37761,False,True,
37762,False,True,
37763,False,True,
37764,False,True,
37765,False,True,
37766,False,True,
37767,False,True,
37768,False,True,
37769,False,True,
37770,False,True,
37771,False,True,
37772,False,True,
37773,False,True,
37774,False,True,
37775,False,True,
37776,False,True,
37777,False,True,
37778,False,True,
37779,False,True,
37780,False,True,
37781,False,True,
37782,False,True,
37783,False,True,
37784,False,True,
37785,False,True,
37786,False,True,
37787,False,True,
37788,False,True,
37789,False,True,
37790,False,True,
37791,False,True,
37793,False,True,
37794,False,True,
37795,False,True,
37796,False,True,
37797,False,True,
37798,False,True,
37799,False,True,
37800,False,True,
37801,False,True,
37802,False,True,
37803,False,True,
37804,False,True,
37805,False,True,
37806,False,True,
37807,False,True,
37808,False,True,
37809,False,True,
37810,False,True,
37811,False,True,
37812,False,True,
37813,False,True,
37814,False,True,
37815,False,True,
37816,False,True,
37817,False,True,
37818,False,True,
37819,False,True,
37820,False,True,
37821,False,True,
37822,False,True,
37823,False,True,
37824,False,True,
37825,False,True,
37826,False,True,
37827,False,True,
37828,False,True,
37829,False,True,
37830,False,True,
37831,False,True,
37832,False,True,
37833,False,True,
37834,False,True,
37835,False,True,
37836,False,True,
37837,False,True,
37838,False,True,
37839,False,True,
37840,False,True,
37841,False,True,
37842,False,True,
37843,False,True,
37844,False,True,
37845,False,True,
37846,False,True,
37847,False,True,
37848,False,True,
37849,False,True,
37851,False,True,
37852,False,True,
37853,False,True,
37854,False,True,
37855,False,True,
37856,False,True,
37858,False,True,
37859,False,True,
37860,False,True,
37861,False,True,
37862,False,True,
37863,False,True,
37864,False,True,
37865,False,True,
37867,False,True,
37868,False,True,
37869,False,True,
37870,False,True,
37876,True,False,
37877,True,False,
37878,True,False,
37879,True,False,
37881,True,False,
37882,True,False,
37883,True,False,
37884,True,False,
37885,True,False,
37886,True,False,
37887,True,False,
37888,True,False,
37889,True,False,
37890,True,False,
37893,False,True,
37896,False,True,
37897,False,True,
37898,False,True,
37899,False,True,
37900,False,True,
37901,False,True,
37902,False,True,
37903,False,True,
37906,False,True,
37907,False,True,
37908,False,True,
37909,False,True,
37910,False,True,
37911,False,True,
37912,False,True,
37913,False,True,
37914,False,True,
37920,False,True,
37922,False,True,
37924,False,True,
37925,False,True,
37926,False,True,
37928,False,True,
37929,False,True,
37932,False,True,
37934,False,True,
37935,False,True,
37936,False,True,
37937,False,True,
37938,False,True,
37939,False,True,
37940,False,True,
37942,False,True,
37944,False,True,
37945,True,False,
37946,False,True,
37947,False,True,
37948,False,True,
37949,False,True,
37950,False,True,
37951,False,True,
37952,True,False,
37953,False,True,
37954,False,True,
37955,False,True,
37956,False,True,
37957,False,True,
37958,False,True,
37959,False,True,
37961,False,True,
37962,False,True,
37963,False,True,
37964,False,True,
37965,False,True,
37966,False,True,
37967,False,True,
37968,False,True,
37969,False,True,
37970,False,True,
37974,False,True,
37976,False,True,
37977,False,True,
37978,False,True,
37979,False,True,
37980,False,True,
37981,False,True,
37982,False,True,
37983,False,True,
37984,False,True,
37985,False,True,
37986,False,True,
37987,False,True,
37989,False,True,
37990,False,True,
37993,False,True,
37994,False,True,
37995,False,True,
37996,False,True,
37997,False,True,
37998,False,True,
37999,False,True,
38000,False,True,
38001,False,True,
38002,False,True,
38004,False,True,
38005,False,True,
38007,False,True,
38009,False,True,
38011,False,True,
38012,False,True,
38014,False,True,
38015,False,True,
38016,False,True,
38019,False,True,
38021,False,True,
38022,False,True,
38023,False,True,
38025,False,True,
38026,False,True,
38027,False,True,
38028,False,True,
38030,False,True,
38031,False,False,
38032,False,False,
38034,False,True,
38036,False,True,
38037,False,True,
38038,False,True,
38040,False,True,
38041,False,True,
38042,False,True,
38044,False,True,
38045,False,True,
38047,False,True,
38048,False,True,
38049,False,True,
38050,False,True,
38051,False,True,
38053,False,True,
38054,False,True,
38055,False,True,
38056,False,True,
38057,False,True,
38058,False,True,
38060,False,True,
38061,False,True,
38063,False,True,
38064,False,True,
38066,False,True,
38067,False,True,
38068,False,True,
38069,True,False,
38070,True,False,
38073,False,True,
38074,False,True,
38077,False,True,
38078,False,True,
38079,False,True,
38080,False,True,
38081,False,True,
38082,False,True,
38083,False,True,
38085,False,True,
38086,False,True,
38087,False,True,
38088,False,True,
38090,False,True,
38091,False,True,
38092,False,True,
38093,False,True,
38094,False,True,
38096,False,True,
38097,False,True,
38098,False,True,
38099,False,True,
38102,False,True,
38103,False,True,
38104,False,True,
38105,False,True,
38106,False,True,
38107,False,True,
38108,False,True,
38109,False,True,
38110,False,True,
38112,False,True,
38114,False,True,
38115,False,True,
38116,False,True,
38117,False,True,
38118,False,True,
38120,False,False,
38121,False,True,
38122,False,False,
38125,False,False,
38126,False,True,
38127,False,True,
38130,False,True,
38131,False,True,
38132,False,True,
38133,False,True,
38134,False,True,
38135,False,True,
38136,False,True,
38137,False,True,
38138,False,True,
38139,False,True,
38140,False,True,
38141,False,True,
38142,False,True,
38143,False,True,
38144,False,True,
38147,False,True,
38150,False,True,
38152,False,True,
38153,False,True,
38154,False,True,
38157,False,True,
38158,False,True,
38160,False,True,
38161,False,True,
38166,False,False,
38174,False,False,
38176,False,True,
38178,False,False,
38181,False,True,
38182,False,True,
38183,False,True,
38187,False,True,
38188,False,True,
38191,False,True,
38192,False,True,
38193,False,True,
38194,False,True,
38196,False,True,
38198,False,False,
38201,False,True,
38202,False,True,
38203,False,True,
38204,False,True,
38205,False,True,
38206,False,True,
38209,False,True,
38210,False,True,
38211,False,True,
38212,False,True,
38215,False,True,
38219,False,True,
38220,False,True,
38221,False,True,
38223,True,False,
38226,False,True,
38227,False,True,
38231,False,True,
38232,False,True,
38233,False,True,
38236,False,True,
38242,False,True,
38244,False,True,
38245,False,True,
38246,False,True,
38247,False,True,
38248,False,True,
38249,False,True,
38250,False,True,
38253,False,True,
38254,False,True,
38255,False,True,
38257,False,True,
38259,False,True,
38261,False,True,
38262,False,True,
38264,False,True,
38267,False,True,
38270,False,True,
38272,False,True,
38275,False,True,
38278,False,True,
38280,False,True,
38282,False,True,
38283,False,True,
38284,False,True,
38285,False,True,
38286,False,True,
38287,False,True,
38288,False,True,
38289,False,True,
38291,False,True,
38293,False,True,
38294,False,True,
38295,False,True,
38296,False,True,
38297,False,True,
38299,False,True,
38300,False,True,
38313,False,True,
38316,False,True,
38317,False,True,
38318,False,True,
38319,False,True,
38324,False,True,
38326,False,True,
38327,False,True,
38328,False,True,
38329,False,True,
38330,False,True,
38331,False,True,
38332,False,True,
38336,False,True,
38337,False,True,
38340,False,True,
38342,False,True,
38344,False,True,
38345,False,True,
38346,False,True,
38347,False,True,
38348,False,True,
38349,False,True,
38350,False,True,
38354,False,True,
38356,False,True,
38357,False,True,
38359,False,True,
38360,False,True,
38361,False,True,
38362,False,True,
38363,False,True,
38366,False,True,
38368,False,True,
38369,False,True,
38370,False,True,
38375,False,True,
38377,False,True,
38378,False,False,
38379,False,True,
38380,False,False,
38381,False,True,
38382,False,False,
38383,False,False,
38387,False,True,
38453,False,True,
38455,False,True,
38458,False,True,
38459,False,True,
38460,False,True,
38461,False,True,
38463,False,True,
38464,False,True,
38465,False,True,
38466,False,True,
38468,False,True,
38471,False,True,
38472,False,True,
38476,False,True,
38478,False,True,
38480,True,False,
38481,True,False,
38482,True,False,
38483,True,False,
38485,True,False,
38490,False,True,
38491,False,True,
38492,False,True,
38493,False,True,
38494,False,True,
38495,False,True,
38496,False,True,
38497,False,True,
38498,False,True,
38499,False,True,
38500,False,True,
38501,False,True,
38502,False,True,
38503,False,True,
38504,False,True,
38505,False,True,
38506,False,True,
38507,False,True,
38509,False,True,
38523,False,True,
38524,False,True,
38525,False,True,
38526,False,True,
38527,False,True,
38529,False,True,
38531,False,True,
38532,False,True,
38533,False,True,
38535,False,True,
38537,False,True,
38538,False,True,
38539,False,True,
38540,False,True,
38541,False,True,
38543,False,True,
38545,False,True,
38546,False,True,
38549,False,True,
38551,False,True,
38552,False,True,
38555,False,True,
38556,False,True,
38557,False,True,
38558,False,True,
38559,False,True,
38560,False,True,
38562,False,True,
38568,False,True,
38569,False,True,
38570,False,True,
38572,True,False,
38574,True,False,
38575,True,False,
38576,True,False,
38577,True,False,
38578,True,False,
38579,True,False,
38580,True,False,
38585,False,False,
38586,False,True,
38587,False,True,
38588,False,True,
38589,False,True,
38590,False,True,
38591,False,True,
38592,False,True,
38593,False,True,
38598,False,True,
38599,False,True,
38601,False,True,
38602,False,True,
38603,False,True,
38604,False,True,
38605,True,False,
38607,True,False,
38608,True,False,
38609,True,False,
38610,True,False,
38611,True,False,
38612,True,False,
38613,True,False,
38614,True,False,
38615,True,False,
38616,True,False,
38617,True,False,
38618,True,False,
38619,True,False,
38620,True,False,
38621,True,False,
38622,True,False,
38623,True,False,
38624,True,False,
38625,True,False,
38626,True,False,
38627,True,False,
38629,True,False,
38630,True,False,
38631,True,False,
38634,True,False,
38635,True,False,
38636,False,True,
38637,False,True,
38638,False,True,
38639,False,True,
38640,False,True,
38641,False,True,
38642,False,True,
38645,False,True,
38646,False,True,
38647,False,True,
38648,False,True,
38649,False,True,
38650,False,True,
38651,False,True,
38652,False,True,
38653,False,True,
38654,False,True,
38655,False,True,
38656,False,True,
38658,False,True,
38660,False,True,
38661,False,True,
38662,False,True,
38663,False,True,
38664,True,False,
38665,False,True,
38666,False,True,
38670,False,True,
38672,False,True,
38673,False,True,
38674,False,True,
38675,False,True,
38676,False,True,
38678,False,True,
38679,False,True,
38680,False,True,
38682,False,True,
38683,False,True,
38684,False,True,
38685,False,True,
38686,False,True,
38687,False,True,
38688,False,False,
38690,False,True,
38691,False,True,
38692,False,True,
38693,False,True,
38694,True,False,
38695,True,False,
38696,True,False,
38698,True,False,
38699,True,False,
38700,True,False,
38701,True,False,
38702,True,False,
38703,True,False,
38704,True,False,
38705,True,False,
38706,True,False,
38708,True,False,
38709,True,False,
38710,True,False,
38711,True,False,
38712,False,True,
38713,True,False,
38714,True,False,
38715,False,True,
38716,True,False,
38718,True,False,
38719,False,True,
38720,False,True,
38721,False,True,
38722,False,True,
38723,True,False,
38724,True,False,
38725,True,False,
38726,True,False,
38728,True,False,
38729,True,False,
38730,True,False,
38733,False,True,
38734,False,True,
38735,False,True,
38736,False,True,
38740,False,True,
38741,True,False,
38743,True,False,
38744,False,True,
38745,False,True,
38746,False,True,
38747,False,True,
38748,False,False,
38749,False,False,
38750,False,True,
38751,False,False,
38752,False,False,
38754,False,False,
38757,False,True,
38759,False,True,
38765,False,True,
38766,False,True,
38768,False,True,
38770,False,True,
38771,False,True,
38772,False,False,
38773,False,True,
38774,False,False,
38775,True,False,
38776,False,False,
38779,False,True,
38780,False,True,
38781,False,False,
38784,False,True,
38786,False,True,
38787,False,True,
38788,False,True,
38789,False,True,
38792,False,True,
38793,False,True,
38794,False,True,
38795,False,True,
38796,False,True,
38800,False,True,
38801,False,True,
38802,False,True,
38804,False,True,
38805,False,True,
38806,False,True,
38807,False,True,
38808,False,True,
38809,False,True,
38810,False,True,
38813,False,True,
38814,False,True,
38815,False,True,
38817,False,True,
38818,False,True,
38819,False,True,
38820,False,True,
38821,False,False,
38822,False,False,
38823,False,False,
38824,False,True,
38825,False,True,
38826,False,True,
38829,False,True,
38831,False,True,
38832,False,True,
38833,False,True,
38834,False,True,
38837,False,True,
38838,False,True,
38842,False,True,
38843,False,True,
38844,False,True,
38847,False,False,
38848,False,True,
38849,False,True,
38852,False,True,
38854,False,True,
38856,False,True,
38858,False,True,
38859,False,True,
38860,False,True,
38861,False,True,
38862,False,False,
38864,False,False,
38865,False,False,
38866,False,False,
38867,False,False,
38869,False,True,
38870,False,True,
38872,False,True,
38873,False,True,
38874,False,True,
38876,False,False,
38877,False,True,
38878,False,False,
38882,False,True,
38884,False,True,
38885,False,True,
38886,False,True,
38887,False,True,
38888,False,True,
38889,False,True,
38890,False,True,
38891,False,True,
38892,True,False,
38894,True,False,
38895,True,False,
38896,True,False,
38897,True,False,
38898,False,True,
38899,True,False,
38900,True,False,
38902,True,False,
38903,True,False,
38904,True,False,
38905,True,False,
38907,False,True,
38908,False,True,
38909,True,False,
38911,False,True,
38912,False,False,
38913,False,False,
38914,False,True,
38915,False,False,
38917,False,True,
38918,False,True,
38920,False,True,
38921,False,True,
38923,False,True,
38924,False,True,
38929,False,True,
38930,False,True,
38931,False,True,
38932,False,True,
38933,False,True,
38934,False,True,
38935,False,False,
38936,False,True,
38938,False,True,
38939,False,True,
38940,False,True,
38941,False,True,
38942,False,True,
38952,False,True,
38960,False,True,
38962,False,True,
38963,False,True,
38964,False,True,
38965,False,True,
38966,False,True,
38967,False,True,
38970,False,True,
38971,False,True,
38972,False,True,
38975,False,True,
38978,False,True,
38986,False,True,
38987,False,True,
38990,False,True,
38991,False,True,
39000,False,True,
39003,False,True,
39004,False,True,
39005,False,True,
39009,True,False,
39010,True,False,
39011,False,True,
39012,True,False,
39013,True,False,
39014,True,False,
39015,True,False,
39016,False,True,
39019,False,True,
39020,False,True,
39024,False,True,
39025,False,True,
39026,False,True,
39027,False,True,
39029,False,True,
39030,False,True,
39032,False,True,
39033,False,True,
39034,False,True,
39037,False,False,
39038,False,False,
39048,False,True,
39049,False,False,
39050,False,False,
39051,False,False,
39052,False,True,
39054,False,True,
39055,False,True,
39056,False,True,
39058,False,True,
39059,False,True,
39060,False,True,
39061,False,True,
39062,False,True,
39063,False,True,
39064,False,True,
39065,False,True,
39066,False,False,
39067,False,False,
39068,False,False,
39069,False,False,
39070,False,False,
39071,False,False,
39072,False,False,
39073,False,False,
39077,False,False,
39078,False,False,
39079,False,False,
39081,False,False,
39083,False,True,
39084,False,True,
39085,False,True,
39086,False,True,
39087,False,True,
39088,False,False,
39090,False,True,
39093,False,False,
39094,False,False,
39095,False,False,
39096,False,False,
39097,True,False,
39098,False,False,
39099,False,False,
39100,False,False,
39101,False,False,
39104,False,False,
39105,False,False,
39106,False,False,
39107,False,False,
39108,False,False,
39109,False,True,
39116,False,False,
39118,False,False,
39119,False,False,
39122,False,False,
39123,False,False,
39124,False,False,
39127,False,False,
39129,False,False,
39130,True,False,
39131,False,False,
39133,False,False,
39134,False,False,
39135,False,True,
39136,False,False,
39137,False,False,
39140,True,False,
39142,False,True,
39143,False,True,
39144,False,False,
39146,False,True,
39147,False,True,
39149,False,False,
39151,False,True,
39152,False,True,
39154,False,False,
39155,False,False,
39156,False,False,
39158,False,False,
39159,False,False,
39160,False,False,
39161,False,False,
39163,False,False,
39165,False,False,
39166,False,False,
39168,False,True,
39169,False,False,
39171,False,False,
39173,False,True,
39174,False,True,
39175,False,True,
39176,False,False,
39177,False,False,
39178,False,False,
39181,False,True,
39182,False,True,
39183,True,False,
39184,True,False,
39186,False,True,
39187,False,True,
39188,False,False,
39189,False,True,
39190,False,True,
39191,False,True,
39193,False,True,
39197,False,True,
39198,False,True,
39200,False,True,
39201,False,True,
39203,False,True,
39204,False,True,
39205,False,True,
39206,True,False,
39207,False,True,
39208,True,False,
39209,True,False,
39211,True,False,
39212,True,False,
39213,True,False,
39214,True,False,
39215,True,False,
39216,True,False,
39217,False,True,
39220,False,True,
39221,False,True,
39222,False,True,
39224,False,True,
39225,False,True,
39227,False,True,
39228,False,True,
39229,False,True,
39232,True,False,
39233,False,True,
39234,True,False,
39235,False,True,
39236,True,False,
39237,False,True,
39238,False,True,
39239,False,True,
39240,False,True,
39241,True,False,
39244,False,True,
39245,False,True,
39246,False,True,
39247,False,True,
39249,False,True,
39252,False,True,
39253,False,True,
39255,False,True,
39256,False,True,
39257,False,True,
39258,False,True,
39259,False,True,
39260,False,True,
39261,False,True,
39262,False,True,
39263,False,True,
39264,False,True,
39265,False,True,
39268,False,True,
39271,False,True,
39274,False,False,
39275,False,False,
39277,False,False,
39278,False,False,
39281,False,True,
39282,False,False,
39283,False,False,
39284,False,False,
39285,False,False,
39286,False,False,
39287,False,True,
39288,False,False,
39289,False,False,
39290,False,False,
39292,False,True,
39293,True,False,
39297,True,False,
39298,True,False,
39299,False,False,
39300,False,False,
39302,False,False,
39303,True,False,
39304,False,False,
39305,False,False,
39307,True,False,
39308,True,False,
39309,True,False,
39310,True,False,
39311,True,False,
39313,True,False,
39314,True,False,
39315,True,False,
39316,True,False,
39317,True,False,
39318,True,False,
39319,True,False,
39322,False,True,
39325,True,False,
39326,True,False,
39330,False,True,
39332,True,False,
39333,False,True,
39334,True,False,
39335,True,False,
39336,True,False,
39337,True,False,
39338,False,False,
39339,True,False,
39340,False,True,
39341,False,False,
39342,False,False,
39343,False,False,
39344,False,False,
39345,True,False,
39346,True,False,
39347,True,False,
39348,True,False,
39349,True,False,
39350,True,False,
39351,True,False,
39352,True,False,
39353,True,False,
39354,True,False,
39355,True,False,
39356,True,False,
39357,True,False,
39358,True,False,
39359,True,False,
39361,False,True,
39363,False,False,
39364,False,False,
39365,False,False,
39366,False,False,
39367,False,False,
39368,False,False,
39369,False,True,
39370,False,False,
39371,False,False,
39372,False,False,
39373,False,False,
39374,False,True,
39376,False,False,
39377,False,True,
39378,False,True,
39382,False,False,
39383,False,True,
39387,True,False,
39388,True,False,
39389,False,True,
39390,False,False,
39392,False,False,
39394,False,True,
39395,False,True,
39396,False,True,
39397,False,True,
39398,False,False,
39399,False,False,
39400,False,False,
39401,False,False,
39402,False,False,
39403,True,False,
39404,True,False,
39405,True,False,
39406,False,False,
39407,False,False,
39408,False,False,
39409,False,False,
39410,False,False,
39412,False,False,
39413,True,False,
39414,False,False,
39415,True,False,
39416,True,False,
39417,True,False,
39418,True,False,
39419,False,True,
39420,True,False,
39421,False,False,
39422,True,False,
39423,False,False,
39425,False,True,
39428,True,False,
39429,True,False,
39430,False,False,
39432,True,False,
39433,True,False,
39434,True,False,
39435,True,False,
39436,False,False,
39437,True,False,
39439,False,False,
39440,False,True,
39441,False,False,
39442,False,False,
39443,False,False,
39444,False,False,
39445,False,False,
39446,False,True,
39447,False,False,
39448,False,True,
39449,False,False,
39450,False,True,
39451,False,False,
39453,False,True,
39454,False,True,
39455,True,False,
39458,False,True,
39459,False,True,
39462,False,True,
39464,False,True,
39465,False,True,
39466,False,True,
39467,False,True,
39468,False,True,
39469,False,False,
39470,False,False,
39471,False,True,
39472,False,False,
39476,False,True,
39477,False,False,
39478,False,True,
39479,False,True,
39481,False,True,
39483,False,True,
39485,False,True,
39486,False,True,
39487,False,True,
39488,False,False,
39489,False,True,
39490,False,True,
39491,False,True,
39492,False,True,
39493,False,False,
39494,False,False,
39495,False,True,
39496,False,False,
39497,False,False,
39501,False,True,
39502,False,True,
39503,False,True,
39504,False,True,
39505,False,True,
39507,False,False,
39508,False,False,
39509,False,False,
39510,False,False,
39512,False,False,
39518,False,False,
39520,False,False,
39521,False,False,
39522,False,False,
39523,False,False,
39524,False,True,
39525,False,False,
39526,False,False,
39527,False,False,
39528,False,False,
39529,False,False,
39531,False,False,
39532,False,False,
39534,False,False,
39535,False,False,
39537,False,False,
39538,False,False,
39540,False,False,
39541,False,False,
39542,False,False,
39543,False,False,
39544,False,True,
39547,False,True,
39549,False,True,
39550,False,True,
39551,False,True,
39552,False,True,
39553,False,True,
39554,False,True,
39555,False,True,
39556,False,True,
39557,False,True,
39558,False,True,
39559,False,True,
39560,False,True,
39561,False,True,
39562,False,True,
39563,False,True,
39564,False,True,
39565,False,True,
39566,False,True,
39567,False,True,
39568,False,True,
39569,False,True,
39570,False,True,
39571,False,True,
39572,False,True,
39573,False,True,
39574,False,True,
39575,False,True,
39576,False,True,
39577,False,True,
39578,False,True,
39579,False,True,
39580,False,True,
39581,False,True,
39582,False,True,
39583,False,True,
39584,False,True,
39585,False,True,
39586,False,True,
39587,False,True,
39588,False,True,
39589,False,True,
39590,False,True,
39591,False,True,
39592,False,True,
39593,False,True,
39594,False,True,
39595,False,True,
39596,False,True,
39597,True,False,
39598,False,True,
39603,True,False,
39615,False,False,
39616,False,False,
39618,False,True,
39620,False,True,
39621,False,True,
39623,False,True,
39625,False,True,
39627,False,True,
39631,False,True,
39632,False,True,
39634,False,True,
39639,False,True,
39640,False,True,
39641,False,True,
39642,False,True,
39643,False,True,
39644,False,True,
39645,False,True,
39646,False,True,
39648,False,True,
39649,False,True,
39650,False,True,
39653,False,True,
39654,False,False,
39656,False,True,
39657,False,True,
39658,False,True,
39659,False,True,
39660,False,True,
39661,False,False,
39662,False,True,
39663,False,True,
39668,False,True,
39669,False,True,
39670,False,True,
39671,False,True,
39672,False,True,
39673,False,True,
39674,False,False,
39675,False,True,
39676,False,False,
39677,False,True,
39678,False,False,
39679,False,True,
39681,False,True,
39684,False,True,
39687,False,True,
39688,False,True,
39689,False,True,
39690,False,True,
39691,False,True,
39692,False,True,
39695,,True,
39696,False,True,
39697,False,True,
39698,False,True,
39699,False,True,
39700,False,True,
39701,False,True,
39702,False,False,
39703,False,False,
39704,False,True,
39705,False,True,
39706,False,True,
39707,False,True,
39709,False,True,
39710,False,True,
39711,False,True,
39712,False,True,
39714,False,True,
39718,False,True,
39721,False,True,
39722,False,True,
39725,False,True,
39726,False,True,
39727,False,True,
39728,False,True,
39729,False,True,
39730,False,True,
39731,False,True,
39732,False,True,
39735,False,True,
39736,False,True,
39737,False,True,
39738,False,True,
39740,False,True,
39741,False,False,
39742,False,True,
39743,False,True,
39748,False,True,
39749,False,False,
39750,False,True,
39751,False,True,
39752,False,True,
39754,False,True,
39756,False,True,
39757,,True,
39758,False,True,
39759,False,True,
39760,False,True,
39761,False,True,
39762,False,True,
39763,False,True,
39764,False,True,
39765,False,True,
39766,False,True,
39768,False,True,
39769,False,True,
39781,False,False,
39782,False,False,
39783,False,False,
39784,False,True,
39785,False,True,
39786,False,True,
39787,False,True,
39788,False,False,
39789,False,True,
39790,False,True,
39791,False,True,
39795,False,True,
39796,False,True,
39797,False,True,
39798,False,True,
39799,True,False,
39800,True,False,
39801,False,True,
39802,False,True,
39803,False,True,
39804,False,True,
39805,False,True,
39806,False,True,
39808,False,True,
39809,False,False,
39810,False,True,
39811,False,True,
39812,False,True,
39813,True,False,
39814,False,True,
39815,False,False,
39816,False,False,
39817,False,False,
39818,False,True,
39819,False,True,
39820,False,False,
39821,False,True,
39822,False,True,
39826,True,False,
39828,True,False,
39829,True,False,
39830,True,False,
39831,True,False,
39832,True,False,
39833,True,False,
39834,True,False,
39835,False,True,
39838,False,True,
39839,,True,
39840,,True,
39841,False,True,
39842,False,True,
39846,False,True,
39892,True,False,
39895,True,False,
39896,True,False,
39897,True,False,
39898,True,False,
39899,True,False,
39900,True,False,
39902,True,False,
39903,True,False,
39904,True,False,
39905,True,False,
39906,True,False,
39907,True,False,
39908,True,False,
39909,True,False,
39910,True,False,
39911,True,False,
39912,True,False,
39913,True,False,
39914,True,False,
39915,True,False,
39916,True,False,
39917,True,False,
39918,True,False,
39919,True,False,
39920,True,False,
39921,True,False,
39922,True,False,
39923,True,False,
39924,True,False,
39925,True,False,
39926,False,True,
39927,False,True,
39928,True,False,
39930,False,True,
39931,True,False,
39932,True,False,
39933,True,False,
39935,False,True,
39937,False,True,
39939,,True,
39940,False,True,
39944,False,True,
39945,False,True,
39947,False,True,
39948,False,True,
39950,False,True,
39951,False,True,
39952,False,True,
39953,False,True,
39954,False,True,
39955,False,True,
39956,False,True,
39957,False,True,
39958,False,True,
39959,False,True,
39960,False,True,
39961,False,True,
39962,False,True,
39963,False,True,
39964,False,True,
39965,False,True,
39967,False,True,
39968,False,True,
39969,False,True,
39970,False,True,
39971,False,True,
39972,False,True,
39974,False,True,
39975,False,True,
39976,False,True,
39977,False,True,
39978,False,True,
39979,False,True,
39980,False,True,
39981,False,True,
39982,False,True,
39983,False,True,
39984,False,True,
39985,False,True,
39986,False,True,
39987,False,True,
39988,False,True,
39989,False,True,
39990,False,True,
39991,False,True,
39992,False,True,
39993,False,True,
39994,False,True,
39995,False,True,
39996,False,True,
39997,False,True,
39998,False,True,
39999,False,True,
40001,False,True,
40002,False,True,
40003,False,True,
40004,False,True,
40005,False,True,
40006,False,True,
40007,False,True,
40008,False,True,
40009,False,True,
40010,False,True,
40011,False,True,
40012,False,True,
40013,False,True,
40014,False,True,
40016,False,True,
40017,False,True,
40018,False,True,
40019,False,True,
40022,False,True,
40023,False,True,
40024,False,True,
40025,False,True,
40026,False,True,
40027,False,True,
40029,False,True,
40030,False,True,
40031,False,True,
40032,False,True,
40033,False,True,
40034,False,True,
40035,False,True,
40036,False,True,
40037,False,True,
40038,False,True,
40039,False,True,
40040,False,True,
40041,False,True,
40044,False,True,
40045,False,True,
40046,False,True,
40047,False,True,
40048,False,True,
40050,False,True,
40051,False,True,
40052,False,True,
40053,False,True,
40054,False,True,
40055,False,True,
40056,False,True,
40062,False,True,
40072,False,True,
40074,,True,
40075,,True,
40076,,True,
40077,,True,
40078,False,True,
40079,,True,
40080,,True,
40081,,True,
40083,False,True,
40084,False,True,
40086,False,True,
40090,False,True,
40096,False,True,
40098,False,True,
40103,False,True,
40104,False,True,
40105,False,True,
40106,False,True,
40107,True,False,
40108,False,True,
40109,False,True,
40110,True,False,
40111,False,True,
40113,True,False,
40114,False,True,
40116,False,True,
40119,False,True,
40120,False,True,
40123,False,True,
40126,False,False,
40129,False,True,
40130,False,False,
40131,False,False,
40132,False,False,
40133,False,False,
40134,False,False,
40136,False,True,
40138,False,True,
40139,False,True,
40140,False,True,
40141,False,True,
40142,False,True,
40159,False,False,
40160,False,True,
40161,False,True,
40162,False,False,
40163,False,True,
40164,False,True,
40165,False,True,
40166,False,True,
40171,,True,
40173,,True,
40174,False,True,
40175,False,True,
40176,False,False,
40177,False,False,
40178,False,False,
40180,False,True,
40181,False,True,
40182,False,True,
40183,False,True,
40185,False,True,
40186,False,True,
40187,False,True,
40188,False,True,
40189,False,True,
40190,False,True,
40191,False,True,
40192,False,True,
40193,False,True,
40194,False,True,
40197,False,True,
40198,False,True,
40199,False,True,
40200,False,True,
40203,False,True,
40204,True,False,
40206,False,True,
40212,False,True,
40213,False,True,
40214,False,True,
40215,False,True,
40216,True,False,
40444,False,True,
40446,False,True,
40449,False,True,
40450,False,True,
40452,False,True,
40453,False,True,
40454,False,True,
40455,False,True,
40456,False,True,
40457,False,True,
40458,False,True,
40459,False,True,
40461,False,True,
40462,False,True,
40463,False,True,
40464,False,True,
40465,False,True,
40466,False,True,
40468,False,True,
40469,False,True,
40470,False,True,
40471,False,False,
40472,False,False,
40473,False,True,
40475,False,True,
40477,False,True,
40485,False,True,
40486,False,True,
40487,False,True,
40488,False,True,
40489,False,True,
40491,False,True,
40492,False,True,
40493,False,True,
40494,False,True,
40495,False,True,
40496,False,True,
40498,False,True,
40500,False,True,
40501,False,True,
40502,False,True,
40503,False,True,
40505,False,True,
40506,False,True,
40508,False,True,
40512,False,True,
40515,False,True,
40516,False,True,
40517,False,False,
40518,False,False,
40519,False,False,
40520,False,True,
40525,False,False,
40526,False,True,
40527,False,False,
40529,False,True,
40531,,True,
40533,,True,
40537,False,True,
40539,False,True,
40540,False,True,
40543,False,True,
40545,False,False,
40546,False,False,
40547,False,False,
40548,False,False,
40549,False,False,
40553,False,True,
40557,False,True,
40558,False,True,
40559,False,True,
40560,False,True,
40561,,True,
40563,False,True,
40565,,True,
40566,False,True,
40567,False,True,
40568,False,True,
40569,False,True,
40570,False,True,
40571,False,True,
40572,,True,
40573,False,True,
40574,,True,
40576,,True,
40577,,True,
40579,False,True,
40580,False,True,
40584,False,True,
40585,,True,
40586,False,True,
40587,False,False,
40588,False,False,
40589,False,True,
40590,False,True,
40595,False,True,
40596,False,True,
40598,False,True,
40600,False,True,
40601,False,True,
40603,False,False,
40604,False,True,
40607,False,True,
40608,False,True,
40610,False,True,
40614,,True,
40615,False,True,
40616,False,True,
40617,False,True,
40618,False,True,
40619,False,True,
40620,False,True,
40621,False,True,
40622,False,True,
40624,,True,
40625,False,True,
40629,False,True,
40630,False,True,
40632,False,True,
40634,False,True,
40635,False,True,
40638,False,True,
40639,False,True,
40640,False,True,
40647,False,True,
40648,False,True,
40649,False,True,
40650,False,True,
40651,False,True,
40652,False,True,
40653,False,False,
40654,False,False,
40655,False,True,
40658,False,True,
40660,False,True,
40662,False,True,
40663,False,True,
40664,False,True,
40665,False,False,
40666,False,True,
40667,False,True,
40669,False,True,
40670,False,True,
40671,False,True,
40672,False,True,
40674,False,True,
40675,False,True,
40676,False,True,
40680,False,True,
40683,False,False,
40684,False,True,
40687,False,True,
40688,False,True,
40689,False,True,
40690,False,True,
40691,False,True,
40692,False,True,
40693,False,True,
40694,False,True,
40695,False,True,
40696,False,True,
40697,False,True,
40698,False,True,
40699,False,True,
40700,False,True,
40701,False,True,
40704,False,True,
40705,False,True,
40706,False,True,
40707,False,True,
40708,False,False,
40709,False,True,
40711,False,False,
40712,False,True,
40713,False,True,
40714,False,True,
40715,False,True,
40718,False,True,
40719,False,True,
40720,False,True,
40722,False,False,
40723,False,True,
40724,False,True,
40725,True,False,
40726,True,False,
40728,False,True,
40729,False,True,
40730,False,True,
40731,False,True,
40732,True,False,
40734,False,True,
40735,False,True,
40736,False,True,
40738,False,True,
40739,True,False,
40743,False,False,
40744,False,False,
40745,False,True,
40746,False,True,
40747,False,True,
40748,False,True,
40749,False,True,
40750,False,True,
40751,False,True,
40752,False,True,
40753,False,True,
40754,False,True,
40755,False,True,
40756,False,True,
40757,False,True,
40759,False,True,
40760,False,True,
40761,False,True,
40762,False,True,
40763,False,True,
40764,False,True,
40765,False,True,
40766,False,True,
40767,False,True,
40768,False,True,
40769,False,True,
40770,False,True,
40771,False,True,
40772,False,True,
40773,False,True,
40774,False,True,
40775,False,True,
40776,False,True,
40777,False,True,
40778,False,True,
40779,False,True,
40780,False,True,
40781,False,True,
40782,False,True,
40783,False,True,
40784,False,True,
40785,False,True,
40786,False,True,
40787,False,True,
40788,False,True,
40789,False,True,
40790,False,True,
40791,False,True,
40792,False,True,
40793,False,True,
40794,False,True,
40795,False,True,
40796,False,True,
40797,False,True,
40798,False,True,
40799,False,True,
40802,False,True,
40803,False,True,
40804,False,True,
40805,False,True,
40806,False,True,
40807,False,True,
40809,False,True,
40811,False,True,
40813,False,True,
40814,False,True,
40818,False,True,
40819,False,True,
40820,False,True,
40821,False,True,
40824,False,True,
40825,False,True,
40827,False,True,
40828,False,True,
40829,False,True,
40831,,True,
40832,,True,
40833,,True,
40834,,True,
40835,False,True,
40836,,True,
40837,False,True,
40840,False,True,
40841,,True,
40842,,True,
40843,False,True,
40846,False,True,
40847,False,True,
40848,False,True,
40850,,True,
40851,False,True,
40852,,True,
40853,False,True,
40855,,True,
40856,,True,
40858,False,True,
40859,False,True,
40861,,True,
40862,False,True,
40867,,True,
40868,False,True,
40869,,True,
40870,,True,
40871,False,True,
40872,False,True,
40874,False,True,
40875,False,True,
40876,False,True,
40877,,True,
40879,,True,
40880,False,False,
40882,False,False,
40883,False,False,
40884,False,False,
40885,False,False,
40886,False,False,
40888,False,True,
40889,False,True,
40892,False,True,
40893,False,True,
40895,False,True,
40896,False,False,
40897,False,True,
40898,False,False,
40900,False,True,
40901,False,True,
40902,False,True,
40903,False,True,
40904,False,False,
40905,False,True,
40909,False,True,
40910,False,True,
40913,False,True,
40914,False,True,
40915,False,True,
40920,False,True,
40921,False,True,
40922,False,True,
40923,False,True,
40925,False,False,
40926,False,True,
40927,False,True,
40929,False,True,
40930,False,True,
40931,False,True,
40933,False,True,
40936,False,True,
40937,False,True,
40939,False,True,
40940,False,True,
40941,False,True,
40943,False,True,
40946,False,True,
40949,False,True,
40950,False,True,
40952,False,True,
40954,False,True,
40955,False,False,
40957,False,False,
40958,False,False,
40959,False,True,
40960,False,True,
40964,False,True,
40965,False,True,
40966,False,True,
40967,False,True,
40968,False,True,
40969,False,True,
40970,False,True,
40971,False,True,
40972,False,True,
40974,False,True,
40975,False,True,
40976,False,True,
40977,False,True,
40978,False,True,
40979,False,True,
40981,False,True,
40982,False,True,
40983,False,True,
40984,False,True,
40985,False,True,
40986,False,True,
40987,False,True,
40988,False,True,
40989,False,True,
40990,False,False,
40992,False,True,
40993,False,True,
40994,False,False,
40995,False,True,
40996,False,True,
40997,False,True,
40998,False,True,
41001,False,True,
41003,False,True,
41004,False,True,
41005,False,True,
41007,False,True,
41009,False,True,
41012,False,True,
41013,False,True,
41014,False,True,
41015,False,True,
41016,False,True,
41017,False,True,
41018,False,True,
41019,False,True,
41020,False,True,
41021,False,True,
41022,False,True,
41023,False,True,
41024,False,True,
41025,False,True,
41026,False,True,
41027,False,True,
41028,False,True,
41029,False,True,
41030,False,True,
41031,False,True,
41032,False,True,
41033,False,True,
41034,False,True,
41035,False,True,
41037,False,True,
41038,False,True,
41039,False,True,
41041,False,True,
41047,False,True,
41048,False,True,
41050,False,True,
41052,False,True,
41054,False,True,
41055,False,True,
41056,False,True,
41059,False,True,
41060,False,True,
41061,False,True,
41062,False,True,
41064,False,True,
41065,True,False,
41067,False,True,
41069,False,True,
41070,False,True,
41072,False,True,
41074,False,False,
41075,False,False,
41076,False,False,
41077,False,True,
41078,False,True,
41084,False,True,
41085,True,False,
41086,True,False,
41087,True,False,
41088,True,False,
41089,False,True,
41091,True,False,
41092,True,False,
41093,True,False,
41094,True,False,
41100,False,True,
41101,False,True,
41102,False,True,
41103,False,True,
41104,False,True,
41105,False,True,
41106,False,False,
41107,False,False,
41108,False,True,
41109,False,False,
41110,False,True,
41111,False,False,
41112,False,True,
41113,False,True,
41114,False,True,
41115,False,True,
41116,False,True,
41117,False,True,
41118,False,True,
41119,False,True,
41120,False,True,
41121,False,True,
41123,False,True,
41124,False,True,
41126,False,True,
41128,False,True,
41132,False,True,
41133,False,True,
41134,False,True,
41135,False,True,
41136,False,True,
41137,False,True,
41138,True,False,
41139,True,False,
41145,False,True,
41146,False,True,
41152,False,True,
41153,False,True,
41154,False,True,
41156,False,True,
41157,False,True,
41158,False,True,
41159,False,False,
41160,False,True,
41164,False,False,
41165,False,False,
41167,False,False,
41171,False,True,
41172,False,True,
41176,False,True,
41177,False,True,
41178,False,True,
41182,False,True,
41183,False,True,
41185,False,True,
41188,False,True,
41191,False,True,
41197,False,True,
41198,False,True,
41199,False,True,
41200,False,True,
41203,False,True,
41204,False,True,
41205,False,True,
41214,False,True,
41216,False,True,
41217,False,True,
41221,False,True,
41223,False,True,
41226,False,True,
41228,False,True,
41229,False,True,
41230,False,False,
41231,False,False,
41232,False,False,
41236,False,True,
41238,False,True,
41240,False,True,
41244,False,True,
41245,False,True,
41246,False,False,
41248,False,True,
41249,False,True,
41250,False,True,
41251,False,True,
41253,False,True,
41254,False,True,
41256,False,True,
41257,False,True,
41259,False,True,
41262,False,True,
41264,False,True,
41266,False,True,
41267,False,True,
41268,False,True,
41269,False,True,
41272,False,True,
41274,False,True,
41279,False,True,
41281,False,True,
41283,False,True,
41284,True,False,
41286,False,True,
41287,False,True,
41288,False,True,
41290,False,True,
41291,False,True,
41292,False,True,
41295,False,True,
41296,False,False,
41297,False,False,
41300,False,True,
41302,False,True,
41306,False,True,
41307,False,True,
41308,False,True,
41309,False,True,
41310,False,True,
41311,False,True,
41312,True,False,
41313,True,False,
41314,True,False,
41315,True,False,
41316,True,False,
41317,True,False,
41318,True,False,
41320,True,False,
41322,False,True,
41323,False,True,
41325,False,True,
41326,True,False,
41327,True,False,
41328,True,False,
41329,True,False,
41330,True,False,
41331,True,False,
41332,True,False,
41333,True,False,
41334,True,False,
41335,True,False,
41336,True,False,
41337,True,False,
41339,False,True,
41340,False,True,
41341,False,True,
41345,False,True,
41346,False,True,
41349,False,True,
41350,False,True,
41352,False,True,
41354,False,True,
41358,False,False,
41359,True,False,
41360,True,False,
41361,True,False,
41362,True,False,
41363,True,False,
41364,True,False,
41365,True,False,
41366,True,False,
41370,False,True,
41372,False,True,
41373,False,True,
41375,False,True,
41376,False,True,
41378,False,True,
41379,False,False,
41380,False,False,
41381,False,True,
41382,False,False,
41383,False,True,
41384,False,True,
41387,False,True,
41388,False,True,
41389,False,True,
41390,False,True,
41391,False,True,
41392,False,True,
41393,False,True,
41397,False,True,
41400,False,True,
41401,False,False,
41402,False,False,
41403,False,False,
41404,False,True,
41407,False,True,
41408,False,True,
41410,False,True,
41412,False,True,
41413,False,True,
41414,False,True,
41415,False,True,
41417,False,True,
41418,False,True,
41419,False,True,
41421,False,False,
41422,False,False,
41424,False,True,
41425,True,False,
41426,False,True,
41428,False,True,
41429,False,True,
41430,False,True,
41431,False,True,
41432,False,True,
41433,False,True,
41434,False,True,
41435,False,True,
41436,False,True,
41437,False,True,
41438,False,True,
41439,False,True,
41440,False,True,
41441,False,True,
41442,False,True,
41443,False,False,
41444,False,False,
41445,False,False,
41446,False,False,
41447,True,False,
41448,False,True,
41450,False,True,
41451,False,True,
41452,False,True,
41453,False,True,
41454,False,True,
41455,False,True,
41456,False,True,
41457,False,True,
41458,False,True,
41460,False,True,
41461,False,True,
41462,False,True,
41463,True,False,
41464,False,True,
41472,False,True,
41477,False,True,
41479,False,True,
41480,False,True,
41481,False,True,
41482,False,True,
41483,False,True,
41484,False,True,
41485,False,True,
41486,False,True,
41487,False,True,
41488,False,True,
41490,False,True,
41491,False,False,
41492,False,True,
41493,False,True,
41494,False,True,
41495,False,True,
41496,False,True,
41497,False,True,
41501,False,True,
41502,False,True,
41509,False,True,
41510,False,False,
41512,False,False,
41513,False,True,
41514,False,True,
41515,False,True,
41516,False,True,
41517,False,True,
41519,False,True,
41520,False,True,
41522,False,True,
41523,False,True,
41525,False,True,
41526,False,True,
41527,False,True,
41528,False,True,
41532,False,True,
41533,False,True,
41536,False,True,
41538,False,True,
41539,False,True,
41540,False,True,
41541,False,True,
41543,False,True,
41544,False,True,
41545,False,True,
41546,False,True,
41547,False,True,
41548,False,True,
41550,False,True,
41552,False,True,
41553,False,True,
41555,False,True,
41556,False,False,
41557,False,False,
41558,False,False,
41559,False,True,
41560,False,True,
41563,False,False,
41564,False,False,
41565,False,True,
41567,False,True,
41568,False,True,
41569,False,True,
41570,False,True,
41571,False,True,
41572,False,True,
41573,False,True,
41575,False,True,
41576,False,True,
41578,True,False,
41579,False,True,
41580,False,True,
41581,False,True,
41583,False,True,
41584,False,True,
41585,False,True,
41587,False,True,
41589,False,False,
41590,False,False,
41591,False,False,
41592,False,False,
41593,False,False,
41594,False,True,
41595,False,True,
41596,False,True,
41597,False,True,
41598,False,True,
41600,False,True,
41603,False,True,
41604,False,True,
41606,False,True,
41607,False,True,
41609,False,True,
41610,False,True,
41611,False,True,
41612,False,True,
41613,False,True,
41614,False,True,
41615,False,True,
41616,False,True,
41617,False,True,
41618,False,True,
41619,False,True,
41620,False,True,
41621,False,True,
41623,False,True,
41624,False,True,
41625,False,True,
41626,False,True,
41628,False,True,
41633,False,True,
41634,False,True,
41635,False,True,
41636,False,True,
41637,False,True,
41638,False,True,
41639,False,True,
41640,False,True,
41641,False,True,
41642,False,True,
41643,False,True,
41644,False,True,
41645,False,True,
41646,False,True,
41647,False,True,
41648,False,True,
41650,False,True,
41651,False,True,
41652,False,True,
41654,False,True,
41655,False,True,
41656,False,True,
41657,False,True,
41659,False,True,
41660,False,True,
41661,False,True,
41662,False,True,
41663,False,True,
41664,False,True,
41665,False,True,
41666,False,True,
41667,False,True,
41668,False,True,
41669,False,True,
41670,False,True,
41671,False,True,
41672,False,True,
41673,False,True,
41674,False,True,
41675,False,True,
41676,False,True,
41677,False,True,
41678,False,True,
41679,False,True,
41680,False,True,
41681,False,True,
41682,False,True,
41683,False,True,
41684,False,True,
41685,False,True,
41686,False,True,
41687,False,True,
41688,False,True,
41689,False,True,
41690,True,False,
41691,False,True,
41692,False,True,
41693,False,True,
41695,False,True,
41696,False,True,
41697,False,True,
41698,False,True,
41699,False,True,
41700,False,True,
41701,False,True,
41702,False,True,
41703,False,True,
41704,False,True,
41705,False,True,
41706,False,True,
41707,False,True,
41708,False,True,
41709,False,True,
41710,False,True,
41711,False,True,
41712,False,True,
41713,False,True,
41714,False,True,
41715,False,True,
41716,False,True,
41717,False,True,
41718,False,True,
41719,False,True,
41720,False,True,
41721,False,True,
41722,False,True,
41723,False,True,
41724,False,True,
41725,False,True,
41727,False,True,
41728,False,True,
41729,False,True,
41730,False,True,
41731,False,True,
41732,False,True,
41734,False,True,
41735,False,True,
41736,False,True,
41737,False,True,
41738,False,True,
41739,False,True,
41740,False,True,
41741,False,True,
41742,False,True,
41743,False,True,
41744,False,True,
41745,False,True,
41746,False,True,
41747,False,True,
41748,False,True,
41749,False,True,
41750,False,True,
41751,False,True,
41752,False,True,
41754,False,True,
41755,False,True,
41756,False,True,
41757,False,True,
41758,False,True,
41759,False,True,
41761,False,True,
41763,False,False,
41764,False,False,
41765,False,False,
41770,False,True,
41771,False,True,
41772,False,True,
41774,False,True,
41778,False,True,
41780,False,True,
41781,False,True,
41782,False,False,
41785,False,True,
41788,False,False,
41789,False,False,
41790,False,False,
41791,False,False,
41798,False,True,
41799,False,False,
41801,False,True,
41803,False,False,
41810,False,False,
41815,False,False,
41817,False,False,
41820,False,False,
41821,False,True,
41822,False,True,
41824,False,True,
41826,False,False,
41828,False,True,
41829,False,True,
41830,False,True,
41831,False,True,
41832,False,True,
41834,False,False,
41835,False,False,
41836,False,False,
41837,False,True,
41840,False,True,
41841,False,True,
41843,False,True,
41845,False,False,
41846,False,False,
41847,False,False,
41848,False,False,
41849,False,False,
41850,False,False,
41851,False,False,
41853,False,False,
41854,False,False,
41856,False,True,
41857,False,True,
41858,False,True,
41859,False,True,
41860,False,True,
41861,False,True,
41862,False,True,
41864,False,False,
41865,False,False,
41866,False,True,
41867,False,True,
41868,False,True,
41870,False,False,
41871,False,False,
41872,False,False,
41873,False,False,
41874,False,False,
41875,False,False,
41876,False,True,
41877,False,False,
41883,True,False,
41884,False,True,
41886,False,True,
41887,False,True,
41890,False,False,
41891,False,True,
41892,False,True,
41893,False,True,
41895,False,False,
41896,False,False,
41897,False,True,
41898,False,True,
41899,False,True,
41903,False,False,
41904,False,False,
41906,False,False,
41907,False,True,
41908,False,True,
41909,False,True,
41910,False,True,
41911,True,False,
41912,True,False,
41913,True,False,
41914,True,False,
41915,True,False,
41916,True,False,
41918,True,False,
41919,True,False,
41920,False,True,
41924,False,True,
41926,False,True,
41927,False,True,
41928,True,False,
41929,True,False,
41930,True,False,
41931,False,True,
41932,False,True,
41933,True,False,
41934,True,False,
41935,True,False,
41936,True,False,
41937,True,False,
41938,True,False,
41939,False,True,
41940,False,True,
41941,False,True,
41942,False,True,
41943,True,False,
41944,True,False,
41945,True,False,
41946,True,False,
41947,True,False,
41948,True,False,
41949,False,True,
41950,False,True,
41951,False,True,
41952,False,True,
41953,False,True,
41954,False,True,
41955,False,True,
41956,False,True,
41957,False,True,
41958,False,True,
41959,False,True,
41961,False,True,
41966,False,True,
41968,False,True,
41971,False,True,
41973,False,False,
41975,False,True,
41976,False,False,
41981,False,True,
41986,False,False,
41988,False,True,
41992,False,True,
41993,False,True,
41995,False,True,
41996,False,True,
41997,False,True,
41998,False,True,
41999,True,False,
42000,False,True,
42001,False,True,
42002,False,True,
42003,False,False,
42004,False,False,
42005,False,True,
42006,False,False,
42007,False,True,
42008,False,True,
42010,False,True,
42013,False,True,
42015,False,True,
42016,False,True,
42017,False,True,
42018,False,True,
42019,False,True,
42021,False,True,
42022,False,True,
42023,False,True,
42024,False,True,
42026,False,True,
42027,False,True,
42031,False,True,
42032,False,True,
42038,False,True,
42040,False,True,
42041,False,True,
42042,False,True,
42043,False,True,
42044,False,True,
42045,False,True,
42046,False,True,
42047,False,True,
42048,False,True,
42049,False,True,
42050,False,True,
42051,False,True,
42052,False,True,
42053,False,True,
42062,True,False,
42075,False,False,
42076,False,False,
42077,False,False,
42078,False,False,
42079,False,True,
42080,False,True,
42084,False,True,
42085,False,True,
42086,False,True,
42087,False,True,
42088,False,True,
42089,False,True,
42090,False,True,
42091,False,True,
42092,False,True,
42093,False,True,
42094,False,True,
42095,False,True,
42096,True,False,
42097,False,True,
42098,False,True,
42099,False,True,
42100,False,True,
42101,False,True,
42105,False,True,
42108,False,True,
42109,False,True,
42110,False,True,
42111,False,True,
42112,False,True,
42113,False,True,
42115,False,True,
42118,False,True,
42119,False,False,
42120,False,True,
42121,True,False,
42122,False,True,
42123,False,True,
42124,False,True,
42125,False,True,
42126,False,True,
42127,False,True,
42128,False,True,
42129,False,True,
42131,False,True,
42132,False,False,
42133,False,True,
42137,False,True,
42139,False,True,
42140,False,True,
42141,False,True,
42143,False,True,
42145,False,True,
42146,True,False,
42147,False,True,
42148,False,True,
42149,False,True,
42150,False,True,
42152,False,True,
42153,True,False,
42156,False,True,
42157,False,True,
42158,False,True,
42159,False,True,
42161,False,True,
42162,False,False,
42163,False,False,
42167,False,True,
42168,False,True,
42169,False,True,
42170,False,True,
42175,False,True,
42177,False,True,
42178,False,True,
42184,False,True,
42185,False,True,
42186,False,True,
42190,False,True,
42191,False,True,
42192,False,True,
42193,False,True,
42194,False,True,
42195,False,True,
42196,False,True,
42197,False,True,
42198,False,True,
42199,False,True,
42200,False,True,
42201,False,True,
42202,False,True,
42203,True,False,
42205,False,True,
42206,True,False,
42207,True,False,
42208,True,False,
42209,False,True,
42210,True,False,
42211,False,True,
42212,False,True,
42213,False,True,
42214,True,False,
42215,True,False,
42216,True,False,
42217,True,False,
42220,False,True,
42221,False,True,
42223,False,True,
42225,False,True,
42227,False,True,
42229,False,True,
42230,False,True,
42231,False,True,
42235,False,True,
42236,False,True,
42237,False,True,
42239,True,False,
42240,False,True,
42242,False,True,
42243,True,False,
42244,True,False,
42245,True,False,
42246,True,False,
42247,True,False,
42248,True,False,
42249,True,False,
42250,True,False,
42251,False,True,
42252,False,True,
42253,False,True,
42254,False,True,
42255,True,False,
42256,True,False,
42257,True,False,
42258,False,True,
42259,True,False,
42260,False,True,
42261,False,True,
42262,False,True,
42263,True,False,
42264,True,False,
42265,False,True,
42266,False,True,
42267,False,True,
42268,True,False,
42269,True,False,
42270,False,True,
42278,False,True,
42279,False,True,
42281,False,True,
42282,False,True,
42285,False,False,
42286,False,False,
42287,,True,
42290,False,True,
42291,False,True,
42292,False,False,
42294,,True,
42295,,True,
42296,False,False,
42297,False,False,
42298,False,False,
42299,False,False,
42300,False,False,
42301,False,False,
42302,False,True,
42303,False,False,
42304,False,False,
42305,False,False,
42309,False,False,
42311,False,True,
42312,False,True,
42313,False,True,
42314,False,True,
42315,False,True,
42316,False,True,
42318,False,True,
42319,False,True,
42320,False,True,
42321,False,True,
42323,False,True,
42324,False,False,
42325,False,True,
42326,False,True,
42328,False,True,
42329,False,True,
42330,False,False,
42331,False,True,
42332,False,True,
42333,False,True,
42334,False,True,
42335,False,True,
42339,False,True,
42340,False,True,
42344,False,True,
42346,False,True,
42347,False,True,
42348,False,True,
42349,False,True,
42375,False,True,
42376,False,True,
42378,False,True,
42379,False,True,
42381,False,True,
42382,False,True,
42383,False,True,
42384,False,True,
42387,False,True,
42388,False,True,
42390,False,True,
42392,False,False,
42394,False,True,
42395,False,True,
42396,False,True,
42397,False,True,
42398,False,True,
42405,,True,
42406,False,True,
42408,False,True,
42409,,True,
42411,,True,
42412,,True,
42413,False,True,
42414,,True,
42415,,True,
42417,False,True,
42418,False,True,
42428,False,True,
42429,False,True,
42430,,True,
42431,,True,
42437,False,True,
42438,False,True,
42439,False,True,
42440,False,True,
42441,False,True,
42442,False,True,
42443,False,True,
42444,False,True,
42447,False,True,
42448,False,True,
42450,False,False,
42451,False,True,
42452,False,True,
42453,False,True,
42454,,True,
42455,False,True,
42456,False,True,
42457,False,True,
42458,False,True,
42460,False,True,
42461,False,True,
42462,False,True,
42463,False,True,
42464,False,True,
42465,False,True,
42466,False,True,
42467,False,True,
42468,False,True,
42469,False,True,
42470,False,True,
42471,False,True,
42472,False,True,
42473,False,True,
42474,False,True,
42475,False,True,
42476,False,True,
42478,,True,
42479,,True,
42480,,True,
42481,True,False,
42483,,True,
42484,False,True,
42485,,True,
42486,,True,
42488,False,True,
42489,,True,
42490,False,True,
42491,,True,
42492,False,True,
42493,False,True,
42494,False,True,
42495,False,True,
42496,False,True,
42497,,True,
42498,,True,
42500,False,True,
42501,,True,
42502,,True,
42503,,True,
42504,,True,
42505,False,True,
42506,,True,
42507,,True,
42508,,True,
42511,,True,
42512,False,True,
42513,,True,
42514,,True,
42515,,True,
42516,,True,
42517,,True,
42518,,True,
42519,,True,
42520,,True,
42522,False,True,
42523,,True,
42524,,True,
42526,False,True,
42527,False,True,
42528,False,True,
42529,False,True,
42531,False,True,
42532,,True,
42533,False,True,
42534,,True,
42535,,True,
42536,,True,
42537,,True,
42538,,True,
42539,False,True,
42540,False,True,
42541,,True,
42542,,True,
42543,False,True,
42544,False,True,
42545,False,True,
42547,,True,
42548,False,True,
42550,False,True,
42551,False,True,
42553,,True,
42554,False,True,
42555,,True,
42556,,True,
42557,,True,
42562,False,False,
42564,False,False,
42565,False,True,
42566,False,True,
42567,False,False,
42568,False,False,
42569,False,False,
42570,False,False,
42571,,True,
42572,False,True,
42573,True,False,
42574,True,False,
42575,True,False,
42576,True,False,
42577,True,False,
42578,True,False,
42579,True,False,
42580,True,False,
42581,False,True,
42676,False,True,
42677,False,True,
42679,False,True,
42680,False,True,
42681,False,True,
42682,False,True,
42683,False,True,
42684,False,True,
42685,False,True,
42687,False,True,
42688,False,True,
42689,False,True,
42690,False,True,
42691,False,True,
42692,False,True,
42693,False,True,
42694,False,True,
42695,False,True,
42696,False,True,
42697,False,True,
42699,False,True,
42700,False,True,
42702,False,True,
42703,False,True,
42705,True,False,
42706,True,False,
42707,True,False,
42710,True,False,
42711,True,False,
42712,True,False,
42713,True,False,
42714,True,False,
42715,True,False,
42716,True,False,
42717,True,False,
42718,True,False,
42719,True,False,
42721,True,False,
42722,True,False,
42723,True,False,
42724,True,False,
42725,True,False,
42726,True,False,
42727,True,False,
42728,True,False,
42730,True,False,
42731,True,False,
42732,True,False,
42741,False,True,
42746,True,False,
42756,False,True,
42757,False,True,
42760,True,False,
42761,False,True,
42762,False,True,
42763,True,False,
42764,True,False,
42766,True,False,
42767,True,False,
42768,False,True,
42769,True,False,
42770,True,False,
42772,False,True,
42773,False,True,
42775,False,True,
42777,False,True,
42778,False,True,
42779,False,True,
42780,False,True,
42781,False,True,
42783,False,True,
42784,False,True,
42786,False,True,
42787,False,True,
42788,False,True,
42790,False,True,
42793,False,True,
42794,False,False,
42795,False,True,
42796,False,True,
42797,False,True,
42798,False,True,
42799,False,True,
42801,False,True,
42802,False,True,
42803,False,True,
42804,False,True,
42805,False,True,
42808,False,True,
42812,False,True,
42814,False,True,
42815,False,True,
42816,False,True,
42817,False,True,
42818,False,True,
42823,False,True,
42824,False,True,
42825,False,True,
42826,False,True,
42827,False,True,
42828,False,True,
42829,False,True,
42830,False,True,
42831,False,True,
42836,False,True,
42840,False,False,
42841,False,True,
42842,False,False,
42845,False,True,
42847,False,True,
42848,False,True,
42849,False,True,
42850,False,True,
42851,False,True,
42853,False,False,
42854,False,False,
42856,False,True,
42857,False,True,
42858,False,True,
42860,False,True,
42861,False,True,
42866,,True,
42867,False,True,
42868,False,True,
42870,False,True,
42872,False,True,
42873,False,True,
42875,False,True,
42877,False,True,
42878,False,True,
42879,False,True,
42880,False,True,
42881,False,True,
42882,False,False,
42885,False,True,
42886,False,False,
42887,False,False,
42889,False,True,
42890,False,True,
42892,False,True,
42893,False,True,
42894,False,True,
42895,False,True,
42896,False,True,
42897,False,True,
42898,False,True,
42901,,True,
42903,False,True,
42906,,True,
42908,,True,
42909,,True,
42910,,True,
42911,,True,
42912,,True,
42913,,True,
42914,,True,
42915,,True,
42916,,True,
42917,,True,
42918,,True,
42919,,True,
42920,,True,
42922,False,True,
42924,,True,
42925,False,True,
42926,,True,
42927,False,True,
42928,,True,
42929,False,True,
42930,,True,
42931,False,True,
42932,,True,
42933,False,True,
42934,,True,
42935,False,True,
42936,,True,
42937,False,True,
42938,,True,
42939,False,True,
42940,,True,
42941,False,True,
42942,,True,
42943,False,True,
42944,,True,
42945,False,True,
42946,,True,
42947,,True,
42950,False,True,
42951,False,True,
42952,False,False,
42953,False,False,
42955,False,False,
42956,False,False,
42958,False,True,
42963,False,True,
42965,False,True,
42966,False,True,
42967,False,True,
42968,False,True,
42970,False,True,
42971,False,True,
42972,False,True,
42973,False,True,
42976,False,True,
42978,False,True,
42979,False,True,
42980,False,True,
42981,False,True,
42983,False,True,
42984,False,True,
42985,False,True,
42986,False,True,
42987,False,True,
42988,False,True,
42989,False,True,
42990,False,True,
42991,False,True,
42992,False,True,
42993,False,True,
42994,False,True,
42995,False,True,
42996,False,True,
42997,False,True,
42998,False,True,
42999,False,True,
43000,False,True,
43001,False,True,
43002,False,True,
43003,False,True,
43004,False,True,
43005,False,True,
43006,False,True,
43007,False,True,
43008,False,True,
43009,False,True,
43010,False,True,
43011,False,True,
43012,False,True,
43013,False,True,
43014,False,True,
43015,False,True,
43016,False,True,
43017,False,True,
43018,False,True,
43019,False,True,
43020,False,True,
43021,False,True,
43022,False,True,
43024,False,True,
43025,False,True,
43026,False,True,
43027,False,True,
43028,False,True,
43029,False,True,
43030,False,True,
43031,False,True,
43032,False,True,
43033,False,True,
43034,False,True,
43035,False,True,
43036,False,True,
43038,False,True,
43039,False,True,
43040,False,True,
43041,False,True,
43042,False,True,
43043,False,True,
43044,False,True,
43045,False,True,
43046,False,True,
43047,False,True,
43049,False,True,
43050,False,True,
43051,False,True,
43052,False,True,
43053,False,True,
43054,False,True,
43055,False,True,
43056,False,True,
43057,False,True,
43058,False,True,
43059,False,True,
43060,False,True,
43061,False,True,
43062,False,True,
43063,False,True,
43064,False,True,
43065,False,True,
43066,False,True,
43067,False,True,
43068,False,True,
43069,False,True,
43071,False,False,
43073,False,False,
43074,False,False,
43075,False,True,
43077,False,True,
43081,False,True,
43082,False,True,
43083,False,False,
43084,False,False,
43085,False,True,
43086,False,False,
43087,False,True,
43091,False,True,
43094,False,True,
43095,False,True,
43096,False,True,
43097,False,True,
43098,False,True,
43100,False,True,
43101,False,True,
43102,False,True,
43103,False,True,
43104,False,True,
43105,False,False,
43106,False,True,
43107,False,True,
43108,False,True,
43109,False,True,
43110,False,True,
43111,False,True,
43112,False,False,
43113,False,True,
43114,False,True,
43115,False,True,
43116,False,True,
43118,False,True,
43119,False,True,
43120,False,True,
43121,False,True,
43123,False,True,
43124,False,True,
43125,False,True,
43126,False,True,
43127,False,True,
43128,False,True,
43129,False,True,
43130,False,True,
43131,False,False,
43135,False,True,
43136,False,True,
43137,False,True,
43139,False,True,
43140,False,True,
43141,False,True,
43142,False,True,
43145,False,True,
43146,False,True,
43147,False,True,
43148,False,True,
43149,False,True,
43150,False,True,
43153,False,True,
43154,False,True,
43159,False,True,
43160,False,True,
43161,False,True,
43162,False,True,
43163,False,True,
43164,False,True,
43165,False,True,
43166,False,True,
43167,False,True,
43168,False,True,
43169,False,True,
43175,False,True,
43176,False,True,
43177,False,True,
43178,False,True,
43181,False,True,
43182,False,True,
43183,False,True,
43184,False,True,
43185,False,True,
43186,False,True,
43187,False,True,
43189,False,True,
43193,False,True,
43194,False,True,
43196,False,True,
43197,False,True,
43198,False,True,
43199,False,True,
43200,False,True,
43203,False,True,
43204,False,True,
43205,False,True,
43206,False,True,
43207,False,True,
43209,False,True,
43215,False,True,
43216,False,True,
43219,False,True,
43220,False,True,
43222,False,False,
43223,False,False,
43224,False,False,
43225,False,False,
43226,False,False,
43227,False,False,
43229,False,False,
43230,False,False,
43231,False,False,
43232,False,False,
43233,False,True,
43234,False,False,
43235,False,False,
43236,False,False,
43237,False,False,
43238,False,False,
43239,False,False,
43240,False,True,
43241,False,True,
43242,False,False,
43243,False,False,
43246,False,False,
43247,False,True,
43255,False,False,
43256,False,False,
43257,False,False,
43258,False,False,
43259,False,False,
43267,False,True,
43270,False,False,
43271,False,False,
43272,False,False,
43274,False,False,
43275,False,False,
43276,False,False,
43279,False,True,
43280,False,True,
43281,False,True,
43283,False,True,
43284,True,False,
43285,True,False,
43286,True,False,
43287,True,False,
43288,False,True,
43289,False,True,
43290,False,True,
43291,False,True,
43292,True,False,
43293,True,False,
43294,True,False,
43295,False,True,
43296,True,False,
43297,False,True,
43298,False,True,
43299,False,True,
43300,False,True,
43301,False,True,
43304,True,False,
43305,True,False,
43307,True,False,
43308,True,False,
43310,True,False,
43311,True,False,
43312,False,True,
43313,True,False,
43314,True,False,
43319,True,False,
43320,True,False,
43321,True,False,
43322,True,False,
43323,True,False,
43324,False,True,
43325,False,True,
43326,False,True,
43327,False,True,
43328,True,False,
43329,True,False,
43330,True,False,
43331,True,False,
43332,False,True,
43333,False,True,
43334,False,True,
43335,True,False,
43336,True,False,
43337,True,False,
43338,True,False,
43339,True,False,
43340,True,False,
43341,False,True,
43342,True,False,
43343,True,False,
43344,True,False,
43346,False,True,
43347,False,True,
43348,False,True,
43349,True,False,
43350,True,False,
43351,False,False,
43352,True,False,
43353,True,False,
43354,False,True,
43355,False,True,
43359,False,True,
43360,False,False,
43361,False,True,
43362,False,True,
43363,False,False,
43365,False,False,
43366,False,False,
43367,False,False,
43368,False,True,
43369,True,False,
43373,False,True,
43375,False,True,
43376,False,True,
43377,True,False,
43378,True,False,
43379,True,False,
43380,True,False,
43381,True,False,
43382,True,False,
43384,True,False,
43386,False,True,
43387,False,True,
43388,False,True,
43389,False,True,
43390,False,True,
43391,False,True,
43392,False,True,
43393,False,True,
43394,False,True,
43395,False,True,
43396,False,True,
43398,False,True,
43399,False,True,
43400,False,True,
43401,False,True,
43402,False,True,
43403,False,True,
43404,False,True,
43405,False,True,
43406,False,True,
43407,False,True,
43408,False,True,
43409,False,True,
43410,False,True,
43411,False,True,
43412,False,True,
43413,False,True,
43414,False,True,
43415,False,True,
43416,False,True,
43417,False,True,
43418,False,True,
43419,False,True,
43420,False,True,
43423,False,True,
43424,False,True,
43425,False,True,
43426,False,True,
43427,False,True,
43428,False,True,
43429,False,True,
43430,False,True,
43431,False,True,
43432,False,True,
43433,False,True,
43434,False,True,
43435,False,True,
43436,False,True,
43437,False,True,
43438,False,True,
43439,False,True,
43447,False,True,
43448,False,True,
43449,False,True,
43450,False,True,
43451,True,False,
43452,False,True,
43453,True,False,
43454,True,False,
43455,True,False,
43456,True,False,
43457,True,False,
43464,True,False,
43465,True,False,
43466,True,False,
43467,False,True,
43468,False,True,
43469,True,False,
43470,True,False,
43471,False,False,
43473,False,False,
43474,False,False,
43475,False,False,
43476,True,False,
43477,True,False,
43478,True,False,
43482,True,False,
43484,False,True,
43486,False,True,
43487,False,False,
43488,False,True,
43490,False,True,
43492,False,True,
43493,False,True,
43494,False,True,
43495,False,True,
43496,False,True,
43497,False,True,
43498,False,True,
43499,False,True,
43500,False,True,
43501,False,True,
43502,False,True,
43503,False,True,
43504,False,True,
43505,False,True,
43506,False,True,
43507,False,True,
43508,False,True,
43509,False,True,
43510,False,True,
43511,False,True,
43512,False,True,
43513,False,True,
43514,False,True,
43515,False,True,
43516,False,True,
43517,False,True,
43518,False,True,
43519,False,True,
43520,False,True,
43522,False,True,
43528,True,False,
43530,True,False,
43531,False,True,
43532,False,True,
43533,False,True,
43534,False,True,
43536,False,True,
43537,False,True,
43542,True,False,
43543,True,False,
43544,True,False,
43545,True,False,
43546,True,False,
43547,True,False,
43548,True,False,
43549,True,False,
43550,True,False,
43551,False,True,
43552,False,True,
43554,False,True,
43555,False,True,
43556,False,True,
43558,False,True,
43560,False,True,
43561,True,False,
43562,False,False,
43563,False,True,
43564,False,False,
43565,False,False,
43568,True,False,
43569,True,False,
43570,False,False,
43571,True,False,
43572,False,True,
43574,True,False,
43575,False,False,
43576,True,False,
43577,True,False,
43580,True,False,
43581,True,False,
43582,True,False,
43583,True,False,
43584,True,False,
43585,True,False,
43586,True,False,
43587,False,True,
43588,False,True,
43589,True,False,
43590,True,False,
43591,True,False,
43595,True,False,
43596,False,False,
43597,False,True,
43598,True,False,
43599,False,True,
43600,True,False,
43603,True,False,
43604,False,True,
43608,False,True,
43609,False,False,
43610,False,False,
43611,False,False,
43612,False,True,
43613,False,True,
43615,False,True,
43616,False,True,
43617,False,True,
43618,False,True,
43619,False,True,
43620,False,True,
43621,False,True,
43622,False,True,
43623,False,True,
43624,False,True,
43625,False,False,
43626,False,True,
43627,False,True,
43628,False,True,
43629,False,True,
43630,False,False,
43631,False,True,
43633,False,True,
43634,False,True,
43636,False,True,
43637,False,True,
43638,False,True,
43639,False,False,
43640,False,True,
43641,False,True,
43642,False,True,
43643,False,True,
43644,False,True,
43645,True,False,
43646,True,False,
43647,True,False,
43648,True,False,
43649,True,False,
43650,True,False,
43652,False,True,
43654,False,True,
43656,False,True,
43660,False,True,
43662,False,False,
43663,False,False,
43664,False,True,
43665,False,True,
43666,False,True,
43667,False,True,
43668,False,True,
43669,False,True,
43670,False,True,
43671,False,True,
43672,False,True,
43673,False,True,
43674,False,True,
43675,False,True,
43676,False,True,
43677,True,False,
43678,False,True,
43680,False,True,
43683,True,False,
43684,True,False,
43685,True,False,
43686,True,False,
43687,True,False,
43688,False,False,
43689,True,False,
43690,True,False,
43691,True,False,
43692,True,False,
43693,True,False,
43694,True,False,
43695,True,False,
43696,False,True,
43697,False,True,
43699,False,True,
43700,False,True,
43701,False,False,
43702,False,True,
43703,False,True,
43704,False,True,
43705,False,True,
43706,False,False,
43707,False,False,
43713,False,True,
43714,False,True,
43715,False,False,
43716,False,False,
43717,False,False,
43718,False,False,
43719,False,False,
43720,False,False,
43721,False,False,
43722,False,False,
43723,False,False,
43724,False,False,
43725,False,False,
43726,False,False,
43727,False,False,
43728,False,False,
43729,False,False,
43730,False,True,
43731,False,False,
43732,False,False,
43733,False,False,
43734,False,False,
43735,False,False,
43736,False,False,
43737,False,False,
43738,False,False,
43739,False,False,
43740,False,False,
43741,False,False,
43742,False,False,
43743,False,False,
43744,False,False,
43745,False,False,
43746,False,False,
43747,False,False,
43749,False,True,
43750,False,False,
43751,False,True,
43752,False,False,
43753,False,True,
43754,False,True,
43755,False,True,
43756,False,True,
43757,False,True,
43758,False,True,
43760,False,True,
43761,False,True,
43762,False,True,
43763,False,True,
43764,False,True,
43765,False,True,
43766,False,True,
43767,False,False,
43768,False,False,
43769,False,False,
43770,False,False,
43771,False,False,
43774,False,False,
43776,False,False,
43777,False,True,
43782,False,False,
43783,False,False,
43784,False,True,
43787,False,True,
43788,False,True,
43789,False,True,
43790,False,False,
43791,False,False,
43792,False,False,
43793,False,False,
43794,False,False,
43795,False,True,
43796,False,False,
43798,False,True,
43799,False,False,
43802,False,False,
43803,False,False,
43804,False,True,
43805,False,False,
43806,False,False,
43807,False,False,
43808,False,True,
43809,False,False,
43810,False,True,
43811,False,False,
43812,False,False,
43813,False,False,
43814,False,False,
43815,False,False,
43816,False,True,
43818,False,False,
43819,False,False,
43824,True,False,
43825,True,False,
43826,True,False,
43827,True,False,
43828,True,False,
43829,False,True,
43830,False,True,
43831,False,True,
43834,False,True,
43835,False,True,
43837,False,True,
43838,False,True,
43839,False,True,
43840,False,True,
43841,False,True,
43842,False,True,
43843,True,False,
43844,True,False,
43845,True,False,
43847,True,False,
43851,False,True,
43852,False,True,
43855,False,True,
43860,False,True,
43861,False,True,
43864,False,True,
43865,False,True,
43866,False,True,
43868,False,True,
43869,False,True,
43870,False,True,
43871,False,True,
43872,True,False,
43873,True,False,
43874,True,False,
43875,False,True,
43876,False,True,
43877,False,True,
43878,False,False,
43879,True,False,
43880,False,True,
43881,False,False,
43882,True,False,
43883,False,True,
43884,True,False,
43886,False,False,
43887,False,False,
43888,False,True,
43900,False,True,
43908,False,True,
43909,False,True,
43910,False,True,
43913,False,True,
43937,False,True,
43938,False,True,
43943,False,False,
43944,False,True,
43945,False,True,
43946,False,True,
43947,False,True,
43948,False,True,
43949,False,True,
43950,False,True,
43951,False,True,
43952,False,True,
43953,False,True,
43954,False,True,
43955,False,True,
43956,False,True,
43957,False,True,
43958,False,True,
43959,False,True,
43960,False,True,
43961,False,True,
43962,False,True,
43963,False,True,
43965,False,True,
43966,False,True,
43967,False,True,
43969,False,True,
43970,False,True,
43971,False,True,
43972,False,True,
43973,False,True,
43974,False,False,
43975,False,True,
43977,False,True,
43978,False,True,
43982,False,True,
43986,False,True,
43987,False,True,
43988,False,True,
43989,False,True,
43990,False,True,
43991,False,True,
43992,False,True,
43993,,True,
43994,,True,
43995,False,True,
43996,,True,
43997,,True,
43998,True,False,
43999,True,False,
44002,False,True,
44003,False,True,
44004,False,True,
44005,False,True,
44007,False,True,
44009,False,False,
44011,False,False,
44012,False,False,
44014,False,False,
44015,False,True,
44017,False,False,
44019,False,False,
44020,False,False,
44021,False,False,
44022,False,False,
44023,False,False,
44024,False,False,
44025,False,True,
44026,False,False,
44027,False,True,
44029,False,True,
44030,False,False,
44031,False,False,
44032,False,True,
44033,False,False,
44034,False,True,
44035,False,True,
44036,False,False,
44039,False,False,
44040,False,False,
44041,False,False,
44042,False,False,
44043,False,False,
44044,False,False,
44045,False,False,
44046,False,False,
44049,False,True,
44051,False,False,
44052,False,False,
44055,True,False,
44056,True,False,
44057,True,False,
44058,True,False,
44059,True,False,
44060,True,False,
44062,False,False,
44063,False,True,
44064,False,True,
44066,False,True,
44067,False,True,
44069,False,True,
44070,False,True,
44071,False,True,
44072,False,True,
44073,False,True,
44074,False,True,
44075,False,True,
44076,False,True,
44078,False,True,
44082,False,True,
44083,False,True,
44084,False,True,
44085,False,True,
44086,False,True,
44087,False,True,
44089,False,True,
44090,False,True,
44091,False,True,
44092,False,True,
44095,False,True,
44096,False,True,
44097,False,True,
44100,False,True,
44102,False,True,
44103,False,True,
44104,False,True,
44105,False,True,
44106,False,True,
44107,True,False,
44108,False,True,
44110,False,True,
44112,False,True,
44116,False,True,
44119,True,False,
44120,True,False,
44121,False,True,
44122,False,True,
44123,False,True,
44124,True,False,
44125,True,False,
44128,False,True,
44131,False,True,
44133,True,False,
44135,False,True,
44136,True,False,
44138,False,True,
44140,False,False,
44143,False,True,
44144,False,True,
44145,False,True,
44146,False,True,
44147,False,True,
44148,False,True,
44149,False,True,
44150,False,True,
44151,False,True,
44152,False,True,
44153,False,True,
44154,False,True,
44157,False,True,
44158,False,True,
44159,False,True,
44160,False,True,
44161,False,True,
44162,False,True,
44163,False,True,
44164,False,True,
44165,False,True,
44166,False,True,
44167,False,True,
44171,False,True,
44172,False,True,
44175,False,True,
44176,False,False,
44177,False,False,
44178,False,False,
44179,False,False,
44182,False,True,
44183,False,True,
44184,True,False,
44187,False,True,
44188,False,True,
44189,True,False,
44190,True,False,
44191,False,True,
44192,False,True,
44194,True,False,
44195,True,False,
44197,False,True,
44198,False,True,
44200,False,True,
44201,False,True,
44204,False,True,
44206,True,False,
44207,False,True,
44208,True,False,
44209,False,False,
44210,True,False,
44211,False,True,
44212,True,False,
44215,False,True,
44216,False,True,
44217,False,True,
44219,False,True,
44221,False,True,
44223,False,True,
44225,False,True,
44227,False,True,
44228,False,True,
44229,False,True,
44231,False,True,
44232,False,True,
44233,False,True,
44234,False,True,
44237,False,True,
44239,False,True,
44240,False,True,
44241,False,True,
44244,False,False,
44245,False,False,
44247,False,False,
44248,False,True,
44249,False,True,
44250,False,False,
44251,False,True,
44252,False,True,
44254,False,True,
44255,False,False,
44256,False,False,
44257,False,False,
44258,False,False,
44259,False,False,
44260,False,False,
44261,False,False,
44262,False,False,
44263,False,False,
44264,False,False,
44265,True,False,
44267,True,False,
44268,False,False,
44269,False,False,
44270,False,False,
44271,False,False,
44272,True,False,
44275,False,True,
44276,True,False,
44277,True,False,
44278,True,False,
44279,,True,
44280,False,True,
44284,False,True,
44285,False,True,
44286,False,True,
44287,False,True,
44288,False,True,
44290,True,False,
44291,True,False,
44292,True,False,
44293,True,False,
44294,True,False,
44295,True,False,
44296,True,False,
44297,False,True,
44299,False,True,
44302,False,True,
44304,True,False,
44311,False,True,
44314,False,True,
44316,False,True,
44317,False,True,
44318,False,True,
44319,False,True,
44320,False,True,
44321,False,True,
44322,False,True,
44323,False,True,
44324,False,True,
44325,False,True,
44332,False,False,
44334,True,False,
44337,False,True,
44338,False,True,
44340,False,True,
44341,False,True,
44342,False,True,
44344,False,True,
44345,False,True,
44348,False,True,
44350,False,True,
44351,False,True,
44352,False,True,
44353,False,True,
44355,False,True,
44357,False,True,
44358,False,True,
44359,False,True,
44360,False,True,
44361,False,True,
44362,False,True,
44363,False,True,
44364,False,True,
44367,False,False,
44368,False,False,
44369,False,True,
44370,False,True,
44371,False,True,
44372,False,True,
44378,False,True,
44379,False,True,
44381,False,True,
44382,False,True,
44384,False,True,
44385,False,True,
44387,False,True,
44388,False,True,
44389,False,True,
44390,False,True,
44393,False,True,
44394,False,True,
44395,False,True,
44396,False,True,
44397,False,True,
44399,False,True,
44400,False,True,
44401,False,True,
44402,False,True,
44404,False,True,
44405,False,True,
44406,False,True,
44407,False,True,
44409,False,True,
44410,False,True,
44411,False,True,
44412,False,True,
44413,False,True,
44414,False,True,
44415,False,True,
44416,False,True,
44417,False,True,
44418,False,True,
44419,False,True,
44420,False,True,
44421,False,True,
44422,False,True,
44423,False,True,
44424,False,True,
44425,False,True,
44426,False,True,
44427,False,True,
44429,False,True,
44430,False,True,
44431,False,True,
44432,False,True,
44433,False,True,
44434,False,True,
44435,False,True,
44436,False,True,
44437,False,True,
44438,False,True,
44439,False,True,
44441,False,True,
44442,False,True,
44443,False,True,
44445,False,True,
44446,False,True,
44447,False,True,
44448,False,True,
44449,False,True,
44450,False,True,
44451,False,True,
44452,False,True,
44453,False,True,
44454,False,True,
44455,False,True,
44456,False,True,
44457,False,True,
44458,False,True,
44459,False,True,
44460,False,True,
44461,False,True,
44462,False,True,
44463,False,True,
44464,False,True,
44466,False,True,
44467,False,True,
44469,False,True,
44470,False,True,
44471,False,True,
44472,False,True,
44473,False,True,
44474,False,True,
44475,False,True,
44476,False,True,
44477,False,True,
44478,False,True,
44479,False,True,
44480,False,True,
44481,False,True,
44482,False,True,
44483,False,True,
44484,False,True,
44485,False,True,
44486,False,True,
44487,False,True,
44488,False,True,
44489,False,True,
44490,False,True,
44491,False,True,
44492,False,True,
44493,False,True,
44494,False,True,
44495,False,True,
44496,False,True,
44498,False,True,
44499,False,True,
44500,False,True,
44501,False,True,
44502,False,True,
44503,False,True,
44504,False,True,
44505,False,True,
44506,False,True,
44507,False,True,
44508,False,True,
44510,False,True,
44512,False,True,
44513,False,True,
44514,True,False,
44516,False,True,
44517,False,True,
44518,False,True,
44519,False,True,
44520,False,True,
44521,False,True,
44522,False,True,
44523,False,True,
44524,False,True,
44525,True,False,
44526,True,False,
44527,True,False,
44528,True,False,
44529,False,True,
44530,True,False,
44531,True,False,
44532,True,False,
44533,True,False,
44534,True,False,
44535,False,True,
44537,False,True,
44538,False,True,
44539,False,True,
44540,False,True,
44541,False,True,
44542,True,False,
44543,True,False,
44544,True,False,
44545,True,False,
44546,True,False,
44547,False,True,
44548,False,True,
44549,False,True,
44550,False,True,
44552,False,True,
44553,False,True,
44554,False,True,
44555,False,True,
44556,False,True,
44557,False,True,
44558,False,True,
44559,False,True,
44560,False,True,
44561,False,True,
44562,False,True,
44563,False,True,
44564,False,True,
44565,False,True,
44566,False,True,
44567,False,True,
44568,False,True,
44570,False,True,
44571,False,True,
44572,False,True,
44573,False,True,
44574,False,True,
44575,False,True,
44576,False,True,
44577,False,True,
44578,False,True,
44579,False,True,
44581,False,True,
44582,False,True,
44583,False,True,
44584,False,True,
44585,False,True,
44586,False,True,
44587,False,True,
44588,False,True,
44589,False,True,
44590,False,True,
44591,False,True,
44592,False,True,
44593,False,True,
44594,False,True,
44595,False,True,
44596,False,True,
44597,False,True,
44598,False,False,
44599,False,False,
44600,False,True,
44603,False,False,
44604,False,False,
44605,False,False,
44606,False,True,
44607,False,True,
44608,True,False,
44609,False,True,
44610,True,False,
44611,False,True,
44612,False,True,
44614,False,True,
44616,False,True,
44617,False,True,
44618,False,True,
44620,False,True,
44621,False,True,
44622,False,True,
44623,False,True,
44624,False,True,
44625,False,True,
44626,False,True,
44627,False,True,
44629,False,True,
44630,False,True,
44633,True,False,
44634,True,False,
44635,False,True,
44636,False,True,
44637,False,True,
44638,False,True,
44639,False,True,
44640,False,True,
44641,False,True,
44642,False,False,
44643,False,False,
44644,False,True,
44645,True,False,
44646,False,True,
44647,False,True,
44648,False,True,
44649,False,True,
44650,False,True,
44651,False,True,
44652,False,True,
44653,False,True,
44654,False,True,
44655,False,True,
44656,False,True,
44657,False,True,
44658,False,True,
44659,False,True,
44660,False,True,
44661,False,True,
44662,False,True,
44664,True,False,
44665,True,False,
44666,True,False,
44667,True,False,
44668,True,False,
44670,False,False,
44671,False,False,
44672,False,False,
44674,False,False,
44676,False,False,
44677,True,False,
44678,False,False,
44679,True,False,
44680,True,False,
44681,True,False,
44682,True,False,
44683,True,False,
44684,True,False,
44685,True,False,
44686,True,False,
44687,True,False,
44688,False,False,
44689,False,False,
44690,False,False,
44691,False,False,
44693,False,False,
44694,True,False,
44695,True,False,
44696,False,True,
44699,False,True,
44700,True,False,
44701,True,False,
44702,True,False,
44703,True,False,
44704,True,False,
44705,True,False,
44709,False,True,
44712,False,True,
44713,True,False,
44714,True,False,
44715,False,True,
44716,False,True,
44717,True,False,
44718,False,False,
44719,False,True,
44721,False,True,
44722,False,False,
44725,False,True,
44726,True,False,
44727,True,False,
44728,True,False,
44729,True,False,
44730,False,True,
44731,True,False,
44732,True,False,
44733,True,False,
44734,True,False,
44735,True,False,
44736,False,True,
44739,False,False,
44743,False,True,
44745,False,True,
44746,False,True,
44747,False,True,
44748,False,True,
44749,False,True,
44750,True,False,
44751,True,False,
44755,False,True,
44756,False,True,
44757,False,True,
44759,False,True,
44760,False,True,
44761,False,True,
44762,False,True,
44763,False,True,
44764,False,True,
44765,False,False,
44766,False,True,
44767,False,True,
44768,False,True,
44771,False,True,
44772,False,True,
44773,False,True,
44774,False,True,
44775,False,False,
44776,False,True,
44777,False,True,
44778,False,True,
44779,False,True,
44780,False,True,
44781,False,True,
44782,True,False,
44783,True,False,
44784,True,False,
44786,False,True,
44788,False,True,
44789,False,True,
44791,False,True,
44792,False,True,
44793,False,True,
44797,True,False,
44806,False,True,
44807,False,True,
44809,False,True,
44811,False,True,
44813,False,True,
44814,False,True,
44815,False,True,
44816,False,True,
44817,True,False,
44818,True,False,
44819,True,False,
44820,True,False,
44821,True,False,
44824,True,False,
44825,False,True,
44826,False,True,
44827,True,False,
44828,True,False,
44829,True,False,
44830,True,False,
44831,True,False,
44832,True,False,
44833,True,False,
44834,True,False,
44835,True,False,
44836,True,False,
44838,True,False,
44839,True,False,
44840,True,False,
44841,False,True,
44842,False,True,
44843,True,False,
44844,False,False,
44845,False,False,
44847,False,False,
44851,False,False,
44852,False,False,
44854,False,False,
44855,False,False,
44856,True,False,
44857,False,True,
44858,True,False,
44859,True,False,
44860,True,False,
44861,True,False,
44862,True,False,
44863,True,False,
44864,True,False,
44865,True,False,
44866,True,False,
44867,True,False,
44868,True,False,
44869,True,False,
44870,True,False,
44871,True,False,
44872,True,False,
44873,True,False,
44874,True,False,
44875,True,False,
44876,True,False,
44877,True,False,
44878,True,False,
44879,False,True,
44880,False,True,
44881,True,False,
44882,True,False,
44883,True,False,
44884,True,False,
44885,True,False,
44886,True,False,
44887,True,False,
44888,True,False,
44890,False,True,
44891,True,False,
44898,False,True,
44899,False,True,
44900,False,True,
44901,False,True,
44905,False,True,
44908,False,True,
44910,False,True,
44911,False,True,
44912,False,True,
44913,False,True,
44915,True,False,
44921,False,True,
44923,False,True,
44924,False,True,
44925,False,True,
44926,False,True,
44927,False,True,
44928,False,True,
44929,False,True,
44930,False,True,
44935,False,True,
44936,True,False,
44937,True,False,
44938,True,False,
44939,False,True,
44941,False,True,
44942,False,True,
44943,True,False,
44944,False,True,
44945,True,False,
44946,True,False,
44947,True,False,
44949,False,True,
44950,True,False,
44953,True,False,
44955,True,False,
44956,True,False,
44957,True,False,
44958,True,False,
44959,True,False,
44960,False,True,
44961,True,False,
44962,False,True,
44963,False,True,
44964,False,True,
44965,False,True,
44966,False,True,
44967,False,True,
44968,False,True,
44969,False,True,
44970,False,True,
44971,False,True,
44972,False,True,
44973,False,True,
44974,False,True,
44975,False,True,
44976,False,True,
44977,False,True,
44978,False,True,
44981,True,False,
44982,True,False,
44983,True,False,
44984,True,False,
44985,True,False,
44986,True,False,
44987,True,False,
44988,True,False,
44989,True,False,
44990,True,False,
44991,True,False,
44992,True,False,
44993,True,False,
44994,True,False,
44995,True,False,
44996,True,False,
44997,True,False,
44998,True,False,
45000,True,False,
45001,True,False,
45002,True,False,
45003,True,False,
45004,True,False,
45005,True,False,
45006,True,False,
45007,True,False,
45008,True,False,
45009,True,False,
45010,True,False,
45011,True,False,
45012,True,False,
45013,True,False,
45015,True,False,
45016,False,True,
45017,False,True,
45018,False,True,
45019,False,True,
45020,False,True,
45024,True,False,
45027,True,False,
45028,True,False,
45029,True,False,
45030,True,False,
45031,True,False,
45032,True,False,
45033,True,False,
45036,True,False,
45038,False,True,
45039,True,False,
45041,True,False,
45042,True,False,
45043,True,False,
45044,True,False,
45045,True,False,
45046,True,False,
45050,False,True,
45051,False,True,
45052,False,True,
45053,True,False,
45054,True,False,
45055,True,False,
45056,True,False,
45057,False,True,
45058,False,True,
45059,False,True,
45060,False,True,
45061,False,True,
45062,False,True,
45063,False,True,
45064,False,True,
45065,False,True,
45066,False,True,
45067,False,True,
45069,False,True,
45070,False,True,
45071,False,True,
45072,False,True,
45073,False,False,
45074,False,True,
45075,False,False,
45076,False,True,
45077,False,True,
45078,False,False,
45079,False,True,
45080,False,True,
45083,False,True,
45084,False,True,
45085,False,True,
45086,False,True,
45087,False,True,
45088,False,True,
45089,True,False,
45091,False,True,
45092,False,True,
45093,False,True,
45094,False,True,
45095,False,True,
45096,False,True,
45097,False,True,
45098,False,True,
45099,False,True,
45100,False,True,
45101,False,True,
45102,False,True,
45103,False,True,
45104,False,True,
45105,False,True,
45106,False,True,
45107,False,True,
45108,False,True,
45109,False,True,
45110,False,True,
45111,False,True,
45112,False,True,
45113,False,True,
45114,False,True,
45115,False,True,
45116,False,True,
45118,False,True,
45119,False,True,
45120,False,True,
45123,False,True,
45124,False,True,
45125,False,True,
45126,False,True,
45127,False,True,
45128,False,True,
45130,False,True,
45131,False,True,
45132,False,True,
45133,False,True,
45134,False,True,
45137,False,True,
45138,False,True,
45139,False,True,
45140,False,True,
45141,False,True,
45142,False,True,
45143,False,True,
45144,False,True,
45145,False,True,
45146,False,True,
45147,False,True,
45150,False,True,
45151,False,True,
45152,False,True,
45153,False,True,
45154,False,True,
45155,False,True,
45156,False,True,
45157,False,True,
45158,False,True,
45159,False,True,
45160,False,True,
45161,False,True,
45162,False,True,
45163,False,True,
45164,False,True,
45165,False,True,
45166,False,True,
45167,False,True,
45168,False,True,
45169,False,True,
45171,False,True,
45172,False,True,
45173,False,True,
45174,False,True,
45175,False,True,
45176,False,True,
45177,False,True,
45178,False,True,
45179,False,True,
45180,False,True,
45181,False,True,
45182,False,True,
45183,False,True,
45184,False,True,
45185,False,True,
45186,False,True,
45187,False,True,
45188,False,True,
45189,False,True,
45190,False,True,
45191,False,True,
45192,False,True,
45194,False,True,
45195,False,True,
45196,False,True,
45197,False,True,
45198,False,True,
45199,False,True,
45200,False,True,
45201,False,True,
45202,False,True,
45203,True,False,
45204,False,True,
45205,False,False,
45206,False,True,
45207,False,True,
45208,False,True,
45209,True,False,
45210,False,True,
45211,False,True,
45212,False,True,
45213,False,True,
45214,False,True,
45219,False,True,
45221,False,True,
45222,False,True,
45223,False,True,
45224,False,True,
45225,False,True,
45226,False,True,
45227,False,True,
45228,False,True,
45229,False,True,
45230,False,True,
45231,False,True,
45232,False,True,
45233,False,True,
45234,False,True,
45236,False,True,
45237,False,True,
45238,False,True,
45239,False,True,
45240,False,True,
45241,False,True,
45242,False,True,
45243,False,True,
45245,False,False,
45247,False,False,
45252,False,True,
45253,False,True,
45254,False,True,
45255,False,True,
45256,False,True,
45257,False,True,
45258,False,True,
45260,False,True,
45261,False,True,
45262,False,True,
45263,False,True,
45264,False,True,
45265,False,True,
45267,False,True,
45268,False,True,
45269,False,True,
45272,False,True,
45274,False,True,
45276,False,True,
45277,False,True,
45279,False,True,
45281,False,True,
45282,False,True,
45283,False,True,
45285,False,True,
45287,False,True,
45291,False,True,
45292,False,True,
45293,False,False,
45294,False,True,
45295,True,False,
45296,False,True,
45297,False,False,
45298,False,False,
45299,False,True,
45300,False,True,
45301,False,True,
45302,False,True,
45303,False,False,
45304,False,False,
45307,False,False,
45308,False,True,
45309,False,True,
45310,False,False,
45311,False,False,
45312,False,False,
45313,False,False,
45315,False,False,
45316,False,False,
45317,False,False,
45318,False,False,
45319,False,False,
45320,False,False,
45322,False,False,
45325,False,False,
45326,False,False,
45327,False,False,
45328,False,False,
45329,False,False,
45330,False,False,
45331,False,False,
45333,False,False,
45334,False,False,
45335,False,True,
45336,False,False,
45337,False,False,
45338,False,False,
45343,False,True,
45344,False,True,
45346,False,False,
45347,False,True,
45348,False,False,
45349,False,False,
45350,False,False,
45351,False,False,
45352,False,False,
45355,False,False,
45356,False,False,
45357,False,False,
45358,True,False,
45359,False,False,
45361,False,False,
45363,False,True,
45364,True,False,
45365,False,True,
45368,True,False,
45371,False,True,
45372,False,True,
45373,False,True,
45374,False,True,
45375,False,True,
45376,False,True,
45377,False,True,
45378,False,True,
45380,False,True,
45384,False,True,
45385,False,True,
45386,False,True,
45388,False,True,
45389,False,True,
45392,False,True,
45393,False,True,
45395,False,False,
45396,False,False,
45397,False,False,
45398,False,False,
45399,False,False,
45400,True,False,
45401,True,False,
45402,False,False,
45403,True,False,
45404,False,True,
45405,True,False,
45406,True,False,
45407,False,False,
45409,False,False,
45410,False,True,
45411,True,False,
45412,True,False,
45413,True,False,
45415,True,False,
45417,True,False,
45418,True,False,
45419,True,False,
45421,True,False,
45422,True,False,
45423,True,False,
45424,True,False,
45425,True,False,
45426,True,False,
45427,True,False,
45428,True,False,
45429,True,False,
45430,True,False,
45431,True,False,
45432,True,False,
45433,True,False,
45434,True,False,
45435,True,False,
45436,True,False,
45437,False,True,
45438,True,False,
45439,True,False,
45440,True,False,
45442,True,False,
45443,True,False,
45451,True,False,
45452,True,False,
45453,True,False,
45454,True,False,
45455,True,False,
45456,True,False,
45457,True,False,
45459,False,True,
45460,False,True,
45461,False,True,
45463,True,False,
45464,True,False,
45465,True,False,
45466,True,False,
45467,True,False,
45468,True,False,
45469,True,False,
45470,True,False,
45471,True,False,
45472,True,False,
45473,True,False,
45474,True,False,
45475,False,True,
45477,False,True,
45478,False,True,
45479,False,True,
45480,True,False,
45481,True,False,
45482,True,False,
45483,False,True,
45484,True,False,
45485,False,True,
45486,False,True,
45487,False,True,
45488,False,True,
45489,False,True,
45490,False,True,
45491,False,True,
45492,False,True,
45493,False,True,
45494,False,True,
45495,False,True,
45497,False,True,
45498,False,True,
45501,False,True,
45502,False,True,
45503,False,True,
45504,False,True,
45508,False,True,
45509,False,True,
45510,False,True,
45511,True,False,
45512,True,False,
45513,True,False,
45514,True,False,
45515,True,False,
45516,True,False,
45517,True,False,
45518,True,False,
45519,True,False,
45520,True,False,
45521,True,False,
45522,True,False,
45523,True,False,
45524,True,False,
45525,True,False,
45526,True,False,
45528,True,False,
45530,True,False,
45531,True,False,
45532,True,False,
45533,False,True,
45536,True,False,
45537,True,False,
45538,True,False,
45539,True,False,
45540,True,False,
45541,True,False,
45542,True,False,
45543,True,False,
45544,True,False,
45545,True,False,
45546,True,False,
45547,True,False,
45548,False,True,
45549,True,False,
45551,True,False,
45552,True,False,
45553,True,False,
45554,True,False,
45555,True,False,
45556,True,False,
45557,True,False,
45558,True,False,
45560,False,True,
45562,False,True,
45564,False,True,
45565,False,True,
45567,False,True,
45568,False,True,
45569,False,True,
45570,False,True,
45571,False,True,
45572,False,True,
45573,False,True,
45574,False,False,
45575,False,False,
45578,False,True,
45579,False,True,
45580,False,True,
45581,False,True,
45582,False,True,
45583,False,False,
45584,False,True,
45585,False,True,
45586,False,True,
45587,False,True,
45592,False,True,
45593,True,False,
45594,True,False,
45595,True,False,
45596,True,False,
45597,True,False,
45598,True,False,
45599,True,False,
45600,True,False,
45601,True,False,
45602,True,False,
45603,True,False,
45604,True,False,
45605,True,False,
45606,False,True,
45608,False,True,
45609,True,False,
45610,True,False,
45612,True,False,
45613,True,False,
45616,False,False,
45617,False,False,
45618,False,False,
45619,False,False,
45620,False,False,
45622,False,False,
45623,False,True,
45626,False,True,
45627,False,True,
45629,False,True,
45630,False,True,
45634,False,True,
45635,False,False,
45636,False,False,
45637,False,False,
45638,False,True,
45640,False,True,
45641,False,False,
45642,False,False,
45643,False,False,
45646,False,True,
45647,False,True,
45648,False,True,
45649,False,True,
45651,False,True,
45652,False,False,
45653,False,False,
45654,False,False,
45655,False,False,
45656,False,True,
45658,False,True,
45659,False,False,
45663,False,False,
45664,False,True,
45665,False,True,
45668,False,True,
45669,False,False,
45670,,,
45671,False,False,
45672,,,
45673,,,
45674,,,
45675,,,
45676,,,
45677,,,
45678,,,
45680,,,
45681,,,
45684,False,True,
45686,,,
45687,,,
45689,,,
45691,False,False,
45692,False,False,
45693,False,False,
45694,False,True,
45695,False,False,
45696,False,False,
45697,False,True,
45698,False,False,
45699,False,True,
45700,False,True,
45701,True,False,
45702,True,False,
45703,True,False,
45704,True,False,
45705,False,True,
45707,True,False,
45708,True,False,
45709,True,False,
45710,True,False,
45712,True,False,
45715,True,False,
45716,True,False,
45717,True,False,
45718,True,False,
45719,False,True,
45720,False,True,
45721,True,False,
45722,True,False,
45723,True,False,
45724,True,False,
45725,True,False,
45726,True,False,
45727,True,False,
45735,True,False,
45736,True,False,
45738,True,False,
45739,True,False,
45740,True,False,
45741,True,False,
45743,True,False,
45748,True,False,
45749,True,False,
45750,True,False,
45751,True,False,
45752,True,False,
45753,True,False,
45754,True,False,
45758,False,True,
45774,True,False,
45776,True,False,
45777,True,False,
45778,True,False,
45779,True,False,
45780,True,False,
45789,True,False,
45790,True,False,
45791,True,False,
45792,True,False,
45793,True,False,
45794,True,False,
45795,True,False,
45796,True,False,
45797,True,False,
45798,True,False,
45799,True,False,
45800,True,False,
45801,True,False,
45802,True,False,
45803,True,False,
45804,True,False,
45805,True,False,
45806,True,False,
45807,True,False,
45808,True,False,
45809,True,False,
45811,False,True,
45814,False,True,
45816,True,False,
45817,True,False,
45818,False,True,
45820,False,True,
45821,True,False,
45822,True,False,
45823,False,False,
45824,True,False,
45825,True,False,
45826,True,False,
45828,True,False,
45829,True,False,
45830,True,False,
45831,True,False,
45832,True,False,
45833,True,False,
45835,True,False,
45836,True,False,
45837,True,False,
45838,True,False,
45839,True,False,
45840,True,False,
45842,True,False,
45843,True,False,
45844,True,False,
45845,True,False,
45846,True,False,
45848,True,False,
45849,True,False,
45850,True,False,
45851,False,False,
45852,True,False,
45854,True,False,
45855,True,False,
45856,False,True,
45857,False,True,
45858,True,False,
45859,True,False,
45860,True,False,
45861,False,True,
45862,True,False,
45863,True,False,
45864,True,False,
45865,True,False,
45866,True,False,
45867,True,False,
45868,True,False,
45869,True,False,
45870,True,False,
45871,True,False,
45872,True,False,
45873,True,False,
45874,True,False,
45875,True,False,
45876,True,False,
45879,False,True,
45880,False,True,
45881,False,True,
45882,False,True,
45884,True,False,
45885,True,False,
45886,True,False,
45888,True,False,
45889,True,False,
45890,True,False,
45892,True,False,
45893,False,True,
45894,False,True,
45896,False,True,
45897,False,True,
45898,False,True,
45899,False,True,
45900,False,True,
45901,True,False,
45902,True,False,
45903,True,False,
45904,True,False,
45905,True,False,
45906,True,False,
45907,True,False,
45909,False,True,
45910,False,True,
45911,False,True,
45912,False,True,
45913,False,True,
45914,False,True,
45915,False,True,
45916,False,True,
45918,False,True,
45919,False,True,
45920,False,True,
45921,False,True,
45922,False,True,
45923,False,True,
45924,False,True,
45925,False,True,
45926,False,True,
45927,False,True,
45928,False,True,
45929,False,True,
45930,False,True,
45931,False,True,
45932,False,True,
45933,False,True,
45934,False,True,
45935,False,True,
45936,False,True,
45937,False,True,
45938,False,True,
45939,False,True,
45940,False,True,
45943,False,True,
45944,False,True,
45945,False,True,
45946,False,True,
45947,False,True,
45948,False,True,
45951,False,True,
45953,False,True,
45954,False,True,
45956,False,True,
45957,False,True,
45958,False,True,
45959,False,True,
45960,False,True,
45961,False,True,
45962,False,True,
45963,False,False,
45964,False,True,
45965,False,True,
45966,False,True,
45967,False,True,
45968,False,False,
45969,False,True,
45971,False,True,
45973,False,True,
45974,False,True,
45975,False,True,
45976,False,True,
45977,False,True,
45978,False,True,
45979,False,True,
45980,False,True,
45981,False,True,
45984,False,True,
45985,False,True,
45986,False,True,
45987,False,True,
45988,False,True,
45989,False,True,
45990,False,True,
45991,False,True,
45992,False,True,
45994,False,True,
45995,False,True,
45996,False,True,
45997,False,True,
46003,False,True,
46004,False,True,
46005,False,True,
46006,False,True,
46007,False,True,
46008,False,True,
46009,False,True,
46010,False,False,
46011,False,True,
46012,False,True,
46013,False,True,
46015,False,True,
46016,False,True,
46018,False,True,
46019,False,True,
46020,False,True,
46021,False,True,
46022,False,True,
46024,False,True,
46026,False,True,
46027,False,True,
46028,False,True,
46029,False,True,
46030,False,True,
46031,False,True,
46032,False,True,
46033,False,True,
46034,False,True,
46035,False,False,
46036,False,True,
46037,False,True,
46039,False,True,
46041,False,True,
46042,False,True,
46043,False,True,
46044,False,True,
46045,False,True,
46046,False,True,
46047,False,True,
46048,False,True,
46049,False,True,
46050,False,True,
46051,False,True,
46052,False,True,
46053,False,True,
46054,False,True,
46055,False,True,
46056,False,True,
46057,False,True,
46058,False,True,
46059,False,True,
46060,False,True,
46061,False,True,
46062,False,True,
46063,False,True,
46064,False,True,
46065,False,True,
46066,False,True,
46067,False,True,
46068,False,True,
46069,False,True,
46070,False,True,
46071,False,True,
46072,False,True,
46073,False,True,
46074,False,True,
46076,False,True,
46077,False,True,
46078,False,True,
46080,False,True,
46081,False,True,
46082,False,True,
46083,False,True,
46084,False,True,
46085,False,True,
46086,False,True,
46088,False,True,
46089,False,True,
46090,False,True,
46091,False,True,
46092,False,True,
46093,False,True,
46094,False,True,
46095,False,True,
46096,False,True,
46098,True,False,
46103,False,True,
46104,False,True,
46105,False,True,
46107,False,True,
46108,False,True,
46109,False,True,
46110,False,True,
46111,False,True,
46112,False,True,
46113,False,True,
46114,False,True,
46115,False,True,
46116,False,True,
46117,False,True,
46118,False,True,
46119,False,True,
46120,False,True,
46121,False,True,
46122,False,True,
46124,False,True,
46126,False,True,
46127,False,True,
46128,False,True,
46129,False,True,
46130,False,False,
46131,False,True,
46133,False,True,
46135,False,True,
46136,False,False,
46137,False,False,
46140,False,True,
46142,False,True,
46144,False,False,
46147,False,False,
46148,False,False,
46150,False,False,
46151,False,True,
46153,False,False,
46154,False,False,
46155,False,False,
46160,False,True,
46161,False,False,
46162,False,False,
46163,False,True,
46164,False,False,
46165,False,True,
46166,False,True,
46168,False,True,
46170,False,True,
46171,False,True,
46172,False,True,
46173,False,True,
46174,False,True,
46175,False,True,
46176,False,True,
46177,False,True,
46178,False,True,
46180,False,True,
46181,False,True,
46183,False,True,
46184,False,True,
46185,False,False,
46186,False,False,
46187,False,False,
46188,False,True,
46189,False,False,
46190,False,False,
46191,False,False,
46192,False,False,
46193,False,False,
46194,False,False,
46195,False,False,
46196,False,False,
46197,False,False,
46198,False,False,
46199,False,False,
46200,False,False,
46201,False,False,
46202,False,True,
46203,False,True,
46204,False,True,
46205,False,True,
46206,False,True,
46207,False,True,
46210,False,True,
46211,False,True,
46213,False,True,
46214,False,True,
46215,False,True,
46216,False,True,
46217,False,True,
46219,False,True,
46220,False,True,
46222,False,True,
46225,False,True,
46226,False,True,
46227,False,True,
46228,False,True,
46229,False,True,
46231,False,True,
46233,False,True,
46234,False,True,
46235,False,True,
46236,False,True,
46237,False,True,
46238,False,True,
46239,False,True,
46241,False,False,
46242,False,False,
46243,,True,
46244,False,True,
46245,False,True,
46246,False,True,
46247,False,True,
46250,False,True,
46251,False,False,
46252,False,False,
46255,False,True,
46257,False,True,
46259,False,True,
46261,False,True,
46262,False,True,
46263,False,True,
46264,False,True,
46268,False,True,
46269,False,False,
46270,False,False,
46271,False,False,
46272,False,False,
46273,False,True,
46274,False,True,
46275,False,True,
46276,False,True,
46277,False,True,
46278,False,True,
46279,False,True,
46280,False,True,
46281,False,True,
46282,False,True,
46283,False,True,
46284,False,True,
46285,True,False,
46286,False,True,
46287,False,False,
46288,False,False,
46289,False,True,
46290,False,False,
46291,False,True,
46292,False,True,
46293,False,True,
46294,False,True,
46295,False,True,
46296,False,True,
46297,False,True,
46298,False,False,
46299,False,False,
46301,False,False,
46306,False,True,
46307,False,True,
46308,False,True,
46309,False,True,
46312,False,True,
46313,False,True,
46314,False,True,
46315,False,True,
46316,False,True,
46317,False,True,
46318,False,True,
46320,False,True,
46321,False,True,
46322,False,True,
46323,False,False,
46324,False,True,
46327,False,True,
46328,False,True,
46329,False,True,
46330,False,True,
46333,True,False,
46335,True,False,
46336,True,False,
46337,False,True,
46338,False,True,
46339,False,True,
46340,False,True,
46343,False,True,
46345,,True,
46346,False,True,
46348,True,False,
46350,False,True,
46352,False,False,
46353,False,True,
46354,False,False,
46355,False,False,
46356,False,True,
46357,True,False,
46359,False,True,
46360,False,True,
46361,False,True,
46362,False,True,
46364,False,True,
46365,False,True,
46368,False,True,
46370,True,False,
46371,True,False,
46373,True,False,
46375,False,True,
46376,False,True,
46377,False,True,
46378,False,True,
46379,False,True,
46380,False,True,
46381,False,True,
46382,False,True,
46383,False,True,
46384,False,True,
46385,False,True,
46387,False,True,
46388,False,True,
46389,False,True,
46390,False,True,
46392,False,True,
46393,False,True,
46395,False,True,
46397,False,True,
46398,False,True,
46399,False,True,
46400,False,True,
46401,False,True,
46402,False,True,
46403,False,True,
46404,False,True,
46405,False,True,
46406,False,True,
46408,False,True,
46409,False,True,
46410,False,True,
46411,False,True,
46412,False,True,
46413,False,True,
46414,False,True,
46415,False,True,
46416,False,True,
46417,False,True,
46418,False,True,
46419,False,True,
46420,False,True,
46421,False,True,
46422,False,True,
46423,False,True,
46425,False,True,
46426,False,True,
46427,False,True,
46428,False,True,
46429,False,True,
46430,False,True,
46431,False,True,
46432,False,True,
46433,False,True,
46434,False,True,
46435,False,True,
46436,False,True,
46437,False,True,
46438,False,True,
46439,False,True,
46440,False,True,
46441,False,True,
46442,False,True,
46443,True,False,
46444,True,False,
46445,True,False,
46446,True,False,
46447,False,True,
46448,False,True,
46449,False,True,
46450,True,False,
46451,True,False,
46452,True,False,
46453,True,False,
46454,False,True,
46455,False,True,
46459,False,True,
46460,False,True,
46461,False,True,
46462,False,True,
46463,False,True,
46464,False,True,
46465,False,True,
46466,False,True,
46467,False,True,
46468,False,True,
46469,False,True,
46470,True,False,
46471,True,False,
46472,True,False,
46473,True,False,
46474,True,False,
46475,True,False,
46476,False,True,
46477,False,True,
46479,False,True,
46480,False,True,
46481,False,True,
46482,False,True,
46483,False,True,
46485,False,True,
46486,False,True,
46487,False,True,
46490,False,True,
46492,False,True,
46493,False,False,
46494,False,True,
46495,False,True,
46496,False,False,
46497,False,False,
46498,False,True,
46500,False,True,
46501,False,True,
46502,True,False,
46503,False,True,
46505,False,False,
46506,False,False,
46507,False,False,
46509,False,True,
46512,False,True,
46513,False,True,
46516,False,False,
46517,False,True,
46518,False,False,
46521,False,True,
46522,False,True,
46523,False,True,
46524,False,False,
46526,False,True,
46528,False,True,
46530,False,True,
46531,False,True,
46532,False,True,
46533,False,True,
46534,False,True,
46536,False,True,
46537,False,True,
46557,False,True,
46584,False,False,
46586,False,True,
46589,False,False,
46590,False,False,
46591,False,False,
46594,False,True,
46598,False,True,
46600,False,True,
46601,False,True,
46603,False,True,
46604,False,True,
46605,False,True,
46606,False,False,
46607,False,True,
46608,False,True,
46609,False,True,
46612,False,True,
46613,False,True,
46614,False,True,
46615,False,True,
46616,False,True,
46617,False,True,
46618,True,False,
46619,True,False,
46620,False,True,
46621,False,True,
46622,False,True,
46623,False,True,
46624,False,True,
46625,False,True,
46626,False,True,
46627,False,True,
46628,False,True,
46629,False,True,
46630,False,True,
46632,True,False,
46634,False,True,
46637,False,True,
46638,False,True,
46639,False,True,
46640,False,True,
46641,True,False,
46648,False,True,
46649,False,True,
46650,False,True,
46651,False,True,
46652,False,True,
46653,False,True,
46654,False,True,
46656,False,True,
46675,False,True,
46678,False,True,
46679,False,True,
46681,True,False,
46684,False,True,
46688,False,False,
46689,False,False,
46690,False,False,
46691,False,False,
46692,False,False,
46693,False,True,
46694,False,True,
46695,False,True,
46700,False,True,
46702,False,False,
46703,False,False,
46706,False,True,
46707,False,True,
46708,False,True,
46709,False,True,
46710,False,True,
46711,False,True,
46712,False,True,
46717,False,True,
46718,False,True,
46719,False,True,
46720,False,True,
46721,False,True,
46722,False,True,
46723,False,True,
46724,False,True,
46725,False,True,
46726,False,True,
46727,False,True,
46728,False,True,
46729,False,True,
46730,False,True,
46732,False,True,
46733,False,True,
46734,False,True,
46735,False,True,
46736,False,True,
46737,False,True,
46738,False,True,
46739,False,True,
46740,False,True,
46742,False,True,
46743,False,True,
46744,False,True,
46745,False,True,
46746,False,True,
46747,False,True,
46748,False,True,
46750,False,True,
46751,False,True,
46752,False,True,
46753,False,True,
46754,False,True,
46755,False,False,
46761,False,True,
46762,False,True,
46763,False,True,
46764,False,True,
46765,False,True,
46766,False,True,
46767,False,True,
46768,False,True,
46769,False,False,
46770,False,False,
46771,False,False,
46772,False,True,
46773,False,False,
46774,False,False,
46775,False,False,
46777,False,False,
46778,False,True,
46780,False,True,
46781,False,True,
46782,False,False,
46783,False,False,
46784,False,False,
46785,False,True,
46787,False,False,
46788,False,False,
46792,False,True,
46794,False,True,
46797,False,True,
46798,False,True,
46800,True,False,
46801,True,False,
46802,False,True,
46803,True,False,
46804,True,False,
46807,False,True,
46823,False,True,
46824,False,True,
46825,False,True,
46826,False,False,
46827,False,False,
46828,False,False,
46829,False,False,
46830,False,False,
46831,False,False,
46832,False,False,
46833,False,True,
46834,False,False,
46835,False,False,
46836,False,False,
46837,False,False,
46838,False,False,
46839,False,False,
46840,False,True,
46842,False,True,
46843,False,True,
46845,False,True,
46847,False,True,
46848,False,True,
46851,False,True,
46854,False,True,
46857,False,True,
46859,False,True,
46860,False,True,
46862,False,True,
46863,False,True,
46865,False,True,
46866,False,True,
46867,False,True,
46868,False,True,
46870,False,True,
46871,False,False,
46872,False,True,
46873,False,False,
46877,False,True,
46879,False,True,
46881,False,False,
46884,False,True,
46889,False,False,
46890,False,False,
46892,False,False,
46894,False,False,
46895,False,False,
46896,False,False,
46897,False,False,
46898,False,False,
46899,False,False,
46900,False,False,
46901,False,False,
46902,False,True,
46907,False,True,
46911,False,True,
46914,False,False,
46917,False,False,
46918,False,False,
46920,False,True,
46921,False,True,
46922,False,True,
46925,False,True,
46927,False,True,
46928,False,True,
46929,False,True,
46930,False,True,
46931,False,True,
46932,False,True,
46933,False,True,
46934,False,True,
46935,False,True,
46936,False,True,
46937,False,True,
46939,False,True,
46940,False,True,
46942,False,True,
46943,False,True,
46947,False,True,
46948,False,True,
46949,False,True,
46950,False,True,
46951,False,True,
46953,True,False,
46954,False,True,
46955,True,False,
46956,True,False,
46957,True,False,
46958,True,False,
46959,True,False,
46960,True,False,
46961,True,False,
46962,False,True,
46964,False,True,
46965,True,False,
46966,True,False,
46967,True,False,
46968,True,False,
46969,True,False,
46970,False,True,
46971,True,False,
46972,False,True,
46973,True,False,
46974,False,True,
46975,True,False,
46976,False,True,
46978,True,False,
46979,False,True,
46980,True,False,
46981,True,False,
46982,True,False,
46984,False,True,
46986,False,True,
46991,False,False,
46992,False,False,
46993,False,True,
46995,False,False,
46998,False,False,
46999,False,True,
47000,False,False,
47001,False,True,
47002,False,False,
47013,False,False,
47014,False,False,
47020,False,True,
47022,False,False,
47023,False,False,
47026,False,False,
47027,False,False,
47028,False,False,
47029,False,False,
47030,False,False,
47031,False,False,
47032,False,False,
47033,False,False,
47036,False,False,
47037,False,True,
47038,False,True,
47039,False,True,
47040,False,True,
47069,False,True,
47070,False,True,
47076,False,True,
47077,False,True,
47081,False,True,
47083,False,True,
47084,False,True,
47085,False,True,
47086,True,False,
47087,True,False,
47088,False,True,
47089,False,True,
47090,True,False,
47091,False,True,
47092,False,True,
47094,False,True,
47096,True,False,
47097,True,False,
47098,False,True,
47099,False,True,
47100,,True,
47101,False,False,
47102,False,True,
47103,False,False,
47104,,,
47105,False,True,
47106,False,False,
47107,False,True,
47108,False,True,
47110,False,True,
47111,False,True,
47112,True,False,
47115,True,False,
47116,True,False,
47117,True,False,
47118,True,False,
47119,True,False,
47120,True,False,
47121,True,False,
47122,True,False,
47123,True,False,
47124,True,False,
47125,True,False,
47135,False,True,
47138,False,True,
47140,False,True,
47142,False,True,
47143,False,True,
47144,False,True,
47145,False,True,
47147,True,False,
47148,True,False,
47149,True,False,
47150,True,False,
47151,True,False,
47154,False,True,
47156,False,True,
47158,False,False,
47159,False,False,
47160,False,True,
47161,False,False,
47162,False,False,
47163,False,False,
47164,False,False,
47165,False,True,
47167,False,True,
47168,False,True,
47169,False,True,
47174,False,True,
47176,False,True,
47177,False,True,
47183,False,True,
47194,False,False,
47195,False,True,
47197,False,True,
47198,False,True,
47199,False,True,
47201,False,True,
47202,False,True,
47203,False,True,
47204,False,True,
47205,False,True,
47206,False,True,
47207,False,True,
47208,False,True,
47209,False,True,
47210,False,True,
47211,False,True,
47213,False,False,
47214,False,True,
47215,True,False,
47216,False,True,
47217,False,True,
47218,False,True,
47219,False,True,
47220,False,True,
47221,False,True,
47222,False,True,
47223,False,True,
47224,False,True,
47225,False,True,
47226,False,True,
47227,False,True,
47228,False,True,
47229,False,True,
47230,False,True,
47231,False,True,
47232,False,True,
47233,True,False,
47235,True,False,
47236,True,False,
47237,True,False,
47238,True,False,
47239,True,False,
47240,True,False,
47241,True,False,
47242,True,False,
47243,True,False,
47244,True,False,
47245,True,False,
47246,True,False,
47247,True,False,
47248,True,False,
47249,True,False,
47250,True,False,
47251,True,False,
47252,True,False,
47255,False,False,
47256,False,False,
47258,False,False,
47259,False,False,
47265,False,True,
47266,False,False,
47267,False,False,
47268,False,True,
47269,False,False,
47270,False,False,
47274,False,False,
47275,False,False,
47276,False,True,
47277,False,False,
47278,False,True,
47279,False,False,
47282,False,False,
47283,False,False,
47284,False,False,
47287,False,False,
47288,False,False,
47289,False,False,
47290,False,False,
47291,False,False,
47292,False,False,
47293,False,False,
47294,False,False,
47295,False,False,
47297,False,True,
47298,False,False,
47300,False,False,
47301,False,True,
47302,False,True,
47303,False,True,
47304,False,True,
47309,True,False,
47310,True,False,
47311,True,False,
47314,False,True,
47315,False,True,
47316,False,True,
47317,True,False,
47318,True,False,
47319,True,False,
47320,False,False,
47321,False,True,
47322,False,True,
47323,False,False,
47324,False,False,
47325,False,True,
47328,True,False,
47329,True,False,
47330,True,False,
47331,True,False,
47332,True,False,
47333,True,False,
47334,True,False,
47335,True,False,
47336,True,False,
47337,False,True,
47339,False,True,
47341,False,True,
47350,True,False,
47354,False,True,
47358,False,False,
47402,True,False,
47403,True,False,
47404,True,False,
47405,False,True,
47406,True,False,
47407,True,False,
47408,True,False,
47411,False,True,
47412,True,False,
47413,False,True,
47414,False,True,
47415,True,False,
47416,True,False,
47417,True,False,
47418,True,False,
47419,True,False,
47420,True,False,
47421,False,True,
47422,True,False,
47423,True,False,
47424,True,False,
47426,False,True,
47427,False,True,
47428,False,True,
47429,False,True,
47433,False,True,
47435,False,True,
47436,False,True,
47439,True,False,
47440,False,False,
47441,True,False,
47442,False,False,
47443,True,False,
47444,True,False,
47445,True,False,
47446,True,False,
47447,True,False,
47448,True,False,
47449,True,False,
47450,True,False,
47453,False,True,
47454,False,True,
47455,False,True,
47456,False,True,
47457,True,False,
47458,True,False,
47459,True,False,
47461,True,False,
47462,False,True,
47463,True,False,
47464,False,True,
47465,True,False,
47466,True,False,
47467,True,False,
47468,True,False,
47469,True,False,
47470,True,False,
47471,False,True,
47474,True,False,
47475,True,False,
47477,True,False,
47481,False,True,
47482,False,True,
47484,False,True,
47485,False,True,
47486,False,True,
47490,False,True,
47491,False,True,
47493,False,True,
47494,,True,
47495,False,True,
47496,False,True,
47498,False,True,
47499,False,True,
47500,False,True,
47501,False,True,
47504,False,True,
47506,False,True,
47507,False,True,
47508,False,True,
47509,False,True,
47510,False,True,
47511,False,True,
47513,,True,
47514,False,True,
47515,False,False,
47516,False,False,
47517,False,False,
47518,False,False,
47520,False,False,
47521,False,False,
47522,False,True,
47523,False,True,
47524,False,True,
47525,True,False,
47526,True,False,
47527,True,False,
47528,True,False,
47529,True,False,
47530,True,False,
47531,True,False,
47532,True,False,
47535,False,True,
47536,False,True,
47541,True,False,
47542,True,False,
47543,True,False,
47544,True,False,
47546,False,True,
47549,False,True,
47550,False,True,
47551,False,True,
47553,True,False,
47557,True,False,
47559,True,False,
47560,True,False,
47561,True,False,
47563,True,False,
47565,True,False,
47569,True,False,
47570,True,False,
47571,True,False,
47572,True,False,
47573,True,False,
47574,True,False,
47575,True,False,
47576,True,False,
47577,True,False,
47578,True,False,
47579,True,False,
47580,True,False,
47581,True,False,
47583,True,False,
47584,True,False,
47585,True,False,
47586,True,False,
47587,True,False,
47588,True,False,
47589,True,False,
47590,False,False,
47591,True,False,
47592,True,False,
47593,False,False,
47594,False,False,
47596,False,True,
47597,False,True,
47599,False,True,
47601,False,True,
47606,True,False,
47607,False,True,
47608,False,True,
47609,True,False,
47610,True,False,
47612,True,False,
47614,True,False,
47615,True,False,
47616,False,False,
47618,False,False,
47620,False,False,
47621,False,False,
47622,False,False,
47623,True,False,
47625,True,False,
47626,True,False,
47627,True,False,
47628,True,False,
47629,True,False,
47630,True,False,
47631,True,False,
47632,True,False,
47633,True,False,
47634,True,False,
47638,False,True,
47639,False,False,
47640,False,True,
47642,False,True,
47644,False,True,
47646,False,True,
47647,False,True,
47648,True,False,
47649,True,False,
47650,True,False,
47651,True,False,
47652,True,False,
47653,False,True,
47654,False,True,
47655,False,True,
47656,True,False,
47657,True,False,
47658,True,False,
47659,False,True,
47660,True,False,
47661,True,False,
47662,True,False,
47663,True,False,
47664,True,False,
47665,False,True,
47666,True,False,
47668,False,True,
47669,False,True,
47670,False,True,
47671,False,True,
47676,False,True,
47680,True,False,
47681,True,False,
47682,True,False,
47683,True,False,
47684,False,True,
47685,True,False,
47686,True,False,
47687,True,False,
47688,True,False,
47689,False,True,
47690,True,False,
47691,True,False,
47692,True,False,
47693,True,False,
47694,True,False,
47695,True,False,
47696,True,False,
47697,False,True,
47702,True,False,
47705,True,False,
47706,True,False,
47707,True,False,
47710,True,False,
47711,True,False,
47712,True,False,
47713,False,True,
47714,True,False,
47715,True,False,
47717,False,True,
47719,False,True,
47720,True,False,
47721,True,False,
47722,True,False,
47723,True,False,
47724,True,False,
47725,False,False,
47726,False,False,
47727,False,False,
47728,False,False,
47729,False,False,
47730,False,False,
47731,False,False,
47732,False,False,
47735,False,True,
47737,False,False,
47738,False,False,
47739,False,False,
47740,False,False,
47741,False,False,
47742,False,True,
47743,False,True,
47744,False,True,
47745,False,True,
47746,False,True,
47747,False,True,
47748,False,True,
47749,False,True,
47750,False,True,
47751,False,True,
47752,False,True,
47753,False,True,
47754,False,True,
47755,False,True,
47756,False,True,
47758,False,True,
47759,False,True,
47760,False,True,
47762,False,True,
47763,False,True,
47764,False,True,
47765,False,False,
47766,True,False,
47767,True,False,
47768,True,False,
47769,True,False,
47770,True,False,
47771,True,False,
47772,True,False,
47773,True,False,
47774,True,False,
47775,True,False,
47776,True,False,
47777,True,False,
47778,False,False,
47779,False,False,
47780,False,True,
47781,True,False,
47782,True,False,
47783,True,False,
47784,True,False,
47785,True,False,
47786,True,False,
47787,True,False,
47790,True,False,
47791,True,False,
47792,True,False,
47793,False,True,
47794,False,True,
47795,False,True,
47796,False,True,
47797,False,True,
47798,False,True,
47799,False,True,
47800,False,True,
47801,False,True,
47802,False,True,
47803,False,True,
47805,False,True,
47806,False,True,
47807,True,False,
47808,False,True,
47809,True,False,
47811,False,True,
47812,True,False,
47813,True,False,
47814,True,False,
47815,True,False,
47816,False,True,
47817,False,True,
47818,False,True,
47819,False,True,
47820,False,True,
47821,False,True,
47822,False,True,
47823,False,True,
47824,False,True,
47825,False,True,
47826,False,True,
47827,False,True,
47828,False,True,
47829,False,True,
47830,False,True,
47831,False,True,
47832,True,False,
47833,True,False,
47834,True,False,
47835,True,False,
47836,True,False,
47837,True,False,
47839,True,False,
47840,True,False,
47841,True,False,
47842,True,False,
47843,True,False,
47844,True,False,
47845,True,False,
47846,True,False,
47847,True,False,
47848,True,False,
47849,True,False,
47850,True,False,
47851,True,False,
47852,True,False,
47853,False,True,
47856,True,False,
47857,False,True,
47858,False,True,
47859,False,True,
47860,True,False,
47861,False,True,
47862,True,False,
47863,False,True,
47864,True,False,
47868,False,True,
47870,False,True,
47871,False,True,
47872,False,True,
47873,False,True,
47874,True,False,
47875,True,False,
47877,True,False,
47878,True,False,
47879,True,False,
47880,True,False,
47881,True,False,
47882,True,False,
47883,True,False,
47884,True,False,
47885,True,False,
47886,True,False,
47887,True,False,
47888,True,False,
47889,True,False,
47890,True,False,
47891,True,False,
47892,True,False,
47893,True,False,
47894,False,True,
47895,False,True,
47896,False,True,
47897,False,True,
47898,True,False,
47899,True,False,
47900,True,False,
47901,True,False,
47902,False,True,
47903,False,True,
47905,False,True,
47906,True,False,
47907,True,False,
47908,True,False,
47909,True,False,
47910,True,False,
47913,False,True,
47914,False,True,
47915,True,False,
47919,False,True,
47920,False,True,
47921,False,True,
47922,False,True,
47923,False,True,
47924,False,True,
47925,False,True,
47926,False,True,
47928,False,True,
47929,False,True,
47930,False,True,
47931,False,True,
47932,False,True,
47933,False,True,
47934,False,True,
47935,False,True,
47936,False,True,
47937,False,True,
47938,False,True,
47939,False,True,
47940,False,True,
47941,False,True,
47942,False,True,
47943,False,True,
47944,False,True,
47945,False,True,
47946,False,True,
47947,False,True,
47948,False,True,
47949,False,True,
47950,False,True,
47951,False,True,
47952,False,True,
47953,False,True,
47954,False,True,
47955,False,True,
47956,False,True,
47957,False,True,
47958,False,True,
47959,False,True,
47960,False,True,
47961,False,True,
47962,True,False,
47963,True,False,
47964,True,False,
47965,True,False,
47966,True,False,
47967,True,False,
47968,True,False,
47969,True,False,
47970,True,False,
47971,True,False,
47972,True,False,
47973,True,False,
47974,True,False,
47975,True,False,
47976,True,False,
47977,True,False,
47978,True,False,
47979,False,True,
47980,False,True,
47981,False,True,
47982,False,True,
47983,False,True,
47984,False,False,
47985,False,False,
47986,False,False,
47987,False,False,
47988,False,False,
47990,False,False,
47991,False,False,
47992,False,False,
47993,False,False,
47994,False,False,
47995,False,True,
47996,False,True,
47999,False,False,
48001,True,False,
48002,True,False,
48003,False,True,
48004,True,False,
48005,True,False,
48006,True,False,
48007,True,False,
48008,True,False,
48009,True,False,
48010,True,False,
48011,True,False,
48012,True,False,
48013,True,False,
48014,True,False,
48015,True,False,
48016,True,False,
48017,True,False,
48018,True,False,
48019,True,False,
48020,True,False,
48021,True,False,
48022,True,False,
48024,True,False,
48026,True,False,
48027,True,False,
48028,True,False,
48029,True,False,
48030,True,False,
48031,True,False,
48032,True,False,
48033,True,False,
48034,True,False,
48035,True,False,
48036,True,False,
48037,False,True,
48040,True,False,
48043,True,False,
48044,True,False,
48045,True,False,
48046,True,False,
48047,True,False,
48048,False,True,
48049,False,True,
48050,False,True,
48051,False,True,
48052,False,True,
48053,False,True,
48054,False,True,
48055,False,True,
48057,False,True,
48058,False,True,
48059,False,True,
48060,False,True,
48061,False,True,
48062,False,True,
48063,False,True,
48064,False,True,
48065,False,True,
48066,False,True,
48067,False,True,
48068,False,True,
48069,False,True,
48070,False,True,
48072,False,True,
48073,False,True,
48074,False,True,
48076,False,True,
48078,False,True,
48079,False,True,
48080,False,True,
48081,False,True,
48082,False,True,
48083,False,True,
48084,False,True,
48086,False,True,
48087,False,True,
48088,False,True,
48089,False,True,
48090,False,True,
48091,False,True,
48092,False,False,
48094,False,True,
48096,False,True,
48097,False,True,
48098,False,True,
48099,False,True,
48101,False,True,
48104,False,True,
48107,False,True,
48108,False,True,
48110,False,True,
48120,,,
48126,True,False,
48127,True,False,
48128,True,False,
48129,True,False,
48130,True,False,
48131,True,False,
48132,True,False,
48133,True,False,
48134,True,False,
48135,True,False,
48136,True,False,
48137,True,False,
48138,True,False,
48140,True,False,
48141,True,False,
48142,True,False,
48143,True,False,
48144,True,False,
48145,True,False,
48146,True,False,
48147,True,False,
48148,True,False,
48151,True,False,
48152,True,False,
48153,True,False,
48154,True,False,
48155,True,False,
48156,True,False,
48157,True,False,
48158,True,False,
48159,True,False,
48160,,,
48161,False,True,
48165,False,True,
48166,False,True,
48167,False,True,
48168,False,True,
48169,False,True,
48170,False,True,
48209,False,True,
48211,False,True,
48212,False,True,
48215,False,True,
48216,False,True,
48217,False,True,
48219,False,True,
48221,True,False,
48222,False,True,
48223,False,True,
48224,False,True,
48226,False,True,
48227,False,True,
48228,False,True,
48229,False,True,
48231,False,True,
48232,False,True,
48234,False,True,
48236,False,True,
48237,False,True,
48238,False,True,
48239,False,True,
48240,False,True,
48241,False,True,
48242,False,False,
48243,False,True,
48247,False,True,
48249,False,True,
48250,False,True,
48251,False,True,
48252,False,False,
48253,False,True,
48254,False,True,
48255,False,False,
48256,False,True,
48261,False,True,
48262,False,True,
48263,False,True,
48264,False,False,
48265,False,False,
48266,False,False,
48267,False,False,
48268,False,False,
48269,False,False,
48270,False,False,
48271,False,False,
48272,False,False,
48273,False,True,
48274,True,False,
48275,False,True,
48276,False,True,
48277,False,True,
48279,False,True,
48280,False,True,
48281,False,True,
48282,False,False,
48283,False,True,
48284,False,True,
48285,False,True,
48286,False,True,
48287,False,True,
48288,False,True,
48289,True,False,
48290,True,False,
48291,False,True,
48292,True,False,
48293,True,False,
48294,True,False,
48295,True,False,
48296,False,True,
48297,True,False,
48298,False,True,
48299,True,False,
48300,True,False,
48301,True,False,
48302,True,False,
48303,True,False,
48304,True,False,
48306,True,False,
48307,True,False,
48308,True,False,
48309,True,False,
48312,False,True,
48313,False,True,
48314,False,True,
48315,False,True,
48316,False,True,
48317,False,True,
48318,False,True,
48319,True,False,
48320,True,False,
48321,True,False,
48322,True,False,
48323,True,False,
48324,True,False,
48325,True,False,
48326,True,False,
48328,True,False,
48329,True,False,
48330,True,False,
48331,True,False,
48332,False,True,
48334,True,False,
48335,True,False,
48337,False,True,
48338,True,False,
48339,True,False,
48341,True,False,
48342,True,False,
48343,False,True,
48345,True,False,
48346,True,False,
48347,True,False,
48348,True,False,
48350,True,False,
48351,False,True,
48352,False,True,
48353,False,True,
48354,False,True,
48355,False,True,
48356,False,True,
48357,False,True,
48358,False,True,
48359,False,True,
48360,False,True,
48361,True,False,
48362,True,False,
48363,True,False,
48364,True,False,
48366,True,False,
48367,True,False,
48368,True,False,
48369,True,False,
48370,True,False,
48371,True,False,
48372,False,True,
48373,False,True,
48374,True,False,
48375,True,False,
48376,True,False,
48377,True,False,
48378,True,False,
48379,True,False,
48380,True,False,
48381,False,True,
48382,False,True,
48383,False,True,
48384,False,True,
48385,True,False,
48386,False,True,
48387,False,True,
48389,False,True,
48390,False,True,
48391,True,False,
48393,False,True,
48394,False,True,
48395,True,False,
48398,False,True,
48399,False,True,
48400,False,True,
48401,False,True,
48402,False,True,
48403,False,True,
48404,False,True,
48405,False,True,
48406,False,True,
48407,False,True,
48408,False,True,
48409,False,True,
48410,False,True,
48412,False,False,
48413,False,False,
48414,False,False,
48415,False,False,
48416,False,False,
48417,False,False,
48418,False,False,
48419,False,False,
48420,False,False,
48421,False,False,
48422,False,False,
48423,False,False,
48424,False,False,
48425,False,True,
48426,False,True,
48427,False,False,
48429,False,False,
48431,False,False,
48432,False,True,
48433,False,True,
48434,False,True,
48435,False,True,
48436,False,True,
48437,False,True,
48438,False,True,
48439,False,True,
48440,False,True,
48441,False,True,
48443,False,True,
48444,False,True,
48445,False,True,
48446,False,True,
48447,False,True,
48448,False,True,
48449,False,True,
48450,False,True,
48451,False,True,
48452,False,True,
48453,False,True,
48454,False,True,
48455,False,True,
48456,False,True,
48457,False,True,
48458,False,True,
48459,False,True,
48460,False,True,
48461,False,True,
48462,False,True,
48464,False,True,
48465,False,True,
48467,False,True,
48468,False,True,
48469,False,True,
48471,False,True,
48473,False,True,
48474,False,True,
48475,False,True,
48476,False,True,
48477,False,True,
48478,False,True,
48479,False,True,
48480,False,True,
48481,False,True,
48482,False,True,
48483,False,True,
48484,False,True,
48485,False,True,
48486,False,True,
48487,False,True,
48488,False,True,
48489,False,True,
48490,False,True,
48491,False,True,
48492,False,True,
48493,False,True,
48495,False,True,
48496,False,True,
48497,False,True,
48498,False,True,
48499,False,True,
48500,False,True,
48501,False,True,
48502,False,True,
48503,False,True,
48504,False,True,
48505,False,True,
48506,False,True,
48507,False,True,
48508,False,True,
48509,False,True,
48510,False,True,
48511,False,True,
48513,False,True,
48514,False,True,
48515,False,True,
48516,False,True,
48517,False,True,
48518,False,False,
48519,False,True,
48520,False,True,
48521,False,True,
48522,False,True,
48523,False,True,
48524,False,True,
48525,False,True,
48527,False,True,
48528,False,True,
48529,False,True,
48530,False,True,
48531,False,True,
48532,False,True,
48533,False,True,
48535,False,True,
48536,False,True,
48537,False,True,
48538,False,True,
48539,False,True,
48540,False,True,
48542,False,True,
48543,False,True,
48545,False,True,
48546,False,True,
48547,False,True,
48548,False,True,
48549,False,False,
48550,False,False,
48551,False,False,
48552,False,False,
48553,False,True,
48556,False,True,
48558,False,True,
48559,False,True,
48560,False,True,
48561,False,True,
48562,False,True,
48563,False,True,
48564,False,True,
48565,False,True,
48566,False,True,
48567,False,True,
48568,False,True,
48569,False,True,
48570,False,True,
48571,False,True,
48572,False,True,
48573,False,True,
48574,False,True,
48575,False,True,
48576,False,True,
48577,False,True,
48578,False,True,
48579,False,True,
48580,False,True,
48581,False,True,
48582,False,True,
48583,False,True,
48584,False,True,
48585,False,False,
48586,False,False,
48587,True,False,
48588,True,False,
48589,True,False,
48590,True,False,
48591,True,False,
48592,False,True,
48593,False,True,
48594,False,True,
48595,False,True,
48597,False,True,
48598,True,False,
48601,False,True,
48603,False,True,
48604,True,False,
48605,False,True,
48608,False,True,
48609,False,True,
48612,False,True,
48617,True,False,
48619,True,False,
48622,False,True,
48624,False,True,
48625,False,True,
48629,False,True,
48632,True,False,
48634,False,True,
48635,False,True,
48636,False,True,
48637,False,True,
48638,False,True,
48641,False,True,
48642,False,True,
48645,False,True,
48646,True,False,
48647,True,False,
48648,True,False,
48650,False,True,
48651,False,True,
48652,False,True,
48653,False,True,
48655,True,False,
48657,True,False,
48660,False,True,
48662,False,True,
48663,False,True,
48666,True,False,
48667,False,True,
48670,False,False,
48671,False,False,
48672,False,False,
48673,False,False,
48674,False,False,
48676,False,False,
48677,False,False,
48679,False,True,
48682,False,True,
48683,False,True,
48685,False,True,
48686,False,True,
48687,False,True,
48688,False,True,
48689,False,True,
48690,False,True,
48691,False,True,
48692,False,True,
48693,False,True,
48694,False,True,
48695,False,True,
48697,False,True,
48698,False,True,
48699,False,True,
48700,False,True,
48701,False,True,
48703,False,True,
48704,False,True,
48705,False,True,
48706,False,True,
48707,False,True,
48711,True,False,
48713,False,True,
48715,False,True,
48716,False,True,
48717,False,True,
48720,True,False,
48721,True,False,
48722,False,True,
48723,True,False,
48724,True,False,
48725,False,True,
48726,True,False,
48727,False,True,
48729,True,False,
48730,False,True,
48731,True,False,
48732,True,False,
48733,True,False,
48734,True,False,
48735,True,False,
48736,True,False,
48737,True,False,
48738,True,False,
48739,True,False,
48740,True,False,
48741,True,False,
48742,True,False,
48743,True,False,
48744,True,False,
48745,True,False,
48746,True,False,
48747,True,False,
48748,True,False,
48749,True,False,
48750,True,False,
48751,True,False,
48752,True,False,
48753,True,False,
48755,False,True,
48756,False,True,
48758,False,True,
48759,False,True,
48760,True,False,
48761,False,True,
48762,True,False,
48763,True,False,
48764,True,False,
48765,True,False,
48766,True,False,
48767,True,False,
48768,True,False,
48769,True,False,
48770,True,False,
48771,True,False,
48774,False,True,
48775,False,True,
48776,True,False,
48778,True,False,
48779,False,True,
48780,True,False,
48783,True,False,
48784,True,False,
48785,False,True,
48786,False,True,
48787,False,True,
48788,False,True,
48789,False,True,
48790,False,False,
48791,False,False,
48792,False,True,
48799,False,True,
48800,False,True,
48801,False,True,
48802,False,True,
48809,False,True,
48814,True,False,
48815,False,True,
48817,False,True,
48818,False,True,
48819,True,False,
48821,False,True,
48822,False,True,
48823,False,True,
48824,False,True,
48825,False,True,
48826,False,True,
48827,False,True,
48828,False,True,
48829,False,True,
48831,False,True,
48832,False,True,
48834,False,True,
48835,False,True,
48836,False,True,
48837,False,True,
48838,False,True,
48839,False,True,
48840,True,False,
48841,True,False,
48843,False,True,
48845,True,False,
48846,True,False,
48847,True,False,
48848,True,False,
48849,True,False,
48850,True,False,
48851,True,False,
48852,True,False,
48853,True,False,
48854,True,False,
48855,True,False,
48856,True,False,
48857,False,True,
48858,True,False,
48859,True,False,
48860,True,False,
48861,True,False,
48862,True,False,
48863,True,False,
48864,True,False,
48865,False,True,
48866,False,True,
48867,False,True,
48868,False,True,
48869,False,True,
48870,False,True,
48871,False,True,
48872,False,True,
48873,False,True,
48874,False,True,
48875,False,True,
48876,False,True,
48877,False,True,
48878,False,True,
48879,True,False,
48880,False,True,
48882,True,False,
48883,True,False,
48886,True,False,
48887,True,False,
48888,True,False,
48889,True,False,
48890,True,False,
48891,True,False,
48893,True,False,
48894,True,False,
48895,True,False,
48896,False,True,
48897,True,False,
48898,True,False,
48899,True,False,
48900,False,True,
48903,False,True,
48906,False,True,
48907,False,True,
48908,False,True,
48909,False,True,
48910,False,True,
48911,False,True,
48912,False,True,
48913,False,True,
48914,True,False,
48916,False,True,
48917,False,True,
48918,False,True,
48919,False,True,
48920,False,True,
48921,False,True,
48922,False,True,
48923,True,False,
48924,True,False,
48925,True,False,
48926,False,True,
48927,False,True,
48928,False,True,
48929,True,False,
48930,True,False,
48931,True,False,
48932,True,False,
48933,True,False,
48934,False,True,
48935,False,True,
48936,False,True,
48937,True,False,
48938,False,True,
48939,False,True,
48940,False,True,
48941,True,False,
48944,False,True,
48948,True,False,
48949,False,True,
48950,True,False,
48951,False,True,
48952,False,True,
48953,False,True,
48954,False,True,
48955,False,True,
48956,False,True,
48957,False,True,
48958,False,True,
48959,False,True,
48961,False,True,
48962,False,True,
48963,False,True,
48964,False,True,
48965,False,True,
48967,False,True,
48968,False,True,
48969,False,True,
48970,True,False,
48971,True,False,
48972,True,False,
48973,False,True,
48974,True,False,
48975,False,True,
48976,True,False,
48977,False,True,
48978,True,False,
48979,False,True,
48980,False,True,
48983,True,False,
48984,False,True,
48985,False,True,
48986,False,True,
48987,False,True,
48988,False,True,
48989,False,True,
48990,False,True,
48991,False,True,
48992,False,True,
48993,False,True,
48994,False,True,
48995,False,True,
48996,False,True,
48997,False,True,
48998,True,False,
49000,False,True,
49001,False,True,
49002,False,True,
49003,False,True,
49005,False,True,
49006,False,True,
49007,False,True,
49008,False,True,
49010,False,True,
49011,False,True,
49012,True,False,
49013,True,False,
49014,True,False,
49015,True,False,
49016,True,False,
49017,True,False,
49020,False,True,
49021,False,True,
49022,False,True,
49023,False,True,
49024,False,True,
49026,False,True,
49027,False,True,
49028,False,True,
49029,False,True,
49032,False,True,
49033,False,True,
49034,False,True,
49035,False,True,
49036,False,True,
49037,False,True,
49038,False,True,
49039,False,True,
49040,False,True,
49043,False,True,
49045,False,True,
49046,False,True,
49047,False,True,
49048,True,False,
49050,True,False,
49052,True,False,
49053,False,True,
49054,False,True,
49055,False,True,
49056,True,False,
49057,True,False,
49059,True,False,
49060,True,False,
49062,False,True,
49063,False,True,
49064,False,True,
49065,False,True,
49066,True,False,
49070,False,True,
49071,False,True,
49072,True,False,
49073,True,False,
49117,True,False,
49118,True,False,
49119,True,False,
49120,False,True,
49121,True,False,
49122,False,True,
49123,False,True,
49124,False,True,
49126,False,True,
49128,True,False,
49129,False,True,
49130,False,True,
49131,False,True,
49132,False,True,
49134,False,True,
49135,False,True,
49136,False,True,
49137,False,True,
49138,False,True,
49139,False,True,
49140,True,False,
49141,True,False,
49142,True,False,
49143,True,False,
49144,True,False,
49145,True,False,
49146,True,False,
49147,True,False,
49148,True,False,
49149,True,False,
49150,True,False,
49151,True,False,
49152,True,False,
49153,True,False,
49154,True,False,
49155,False,True,
49156,False,True,
49157,False,True,
49158,True,False,
49159,True,False,
49160,True,False,
49161,True,False,
49162,True,False,
49163,True,False,
49164,True,False,
49165,True,False,
49166,True,False,
49167,True,False,
49168,False,True,
49169,True,False,
49176,True,False,
49178,True,False,
49179,True,False,
49180,False,True,
49181,False,False,
49182,False,True,
49183,False,False,
49185,False,False,
49189,False,True,
49190,False,True,
49191,True,False,
49192,True,False,
49193,True,False,
49194,False,True,
49196,False,True,
49197,True,False,
49198,True,False,
49199,True,False,
49200,True,False,
49201,True,False,
49204,False,True,
49205,False,True,
49206,True,False,
49208,True,False,
49209,True,False,
49212,True,False,
49216,False,True,
49219,False,True,
49220,True,False,
49221,True,False,
49222,True,False,
49223,True,False,
49224,True,False,
49225,False,True,
49226,True,False,
49227,True,False,
49228,True,False,
49229,True,False,
49230,True,False,
49231,True,False,
49232,True,False,
49233,True,False,
49234,True,False,
49235,False,True,
49237,True,False,
49238,False,True,
49239,True,False,
49240,True,False,
49241,True,False,
49243,True,False,
49244,True,False,
49245,False,True,
49246,False,True,
49247,False,True,
49249,True,False,
49250,True,False,
49251,True,False,
49252,True,False,
49254,True,False,
49256,False,True,
49257,False,True,
49258,False,True,
49259,False,True,
49260,False,True,
49261,False,True,
49262,False,True,
49263,False,True,
49264,False,True,
49265,True,False,
49266,True,False,
49267,True,False,
49270,True,False,
49271,True,False,
49272,True,False,
49274,True,False,
49275,True,False,
49276,True,False,
49277,True,False,
49282,True,False,
49283,True,False,
49285,True,False,
49288,True,False,
49291,False,True,
49292,True,False,
49293,False,True,
49295,True,False,
49296,False,True,
49297,False,True,
49298,False,True,
49300,False,True,
49301,False,True,
49302,False,True,
49303,False,True,
49304,False,True,
49305,True,False,
49306,True,False,
49307,True,False,
49309,False,True,
49310,True,False,
49311,False,True,
49312,True,False,
49313,False,True,
49314,False,True,
49315,False,True,
49317,True,False,
49318,True,False,
49319,True,False,
49320,True,False,
49322,True,False,
49323,False,True,
49325,True,False,
49327,False,True,
49328,False,True,
49329,False,True,
49331,False,True,
49332,False,True,
49333,False,True,
49334,False,True,
49335,True,False,
49336,True,False,
49337,False,True,
49338,True,False,
49339,True,False,
49340,True,False,
49341,True,False,
49342,True,False,
49343,False,True,
49344,False,True,
49345,False,True,
49346,False,True,
49348,True,False,
49350,False,True,
49351,False,True,
49354,False,True,
49356,True,False,
49358,True,False,
49360,True,False,
49361,True,False,
49362,True,False,
49363,True,False,
49364,True,False,
49365,True,False,
49366,True,False,
49371,False,True,
49374,False,True,
49375,False,True,
49376,False,True,
49377,True,False,
49378,True,False,
49379,False,True,
49380,False,True,
49382,False,True,
49383,False,True,
49384,False,True,
49386,False,True,
49387,True,False,
49388,False,True,
49389,False,True,
49390,False,True,
49391,True,False,
49392,True,False,
49393,False,True,
49394,True,False,
49395,False,True,
49396,False,True,
49397,True,False,
49399,False,True,
49400,False,True,
49401,False,True,
49402,False,True,
49403,False,True,
49405,False,True,
49406,True,False,
49407,False,False,
49409,False,False,
49410,False,False,
49411,False,False,
49413,False,False,
49414,False,False,
49415,False,False,
49416,True,False,
49417,False,False,
49418,True,False,
49419,False,True,
49420,False,False,
49421,False,True,
49422,False,False,
49423,False,False,
49424,False,False,
49426,False,False,
49427,False,False,
49428,False,False,
49429,False,False,
49430,False,False,
49431,False,True,
49432,False,True,
49433,False,True,
49434,True,False,
49436,False,False,
49437,False,False,
49438,False,False,
49439,False,False,
49440,False,False,
49442,False,False,
49443,False,False,
49444,False,False,
49445,False,False,
49446,False,True,
49447,False,False,
49448,False,False,
49449,True,False,
49451,True,False,
49452,True,False,
49453,True,False,
49454,False,True,
49455,True,False,
49456,False,True,
49457,True,False,
49458,True,False,
49459,True,False,
49460,True,False,
49461,True,False,
49462,False,True,
49463,True,False,
49465,False,True,
49466,True,False,
49467,True,False,
49468,True,False,
49470,True,False,
49471,True,False,
49474,True,False,
49476,True,False,
49477,True,False,
49478,True,False,
49479,True,False,
49481,True,False,
49482,False,True,
49483,False,True,
49485,False,True,
49487,False,True,
49488,True,False,
49489,False,False,
49490,False,False,
49491,False,False,
49492,False,True,
49493,True,False,
49494,,True,
49495,True,False,
49496,True,False,
49497,False,True,
49498,True,False,
49499,True,False,
49500,False,False,
49501,False,True,
49502,False,True,
49503,False,True,
49504,False,True,
49505,True,False,
49507,True,False,
49508,True,False,
49509,True,False,
49510,True,False,
49511,True,False,
49514,True,False,
49518,True,False,
49526,True,False,
49527,True,False,
49530,True,False,
49531,True,False,
49532,True,False,
49533,True,False,
49534,True,False,
49535,True,False,
49536,True,False,
49537,True,False,
49538,True,False,
49539,True,False,
49540,True,False,
49541,True,False,
49542,True,False,
49543,True,False,
49544,True,False,
49546,False,True,
49547,False,True,
49548,False,True,
49549,False,True,
49550,False,False,
49551,False,False,
49552,False,False,
49553,False,False,
49554,False,True,
49557,True,False,
49558,False,True,
49559,False,True,
49560,False,True,
49562,False,True,
49563,True,False,
49564,False,True,
49565,False,True,
49566,False,True,
49567,False,True,
49568,False,True,
49569,False,True,
49570,False,True,
49571,False,True,
49572,False,True,
49574,False,True,
49577,False,True,
49581,False,True,
49582,False,True,
49587,False,False,
49588,False,True,
49589,True,False,
49590,False,True,
49592,True,False,
49596,False,True,
49597,False,True,
49598,False,True,
49601,False,True,
49602,False,True,
49604,True,False,
49605,True,False,
49607,True,False,
49608,False,True,
49609,False,False,
49610,True,False,
49611,False,True,
49612,False,True,
49613,False,True,
49614,False,True,
49615,False,True,
49618,False,False,
49619,False,False,
49620,False,False,
49621,False,False,
49622,True,False,
49623,True,False,
49624,True,False,
49625,True,False,
49626,True,False,
49627,False,True,
49628,True,False,
49629,False,True,
49630,True,False,
49631,False,True,
49632,True,False,
49633,True,False,
49634,False,True,
49635,False,True,
49636,False,True,
49637,False,True,
49638,False,True,
49639,True,False,
49641,True,False,
49642,True,False,
49643,True,False,
49644,False,True,
49645,False,True,
49648,False,True,
49649,False,True,
49651,False,True,
49652,False,True,
49653,False,True,
49656,False,True,
49657,False,True,
49658,True,False,
49659,True,False,
49660,True,False,
49662,False,True,
49663,False,True,
49664,False,True,
49665,False,True,
49666,False,True,
49667,False,True,
49668,False,True,
49669,False,True,
49670,False,True,
49671,False,True,
49672,False,True,
49674,False,True,
49675,False,True,
49676,False,True,
49677,False,True,
49678,False,True,
49681,False,True,
49682,False,True,
49683,False,True,
49684,False,True,
49685,False,True,
49686,False,True,
49687,False,True,
49688,False,True,
49689,False,True,
49690,False,True,
49691,True,False,
49692,True,False,
49693,,True,
49695,False,True,
49697,False,True,
49698,False,True,
49699,False,True,
49700,,True,
49701,True,False,
49702,True,False,
49703,False,True,
49704,True,False,
49705,True,False,
49706,,True,
49707,,True,
49708,False,True,
49709,False,True,
49710,False,True,
49711,False,True,
49712,False,True,
49713,False,True,
49714,False,True,
49715,False,True,
49716,False,True,
49717,False,True,
49718,False,True,
49719,False,True,
49720,False,True,
49721,False,True,
49722,False,True,
49723,False,True,
49724,False,True,
49725,False,True,
49726,False,True,
49727,False,True,
49728,False,True,
49729,False,True,
49730,False,True,
49731,False,True,
49733,False,True,
49734,False,False,
49735,True,False,
49736,False,True,
49737,True,False,
49738,False,True,
49740,False,True,
49741,False,True,
49742,False,True,
49743,False,True,
49744,False,True,
49745,False,True,
49746,False,True,
49747,True,False,
49749,True,False,
49750,True,False,
49751,False,True,
49752,False,True,
49753,True,False,
49754,True,False,
49755,,True,
49756,,True,
49757,,True,
49758,True,False,
49759,,True,
49760,False,True,
49761,False,True,
49762,False,True,
49763,False,True,
49764,False,True,
49765,True,False,
49766,False,True,
49767,False,True,
49768,False,True,
49769,True,False,
49770,True,False,
49772,False,True,
49773,False,True,
49774,False,True,
49775,True,False,
49778,True,False,
49779,True,False,
49780,True,False,
49781,True,False,
49782,True,False,
49783,True,False,
49785,True,False,
49787,True,False,
49788,True,False,
49789,True,False,
49790,True,False,
49791,True,False,
49792,True,False,
49793,True,False,
49794,True,False,
49795,True,False,
49797,True,False,
49798,True,False,
49799,True,False,
49800,True,False,
49801,True,False,
49802,True,False,
49803,True,False,
49804,True,False,
49805,False,False,
49806,False,False,
49808,False,True,
49809,False,True,
49810,True,False,
49812,True,False,
49815,False,True,
49816,False,True,
49817,False,True,
49818,False,False,
49819,False,True,
49820,False,True,
49821,False,True,
49822,False,True,
49823,False,True,
49825,False,True,
49827,False,False,
49828,,,
49829,,,
49830,,,
49831,False,True,
49833,True,False,
49834,True,False,
49836,True,False,
49837,False,True,
49838,False,True,
49839,False,True,
49840,False,True,
49842,False,True,
49843,False,True,
49844,False,True,
49847,False,True,
49848,False,True,
49849,False,True,
49850,False,False,
49851,False,False,
49852,False,False,
49853,False,False,
49854,False,True,
49855,False,False,
49856,False,False,
49858,False,True,
49859,False,True,
49860,False,True,
49861,False,True,
49862,False,True,
49864,False,True,
49865,False,True,
49867,False,False,
49868,True,False,
49869,False,True,
49870,False,False,
49871,False,False,
49872,False,True,
49873,False,False,
49876,False,True,
49877,False,False,
49878,False,False,
49879,False,False,
49880,False,False,
49881,False,False,
49882,True,False,
49883,True,False,
49884,True,False,
49885,False,True,
49886,False,True,
49888,False,True,
49889,False,True,
49890,False,True,
49892,False,True,
49893,False,True,
49894,False,True,
49895,False,True,
49897,False,True,
49899,False,True,
49900,False,True,
49901,False,True,
49902,False,True,
49903,False,True,
49904,False,True,
49905,False,True,
49908,True,False,
49909,True,False,
49910,False,True,
49911,False,True,
49914,False,True,
49916,False,True,
49917,False,True,
49918,False,False,
49919,False,False,
49923,False,True,
49926,False,True,
49927,False,True,
49928,False,True,
49930,False,True,
49932,False,True,
49933,False,True,
49934,False,True,
49935,False,True,
49937,False,True,
49938,False,True,
49939,True,False,
49940,True,False,
49941,True,False,
49943,True,False,
49944,True,False,
49945,True,False,
49946,True,False,
49947,True,False,
49948,True,False,
49949,True,False,
49951,True,False,
49952,True,False,
49954,True,False,
49955,True,False,
49956,True,False,
49958,True,False,
49959,True,False,
49960,True,False,
49961,True,False,
49962,False,True,
49963,True,False,
49964,True,False,
49965,True,False,
49966,True,False,
49967,True,False,
49968,True,False,
49969,True,False,
49971,False,True,
49972,False,True,
49973,False,True,
49974,False,True,
49975,False,True,
49976,False,True,
49978,True,False,
49979,True,False,
49980,True,False,
49982,True,False,
49983,True,False,
49984,True,False,
49985,True,False,
49986,True,False,
49987,True,False,
49988,True,False,
49989,True,False,
49990,False,True,
49992,True,False,
49994,False,True,
49996,True,False,
49997,True,False,
49998,True,False,
49999,True,False,
50000,True,False,
50001,True,False,
50002,True,False,
50003,True,False,
50004,False,True,
50005,True,False,
50006,True,False,
50007,True,False,
50008,True,False,
50009,True,False,
50010,True,False,
50013,False,True,
50015,True,False,
50016,True,False,
50017,True,False,
50019,False,True,
50020,True,False,
50025,True,False,
50027,True,False,
50029,False,False,
50030,True,False,
50031,False,True,
50032,False,True,
50033,True,False,
50035,False,True,
50036,True,False,
50037,True,False,
50038,True,False,
50039,True,False,
50040,True,False,
50041,True,False,
50042,False,True,
50043,False,True,
50044,False,True,
50045,False,True,
50046,False,True,
50047,False,True,
50048,False,True,
50049,False,True,
50050,True,False,
50052,False,True,
50053,False,True,
50055,True,False,
50056,False,True,
50057,True,False,
50058,False,True,
50059,False,True,
50060,False,True,
50061,False,True,
50062,False,True,
50064,False,True,
50066,False,True,
50068,False,True,
50069,True,False,
50070,True,False,
50071,True,False,
50072,True,False,
50073,True,False,
50075,True,False,
50077,True,False,
50078,True,False,
50079,False,True,
50080,True,False,
50081,True,False,
50083,False,True,
50084,False,True,
50085,True,False,
50087,False,True,
50088,True,False,
50091,False,True,
50092,False,True,
50093,False,True,
50094,False,True,
50095,False,True,
50096,False,True,
50097,False,True,
50098,False,True,
50099,False,True,
50100,False,True,
50102,False,True,
50104,True,False,
50105,True,False,
50106,True,False,
50107,True,False,
50108,True,False,
50109,True,False,
50110,True,False,
50111,True,False,
50112,True,False,
50113,True,False,
50114,True,False,
50115,True,False,
50116,True,False,
50117,True,False,
50119,True,False,
50120,True,False,
50121,True,False,
50122,True,False,
50123,True,False,
50124,True,False,
50125,True,False,
50126,True,False,
50127,True,False,
50128,True,False,
50129,True,False,
50130,True,False,
50131,True,False,
50133,True,False,
50134,True,False,
50135,True,False,
50136,True,False,
50137,True,False,
50138,True,False,
50139,True,False,
50140,True,False,
50141,False,True,
50142,True,False,
50146,False,True,
50147,True,False,
50148,True,False,
50149,False,True,
50150,True,False,
50151,True,False,
50152,True,False,
50153,False,True,
50154,True,False,
50155,True,False,
50156,True,False,
50157,True,False,
50159,True,False,
50160,True,False,
50161,True,False,
50162,True,False,
50163,True,False,
50164,True,False,
50165,True,False,
50166,True,False,
50167,True,False,
50168,True,False,
50169,True,False,
50170,True,False,
50171,True,False,
50172,True,False,
50173,True,False,
50174,True,False,
50175,True,False,
50176,True,False,
50177,True,False,
50178,True,False,
50179,True,False,
50180,True,False,
50181,True,False,
50182,True,False,
50183,False,True,
50184,False,True,
50185,True,False,
50186,True,False,
50187,True,False,
50188,True,False,
50189,True,False,
50191,True,False,
50192,True,False,
50193,True,False,
50194,True,False,
50196,True,False,
50197,True,False,
50198,True,False,
50200,False,True,
50201,False,True,
50206,False,True,
50207,False,True,
50208,False,True,
50209,False,True,
50210,False,True,
50211,False,True,
50212,False,True,
50213,False,True,
50215,False,True,
50216,True,False,
50217,False,True,
50218,False,True,
50219,False,True,
50221,True,False,
50222,True,False,
50223,False,True,
50225,True,False,
50226,True,False,
50228,False,True,
50229,False,True,
50230,True,False,
50231,True,False,
50232,False,True,
50233,False,True,
50234,False,True,
50235,False,True,
50236,False,True,
50237,False,True,
50238,False,True,
50239,False,True,
50240,False,True,
50241,False,True,
50242,False,True,
50243,False,True,
50244,False,True,
50245,False,True,
50247,False,True,
50248,False,True,
50249,False,True,
50250,False,True,
50251,False,True,
50252,False,True,
50253,False,True,
50254,False,True,
50255,True,False,
50256,True,False,
50257,True,False,
50259,True,False,
50260,False,True,
50261,False,True,
50262,False,True,
50263,False,True,
50264,False,True,
50265,False,True,
50266,False,True,
50267,False,True,
50268,False,True,
50269,False,True,
50270,False,True,
50271,False,True,
50272,False,True,
50273,False,True,
50274,True,False,
50275,True,False,
50276,False,True,
50277,True,False,
50278,True,False,
50279,True,False,
50280,True,False,
50281,True,False,
50282,True,False,
50283,True,False,
50284,True,False,
50285,True,False,
50286,True,False,
50287,True,False,
50288,True,False,
50289,True,False,
50290,True,False,
50291,True,False,
50292,True,False,
50293,False,True,
50294,False,False,
50295,False,False,
50296,False,False,
50297,False,False,
50298,False,False,
50299,False,False,
50300,True,False,
50301,True,False,
50302,True,False,
50303,True,False,
50304,True,False,
50305,True,False,
50306,True,False,
50307,False,False,
50308,False,True,
50309,False,True,
50310,False,False,
50311,False,False,
50312,True,False,
50313,True,False,
50314,False,False,
50315,False,False,
50316,False,False,
50317,False,False,
50318,False,True,
50319,False,True,
50320,False,True,
50321,False,True,
50325,False,True,
50326,False,True,
50327,False,True,
50328,False,True,
50329,False,True,
50330,False,True,
50331,False,True,
50333,False,True,
50334,False,True,
50335,False,True,
50336,False,True,
50337,False,True,
50338,False,True,
50339,False,True,
50340,False,True,
50341,False,True,
50342,False,True,
50343,False,True,
50344,False,True,
50345,False,True,
50346,False,True,
50347,False,True,
50348,False,True,
50349,False,True,
50351,False,True,
50354,False,True,
50355,False,True,
50356,False,True,
50357,False,True,
50358,False,True,
50359,False,True,
50360,False,True,
50361,False,True,
50364,False,True,
50365,False,True,
50366,False,True,
50368,True,False,
50370,False,True,
50371,False,True,
50372,False,True,
50373,True,False,
50374,False,True,
50375,False,True,
50378,True,False,
50379,True,False,
50380,True,False,
50381,True,False,
50382,False,True,
50384,False,True,
50385,False,True,
50386,True,False,
50387,True,False,
50388,True,False,
50389,True,False,
50391,False,True,
50392,False,True,
50395,False,True,
50396,False,True,
50397,False,True,
50398,False,True,
50399,False,True,
50400,False,False,
50401,False,True,
50402,False,True,
50403,False,True,
50404,False,True,
50405,False,False,
50406,False,False,
50407,False,False,
50408,False,False,
50409,False,False,
50411,False,True,
50412,False,True,
50420,False,True,
50421,False,True,
50422,False,True,
50423,False,True,
50424,False,True,
50425,False,True,
50426,False,True,
50427,False,True,
50428,False,True,
50429,True,False,
50430,True,False,
50432,True,False,
50433,True,False,
50434,False,True,
50435,True,False,
50436,True,False,
50437,True,False,
50438,True,False,
50442,False,True,
50443,False,True,
50444,False,True,
50446,True,False,
50447,True,False,
50448,True,False,
50449,True,False,
50450,True,False,
50451,True,False,
50452,True,False,
50453,True,False,
50454,True,False,
50455,True,False,
50456,True,False,
50457,True,False,
50458,True,False,
50459,True,False,
50460,False,True,
50461,False,True,
50462,False,True,
50463,False,True,
50464,False,True,
50466,False,True,
50467,False,True,
50468,False,True,
50469,True,False,
50473,False,False,
50474,True,False,
50475,False,False,
50476,False,False,
50483,False,True,
50484,False,True,
50487,False,True,
50488,False,True,
50489,False,True,
50490,False,True,
50491,False,True,
50492,False,True,
50495,False,True,
50496,False,True,
50497,False,True,
50498,False,True,
50500,True,False,
50501,False,True,
50502,False,True,
50503,False,True,
50504,False,True,
50505,False,True,
50506,False,False,
50507,False,True,
50508,True,False,
50509,False,True,
50510,True,False,
50511,False,True,
50512,False,True,
50513,True,False,
50514,True,False,
50515,True,False,
50516,True,False,
50517,True,False,
50518,True,False,
50519,True,False,
50520,True,False,
50521,False,True,
50522,True,False,
50523,True,False,
50524,True,False,
50525,True,False,
50526,False,False,
50528,True,False,
50530,True,False,
50531,True,False,
50533,False,False,
50536,False,True,
50537,True,False,
50538,True,False,
50539,True,False,
50540,True,False,
50541,True,False,
50542,False,True,
50543,True,False,
50544,True,False,
50545,True,False,
50546,False,True,
50548,True,False,
50549,True,False,
50550,False,True,
50551,False,True,
50552,False,True,
50553,True,False,
50554,True,False,
50556,True,False,
50557,True,False,
50558,True,False,
50559,True,False,
50560,True,False,
50561,True,False,
50562,False,True,
50563,False,True,
50564,True,False,
50565,True,False,
50566,True,False,
50567,True,False,
50568,True,False,
50569,True,False,
50570,True,False,
50571,True,False,
50572,True,False,
50573,True,False,
50575,True,False,
50576,True,False,
50577,True,False,
50578,False,True,
50579,True,False,
50580,True,False,
50581,True,False,
50582,True,False,
50583,True,False,
50584,False,True,
50585,False,True,
50586,False,True,
50587,True,False,
50588,False,False,
50589,True,False,
50591,False,True,
50592,True,False,
50593,True,False,
50594,False,True,
50595,False,False,
50596,False,False,
50597,False,False,
50598,False,False,
50599,True,False,
50600,True,False,
50601,False,False,
50602,False,False,
50603,False,True,
50604,True,False,
50605,False,True,
50606,False,True,
50607,False,True,
50608,False,True,
50609,,True,
50610,False,True,
50611,False,True,
50612,False,True,
50613,False,True,
50614,False,True,
50615,False,True,
50616,False,True,
50617,False,True,
50619,False,True,
50620,False,True,
50621,True,False,
50623,True,False,
50624,True,False,
50625,True,False,
50626,True,False,
50627,True,False,
50628,True,False,
50629,True,False,
50630,True,False,
50631,True,False,
50632,False,True,
50633,False,True,
50634,False,True,
50635,False,True,
50636,False,True,
50637,False,True,
50638,False,True,
50639,False,True,
50640,False,True,
50641,False,True,
50642,True,False,
50645,False,True,
50648,True,False,
50649,True,False,
50650,True,False,
50651,True,False,
50652,True,False,
50653,True,False,
50654,True,False,
50655,True,False,
50656,True,False,
50657,True,False,
50658,True,False,
50659,True,False,
50661,False,True,
50662,False,True,
50663,False,True,
50665,False,True,
50666,True,False,
50667,True,False,
50668,True,False,
50669,True,False,
50670,False,True,
50671,False,True,
50673,False,True,
50674,False,True,
50675,False,True,
50676,True,False,
50678,True,False,
50679,True,False,
50680,True,False,
50681,True,False,
50682,True,False,
50683,True,False,
50684,True,False,
50685,True,False,
50686,True,False,
50687,True,False,
50688,True,False,
50689,True,False,
50690,True,False,
50692,False,True,
50693,False,True,
50694,True,False,
50695,True,False,
50696,True,False,
50697,True,False,
50698,True,False,
50699,True,False,
50700,False,False,
50701,True,False,
50702,True,False,
50703,True,False,
50704,True,False,
50705,True,False,
50706,True,False,
50707,True,False,
50708,True,False,
50709,True,False,
50710,True,False,
50711,True,False,
50712,True,False,
50713,True,False,
50714,True,False,
50715,True,False,
50716,True,False,
50717,True,False,
50718,True,False,
50719,True,False,
50720,True,False,
50721,True,False,
50722,True,False,
50723,True,False,
50724,True,False,
50725,True,False,
50726,True,False,
50727,True,False,
50728,True,False,
50729,True,False,
50730,True,False,
50731,True,False,
50732,True,False,
50734,True,False,
50735,True,False,
50736,True,False,
50737,True,False,
50738,True,False,
50739,True,False,
50740,True,False,
50741,True,False,
50742,True,False,
50744,True,False,
50746,True,False,
50747,True,False,
50749,True,False,
50750,False,True,
50751,False,True,
50752,False,True,
50753,True,False,
50756,True,False,
50757,True,False,
50758,True,False,
50759,True,False,
50760,True,False,
50761,True,False,
50762,True,False,
50763,False,False,
50765,True,False,
50766,True,False,
50767,True,False,
50768,True,False,
50769,True,False,
50770,True,False,
50772,True,False,
50773,True,False,
50774,True,False,
50775,False,True,
50776,True,False,
50777,False,True,
50778,False,True,
50779,False,True,
50780,False,True,
50781,False,True,
50783,False,True,
50784,False,True,
50785,False,True,
50786,False,True,
50787,False,True,
50788,False,True,
50789,False,True,
50790,False,True,
50791,False,True,
50792,False,True,
50793,False,True,
50795,False,True,
50796,True,False,
50797,True,False,
50798,True,False,
50799,True,False,
50800,False,True,
50801,False,True,
50802,True,False,
50803,True,False,
50804,True,False,
50805,True,False,
50806,True,False,
50807,True,False,
50808,True,False,
50809,True,False,
50810,True,False,
50811,True,False,
50812,True,False,
50813,True,False,
50814,True,False,
50815,True,False,
50816,True,False,
50817,False,True,
50818,True,False,
50819,False,True,
50820,False,True,
50821,True,False,
50822,False,True,
50823,True,False,
50824,True,False,
50825,False,True,
50826,False,True,
50828,False,True,
50829,False,True,
50831,False,True,
50832,False,False,
50833,False,True,
50834,False,True,
50835,True,False,
50836,True,False,
50837,True,False,
50838,True,False,
50839,True,False,
50840,False,True,
50841,False,True,
50842,False,True,
50843,False,True,
50844,False,True,
50845,False,True,
50846,False,False,
50847,False,True,
50848,False,True,
50849,False,True,
50850,False,True,
50851,False,True,
50852,False,False,
50853,False,True,
50854,False,True,
50855,False,True,
50856,False,False,
50857,False,True,
50858,False,True,
50859,False,False,
50860,False,False,
50861,False,False,
50862,False,False,
50863,False,False,
50864,False,False,
50865,False,False,
50866,False,False,
50867,False,False,
50868,False,False,
50869,False,False,
50870,False,False,
50871,False,False,
50872,False,True,
50873,False,True,
50874,False,True,
50876,False,True,
50877,False,True,
50878,False,True,
50879,False,True,
50880,False,True,
50881,False,True,
50882,False,True,
50883,False,False,
50884,False,True,
50886,False,True,
50887,False,True,
50888,False,True,
50889,True,False,
50890,False,True,
50891,False,False,
50892,True,False,
50893,True,False,
50894,True,False,
50895,True,False,
50896,True,False,
50899,True,False,
50900,False,True,
50901,False,True,
50902,True,False,
50903,False,True,
50904,False,True,
50905,True,False,
50907,False,True,
50908,False,True,
50909,True,False,
50910,True,False,
50911,False,False,
50912,False,True,
50913,False,False,
50914,False,False,
50915,False,False,
50917,False,False,
50918,False,False,
50919,False,False,
50920,False,False,
50921,False,False,
50922,False,False,
50923,False,False,
50924,False,False,
50925,False,False,
50926,False,False,
50927,False,False,
50928,True,False,
50929,True,False,
50930,True,False,
50931,True,False,
50932,True,False,
50933,False,True,
50934,,True,
50935,False,True,
50936,False,True,
50937,False,True,
50938,False,True,
50939,False,True,
50940,,True,
50941,False,True,
50942,False,True,
50943,False,True,
50944,False,True,
50945,False,True,
50946,False,True,
50947,False,True,
50948,False,True,
50949,False,True,
50950,,True,
50951,False,True,
50952,False,True,
50953,False,True,
50954,False,True,
50955,,True,
50956,,True,
50957,False,True,
50958,False,True,
50959,False,True,
50960,False,True,
50961,False,True,
50962,False,True,
50963,,True,
50964,False,True,
50965,False,True,
50966,,True,
50967,False,True,
50968,False,True,
50969,False,True,
50970,False,True,
50971,False,True,
50972,False,True,
50974,False,True,
50975,False,True,
50976,False,True,
50977,False,True,
50978,False,True,
50979,False,True,
50980,False,True,
50981,False,True,
50982,False,False,
50983,False,True,
50984,False,True,
50985,False,True,
50986,False,True,
50987,False,True,
50988,False,True,
50989,True,False,
50990,True,False,
50991,True,False,
50992,True,False,
50993,True,False,
50994,True,False,
50995,True,False,
50996,True,False,
50997,True,False,
50998,True,False,
50999,False,True,
51000,True,False,
51001,True,False,
51002,False,True,
51003,False,False,
51004,False,False,
51005,True,False,
51006,True,False,
51007,True,False,
51008,True,False,
51009,False,True,
51010,False,True,
51011,True,False,
51012,True,False,
51013,True,False,
51014,True,False,
51015,True,False,
51017,False,True,
51018,True,False,
51019,False,True,
51020,True,False,
51021,False,True,
51022,False,True,
51023,False,True,
51024,False,True,
51025,True,False,
51026,False,True,
51027,False,True,
51028,False,True,
51029,False,False,
51030,False,True,
51031,False,True,
51032,True,False,
51033,True,False,
51034,True,False,
51035,True,False,
51036,True,False,
51037,True,False,
51038,True,False,
51039,True,False,
51040,True,False,
51041,False,True,
51042,False,True,
51043,False,True,
51044,False,True,
51045,False,True,
51046,False,True,
51047,False,True,
51048,False,True,
51049,False,True,
51050,False,True,
51051,False,True,
51052,False,True,
51053,False,True,
51054,True,False,
51055,False,True,
51056,False,True,
51057,False,True,
51058,False,True,
51059,False,True,
51060,False,True,
51061,False,True,
51062,False,True,
51063,False,True,
51064,False,True,
51065,False,True,
51066,False,True,
51067,False,True,
51068,False,True,
51069,False,True,
51070,False,True,
51071,False,True,
51072,False,True,
51073,False,True,
51074,False,True,
51075,False,True,
51076,False,True,
51077,False,True,
51078,False,True,
51079,False,True,
51080,False,True,
51081,False,True,
51082,False,True,
51083,True,False,
51084,True,False,
51085,True,False,
51087,True,False,
51088,True,False,
51089,True,False,
51090,True,False,
51091,True,False,
51092,True,False,
51093,True,False,
51095,False,True,
51096,False,False,
51097,False,False,
51098,False,False,
51099,False,False,
51100,False,False,
51101,False,True,
51102,False,True,
51104,False,False,
51105,False,True,
51106,True,False,
51107,True,False,
51108,True,False,
51109,True,False,
51110,True,False,
51111,False,True,
51112,False,True,
51114,False,True,
51115,False,False,
51116,False,False,
51117,False,False,
51118,False,True,
51119,False,True,
51120,False,True,
51121,False,True,
51122,False,True,
51123,False,True,
51124,True,False,
51125,True,False,
51126,False,True,
51127,False,True,
51128,False,True,
51131,False,True,
51132,True,False,
51135,True,False,
51136,True,False,
51137,False,True,
51138,True,False,
51139,True,False,
51140,True,False,
51141,True,False,
51142,False,True,
51143,False,True,
51145,False,True,
51147,False,True,
51148,False,False,
51149,False,True,
51150,False,True,
51151,False,True,
51152,False,False,
51154,False,True,
51155,False,True,
51156,False,False,
51157,False,False,
51158,False,False,
51160,True,False,
51161,True,False,
51162,True,False,
51163,True,False,
51164,True,False,
51167,False,False,
51168,False,False,
51170,False,True,
51171,True,False,
51172,True,False,
51173,True,False,
51175,False,False,
51176,True,False,
51177,False,True,
51178,True,False,
51179,False,False,
51180,True,False,
51181,True,False,
51182,True,False,
51183,True,False,
51185,True,False,
51186,True,False,
51188,True,False,
51189,False,True,
51190,True,False,
51191,True,False,
51192,False,False,
51193,True,False,
51194,True,False,
51195,True,False,
51196,False,True,
51197,False,True,
51198,True,False,
51199,True,False,
51200,False,True,
51201,False,True,
51202,False,True,
51203,False,True,
51204,False,True,
51205,False,True,
51206,False,True,
51207,False,True,
51208,False,True,
51209,False,True,
51210,False,True,
51211,False,True,
51212,False,True,
51213,False,True,
51214,False,True,
51215,False,True,
51219,True,False,
51220,False,True,
51222,True,False,
51223,False,True,
51225,False,True,
51226,False,True,
51229,False,True,
51230,True,False,
51231,True,False,
51232,True,False,
51233,True,False,
51234,True,False,
51235,True,False,
51236,True,False,
51237,True,False,
51238,True,False,
51239,True,False,
51240,True,False,
51242,True,False,
51243,False,True,
51244,False,True,
51245,False,True,
51246,False,True,
51247,False,True,
51248,True,False,
51249,True,False,
51250,True,False,
51251,False,True,
51252,True,False,
51253,True,False,
51254,True,False,
51255,True,False,
51257,True,False,
51263,False,True,
51268,False,False,
51269,False,False,
51270,False,False,
51271,False,False,
51272,False,True,
51273,False,True,
51274,False,True,
51275,False,False,
51277,False,False,
51282,False,False,
51283,False,True,
51286,False,True,
51287,False,False,
51288,False,False,
51289,False,True,
51290,False,True,
51291,False,True,
51292,False,False,
51293,False,False,
51294,False,False,
51296,False,True,
51302,False,True,
51303,False,False,
51304,False,True,
51305,False,True,
51306,False,True,
51307,False,True,
51308,False,False,
51309,False,False,
51310,False,False,
51315,False,True,
51316,False,True,
51317,False,True,
51318,,True,
51319,,True,
51320,False,True,
51321,False,True,
51322,False,True,
51323,False,True,
51325,False,True,
51326,False,True,
51327,False,True,
51328,False,True,
51329,False,False,
51330,False,True,
51331,False,True,
51332,False,False,
51333,False,True,
51335,False,True,
51336,False,True,
51337,False,True,
51338,False,True,
51339,False,True,
51340,False,True,
51341,False,True,
51342,False,True,
51343,False,True,
51344,False,True,
51345,False,True,
51346,False,True,
51347,False,True,
51348,False,True,
51349,False,True,
51350,False,True,
51351,False,True,
51352,False,True,
51353,False,True,
51354,False,True,
51355,False,True,
51356,False,True,
51357,False,True,
51358,False,True,
51359,False,True,
51360,True,False,
51361,False,True,
51362,False,True,
51363,False,True,
51364,False,True,
51365,False,True,
51366,False,True,
51367,True,False,
51368,True,False,
51369,False,True,
51370,False,False,
51371,False,False,
51372,False,False,
51373,False,False,
51374,False,False,
51375,False,False,
51376,False,False,
51377,False,False,
51379,False,False,
51380,False,True,
51381,False,True,
51383,False,True,
51384,False,True,
51386,False,True,
51388,,True,
51389,True,False,
51390,True,False,
51391,True,False,
51392,True,False,
51393,False,True,
51395,False,True,
51396,True,False,
51397,False,True,
51398,False,True,
51399,False,True,
51400,False,True,
51401,False,True,
51402,False,True,
51403,False,True,
51404,False,True,
51405,False,True,
51407,False,True,
51409,True,False,
51410,True,False,
51411,True,False,
51412,True,False,
51413,True,False,
51418,False,True,
51419,True,False,
51426,True,False,
51440,False,False,
51442,False,True,
51443,True,False,
51444,False,True,
51445,False,True,
51446,False,True,
51447,False,True,
51448,False,False,
51449,True,False,
51452,False,True,
51453,True,False,
51455,False,True,
51456,True,False,
51457,True,False,
51458,True,False,
51459,True,False,
51460,True,False,
51461,True,False,
51462,True,False,
51463,True,False,
51464,True,False,
51465,True,False,
51466,True,False,
51467,True,False,
51468,True,False,
51469,True,False,
51470,True,False,
51471,True,False,
51472,True,False,
51473,True,False,
51474,True,False,
51475,False,True,
51476,False,True,
51477,False,True,
51478,False,True,
51479,True,False,
51481,True,False,
51482,True,False,
51483,True,False,
51484,True,False,
51485,True,False,
51486,True,False,
51487,True,False,
51488,True,False,
51489,True,False,
51490,True,False,
51491,True,False,
51492,True,False,
51493,True,False,
51494,True,False,
51495,True,False,
51496,True,False,
51497,True,False,
51498,True,False,
51499,False,True,
51500,False,False,
51501,True,False,
51502,False,True,
51503,True,False,
51504,False,True,
51505,False,False,
51506,False,True,
51507,False,True,
51508,True,False,
51509,False,True,
51510,False,True,
51511,False,True,
51512,False,True,
51513,False,True,
51514,False,False,
51515,False,True,
51516,False,False,
51517,False,True,
51518,False,True,
51519,False,True,
51520,False,True,
51521,False,True,
51522,False,True,
51523,False,True,
51524,False,False,
51525,False,True,
51526,False,False,
51527,False,True,
51528,False,True,
51529,False,True,
51530,True,False,
51531,False,True,
51532,True,False,
51533,False,True,
51534,True,False,
51535,False,False,
51536,True,False,
51537,False,True,
51538,False,False,
51539,True,False,
51540,True,False,
51541,False,False,
51542,True,False,
51543,False,True,
51544,True,False,
51545,False,False,
51546,True,False,
51547,False,True,
51548,True,False,
51549,True,False,
51550,True,False,
51552,False,True,
51553,False,True,
51555,False,True,
51556,False,True,
51557,False,True,
51558,False,True,
51559,False,True,
51560,False,True,
51561,,True,
51562,True,False,
51563,True,False,
51564,True,False,
51565,True,False,
51566,True,False,
51567,True,False,
51568,True,False,
51569,True,False,
51570,True,False,
51571,False,True,
51572,False,True,
51573,False,True,
51575,False,True,
51578,True,False,
51579,True,False,
51580,True,False,
51581,False,True,
51582,False,True,
51583,False,True,
51585,True,False,
51586,True,False,
51587,True,False,
51588,True,False,
51589,True,False,
51590,True,False,
51591,True,False,
51592,True,False,
51593,True,False,
51594,True,False,
51595,False,True,
51596,False,True,
51597,False,True,
51599,False,True,
51600,False,True,
51602,False,True,
51603,False,True,
51604,False,True,
51607,False,True,
51608,False,True,
51609,True,False,
51611,True,False,
51612,False,True,
51613,False,True,
51615,True,False,
51616,False,True,
51617,False,True,
51618,False,True,
51619,True,False,
51620,False,True,
51621,False,True,
51622,False,True,
51623,False,True,
51624,True,False,
51625,True,False,
51627,True,False,
51628,False,True,
51629,False,True,
51630,False,True,
51631,False,True,
51632,False,True,
51633,False,True,
51634,True,False,
51635,True,False,
51636,False,True,
51637,False,True,
51638,False,True,
51639,False,True,
51640,False,True,
51641,False,True,
51642,False,True,
51643,False,True,
51644,False,True,
51645,False,True,
51646,False,True,
51647,False,True,
51648,False,True,
51649,False,True,
51650,True,False,
51651,False,True,
51652,False,True,
51653,False,True,
51654,False,True,
51655,False,True,
51657,True,False,
51658,False,True,
51659,True,False,
51661,True,False,
51662,True,False,
51663,True,False,
51664,True,False,
51665,True,False,
51666,True,False,
51667,True,False,
51668,False,True,
51669,False,True,
51670,True,False,
51671,True,False,
51673,True,False,
51674,True,False,
51675,True,False,
51676,True,False,
51677,False,True,
51678,False,True,
51680,False,True,
51681,False,True,
51682,False,True,
51683,False,True,
51684,False,True,
51685,False,True,
51686,False,True,
51687,False,True,
51688,False,True,
51689,False,True,
51690,False,True,
51691,False,True,
51692,False,True,
51693,False,True,
51694,False,True,
51695,False,True,
51696,False,True,
51697,False,True,
51698,False,True,
51699,False,False,
51700,False,True,
51701,False,True,
51702,False,True,
51703,False,True,
51704,False,True,
51706,True,False,
51707,True,False,
51708,False,True,
51709,False,True,
51710,False,True,
51711,True,False,
51712,True,False,
51713,True,False,
51714,True,False,
51716,False,True,
51717,False,False,
51718,False,True,
51719,False,False,
51720,False,False,
51721,True,False,
51722,True,False,
51723,True,False,
51725,True,False,
51726,False,True,
51727,False,True,
51728,False,False,
51729,False,True,
51730,True,False,
51731,True,False,
51732,True,False,
51733,True,False,
51734,True,False,
51735,True,False,
51737,False,True,
51738,True,False,
51739,True,False,
51740,True,False,
51741,True,False,
51742,True,False,
51743,True,False,
51744,True,False,
51745,True,False,
51746,True,False,
51747,False,True,
51748,False,True,
51750,False,True,
51751,True,False,
51752,False,True,
51753,True,False,
51754,True,False,
51755,True,False,
51756,True,False,
51757,True,False,
51758,False,True,
51759,True,False,
51761,True,False,
51762,True,False,
51763,True,False,
51764,True,False,
51765,True,False,
51766,True,False,
51767,True,False,
51768,True,False,
51769,True,False,
51770,True,False,
51771,False,True,
51772,True,False,
51776,True,False,
51777,True,False,
51778,True,False,
51779,True,False,
51780,True,False,
51781,True,False,
51782,True,False,
51783,True,False,
51784,True,False,
51785,True,False,
51786,True,False,
51787,True,False,
51788,True,False,
51789,True,False,
51790,False,True,
51791,False,True,
51792,False,False,
51793,False,False,
51794,False,False,
51795,True,False,
51796,False,True,
51797,True,False,
51798,True,False,
51800,False,True,
51801,False,True,
51804,False,True,
51805,False,True,
51808,True,False,
51809,True,False,
51810,True,False,
51812,True,False,
51813,True,False,
51814,True,False,
51816,False,False,
51817,False,False,
51818,False,False,
51819,False,False,
51820,False,False,
51821,False,False,
51822,True,False,
51823,True,False,
51824,True,False,
51825,True,False,
51827,True,False,
51828,True,False,
51829,True,False,
51830,True,False,
51831,True,False,
51832,True,False,
51833,True,False,
51834,True,False,
51835,True,False,
51836,True,False,
51837,True,False,
51838,True,False,
51839,True,False,
51840,True,False,
51841,True,False,
51842,True,False,
51843,True,False,
51844,True,False,
51845,True,False,
51846,True,False,
51847,True,False,
51848,True,False,
51849,False,False,
51850,False,True,
51851,False,True,
51852,False,True,
51853,True,False,
51854,False,False,
51855,False,True,
51856,True,False,
51858,False,True,
51859,False,False,
51860,False,True,
51861,True,False,
51862,True,False,
51863,True,False,
51864,True,False,
51865,True,False,
51866,False,True,
51867,False,True,
51868,True,False,
51869,True,False,
51870,True,False,
51871,True,False,
51872,True,False,
51873,True,False,
51874,False,False,
51875,False,True,
51876,False,False,
51877,False,True,
51879,True,False,
51880,True,False,
51881,True,False,
51882,True,False,
51883,True,False,
51884,True,False,
51886,False,True,
51887,False,True,
51888,True,False,
51889,True,False,
51890,True,False,
51891,True,False,
51892,True,False,
51893,True,False,
51894,False,True,
51895,False,True,
51897,False,True,
51898,True,False,
51899,True,False,
51900,False,True,
51901,True,False,
51902,False,True,
51903,False,True,
51904,False,True,
51905,False,True,
51906,False,True,
51907,False,True,
51908,False,True,
51909,False,True,
51910,True,False,
51911,True,False,
51912,True,False,
51913,True,False,
51914,True,False,
51915,True,False,
51916,True,False,
51917,True,False,
51918,False,True,
51919,True,False,
51920,True,False,
51921,True,False,
51922,False,True,
51923,False,True,
51924,False,True,
51925,True,False,
51926,False,True,
51927,False,True,
51929,True,False,
51930,True,False,
51932,True,False,
51933,True,False,
51934,True,False,
51935,True,False,
51936,True,False,
51937,False,True,
51938,False,True,
51939,True,False,
51940,,True,
51941,False,True,
51943,False,True,
51944,False,True,
51945,False,True,
51946,False,True,
51947,False,True,
51948,False,True,
51949,False,True,
51950,False,True,
51951,False,True,
51952,False,True,
51953,False,True,
51954,True,False,
51956,False,True,
51960,False,True,
51962,False,False,
51963,False,False,
51964,False,False,
51965,False,False,
51966,True,False,
51967,True,False,
51969,False,True,
51971,False,True,
51974,False,True,
51975,False,True,
51979,True,False,
51980,False,True,
51981,False,True,
51982,False,True,
51983,False,True,
51984,False,True,
51985,False,True,
51986,True,False,
51987,False,True,
51988,False,True,
51989,False,True,
51990,False,True,
51991,False,True,
51992,True,False,
51993,True,False,
51994,True,False,
51995,False,False,
51996,False,False,
51997,True,False,
51998,True,False,
51999,True,False,
52001,False,True,
52002,False,True,
52003,False,True,
52004,False,True,
52005,True,False,
52006,True,False,
52007,True,False,
52008,True,False,
52009,True,False,
52010,True,False,
52011,True,False,
52012,True,False,
52013,True,False,
52014,True,False,
52016,False,True,
52018,False,True,
52019,False,True,
52020,False,True,
52021,False,True,
52022,,True,
52023,True,False,
52024,,True,
52026,,True,
52027,False,True,
52028,False,True,
52029,False,False,
52030,True,False,
52031,True,False,
52032,True,False,
52033,True,False,
52034,True,False,
52035,True,False,
52036,True,False,
52037,True,False,
52039,True,False,
52040,False,True,
52041,True,False,
52042,True,False,
52043,True,False,
52045,False,True,
52061,True,False,
52062,False,True,
52063,False,True,
52064,True,False,
52065,False,True,
52066,,True,
52067,False,True,
52068,False,True,
52069,False,True,
52070,False,True,
52071,False,True,
52072,False,True,
52073,False,True,
52074,False,True,
52076,False,True,
52077,False,True,
52078,False,True,
52079,False,True,
52080,True,False,
52081,True,False,
52082,True,False,
52083,True,False,
52084,True,False,
52085,True,False,
52086,True,False,
52087,True,False,
52089,True,False,
52090,True,False,
52091,True,False,
52092,False,True,
52093,True,False,
52095,False,False,
52096,False,True,
52097,False,True,
52098,True,False,
52099,True,False,
52100,True,False,
52101,True,False,
52102,True,False,
52103,True,False,
52104,True,False,
52105,True,False,
52106,True,False,
52107,True,False,
52108,False,True,
52109,True,False,
52110,True,False,
52111,True,False,
52112,True,False,
52113,True,False,
52114,True,False,
52115,False,False,
52116,True,False,
52117,True,False,
52118,False,True,
52119,True,False,
52120,False,False,
52121,True,False,
52122,False,True,
52123,True,False,
52124,False,True,
52125,False,True,
52126,False,True,
52129,False,True,
52130,False,True,
52131,False,True,
52132,True,False,
52133,False,True,
52134,False,True,
52136,False,True,
52137,False,True,
52138,False,True,
52139,False,True,
52140,False,True,
52141,False,True,
52142,False,True,
52144,False,True,
52145,False,True,
52146,False,True,
52147,False,True,
52149,False,False,
52150,False,True,
52151,False,True,
52152,False,True,
52153,False,True,
52154,False,True,
52155,False,True,
52156,False,False,
52157,False,True,
52158,False,True,
52159,False,True,
52160,False,True,
52161,False,True,
52162,False,True,
52163,False,True,
52164,False,True,
52165,False,True,
52166,False,True,
52168,False,True,
52169,False,True,
52170,False,False,
52171,False,True,
52172,False,True,
52173,False,True,
52174,False,True,
52175,False,True,
52176,False,True,
52177,True,False,
52178,True,False,
52179,True,False,
52180,True,False,
52181,True,False,
52182,True,False,
52183,True,False,
52184,True,False,
52185,True,False,
52186,False,True,
52187,False,True,
52192,False,True,
52194,False,True,
52196,False,True,
52197,False,True,
52198,False,True,
52199,False,True,
52200,False,True,
52201,False,True,
52202,False,True,
52203,False,True,
52204,False,True,
52205,False,True,
52206,False,True,
52207,False,True,
52208,False,True,
52209,False,True,
52210,True,False,
52211,True,False,
52212,True,False,
52213,False,True,
52214,True,False,
52215,False,True,
52216,True,False,
52217,True,False,
52218,False,True,
52219,False,True,
52220,False,True,
52221,False,True,
52222,False,True,
52223,False,True,
52224,True,False,
52225,False,True,
52226,False,True,
52227,True,False,
52228,False,True,
52229,True,False,
52230,True,False,
52231,True,False,
52232,True,False,
52233,True,False,
52234,True,False,
52235,True,False,
52236,True,False,
52237,True,False,
52238,True,False,
52239,False,True,
52240,True,False,
52241,True,False,
52242,False,True,
52243,False,True,
52244,False,True,
52245,False,True,
52246,False,True,
52247,False,True,
52248,True,False,
52249,False,True,
52250,False,True,
52251,False,True,
52252,False,True,
52253,True,False,
52254,True,False,
52255,True,False,
52256,True,False,
52257,True,False,
52258,True,False,
52259,True,False,
52260,True,False,
52261,True,False,
52262,False,True,
52263,False,True,
52264,False,True,
52265,False,True,
52267,False,False,
52268,False,True,
52269,True,False,
52270,True,False,
52272,True,False,
52273,False,True,
52275,False,True,
52276,False,True,
52277,False,True,
52278,False,True,
52279,False,True,
52280,False,True,
52281,False,True,
52282,False,True,
52283,False,True,
52284,False,True,
52285,False,True,
52286,False,True,
52287,False,True,
52288,False,True,
52289,False,True,
52290,False,True,
52291,False,True,
52292,False,True,
52293,False,True,
52294,False,True,
52295,False,True,
52297,False,True,
52298,False,True,
52299,False,True,
52300,False,True,
52302,False,True,
52303,False,True,
52304,False,True,
52306,False,True,
52308,False,True,
52309,False,True,
52310,False,True,
52312,False,True,
52313,False,True,
52314,False,True,
52315,False,True,
52316,False,True,
52317,False,True,
52318,False,True,
52320,False,True,
52321,False,True,
52322,False,True,
52323,False,True,
52327,True,False,
52329,False,True,
52331,False,True,
52332,False,False,
52333,True,False,
52334,False,False,
52335,False,True,
52336,False,True,
52337,True,False,
52338,False,True,
52339,True,False,
52341,True,False,
52342,False,True,
52344,False,False,
52345,False,False,
52346,False,True,
52348,True,False,
52349,False,True,
52350,True,False,
52351,False,False,
52352,True,False,
52354,False,False,
52355,False,False,
52356,False,True,
52357,False,False,
52358,False,False,
52359,False,False,
52360,False,False,
52361,False,False,
52362,False,True,
52363,False,True,
52364,False,False,
52365,False,False,
52366,False,True,
52367,False,True,
52368,False,True,
52369,False,True,
52370,False,True,
52371,False,True,
52374,False,True,
52376,False,False,
52377,False,False,
52378,False,True,
52379,False,True,
52385,False,True,
52386,False,True,
52387,False,True,
52388,False,True,
52389,False,True,
52391,False,True,
52393,False,True,
52395,False,True,
52396,False,True,
52397,False,True,
52398,False,True,
52399,False,True,
52400,False,True,
52401,False,True,
52404,False,True,
52405,False,True,
52406,False,True,
52408,False,True,
52409,False,True,
52412,False,True,
52414,False,True,
52415,False,True,
52416,False,True,
52417,True,False,
52421,True,False,
52425,False,True,
52426,False,True,
52427,False,True,
52428,True,False,
52429,False,True,
52430,False,True,
52431,False,True,
52432,False,True,
52433,False,True,
52434,False,False,
52435,False,True,
52436,True,False,
52437,False,False,
52439,False,True,
52440,True,False,
52441,True,False,
52442,True,False,
52443,False,True,
52444,False,True,
52447,True,False,
52448,True,False,
52450,False,True,
52451,False,True,
52452,True,False,
52453,True,False,
52454,True,False,
52455,True,False,
52457,True,False,
52458,True,False,
52459,True,False,
52460,True,False,
52463,False,True,
52464,True,False,
52465,True,False,
52466,True,False,
52467,True,False,
52468,False,True,
52469,False,True,
52470,False,True,
52471,True,False,
52472,True,False,
52473,True,False,
52474,True,False,
52476,False,True,
52477,False,True,
52478,True,False,
52479,True,False,
52481,True,False,
52482,False,True,
52483,True,False,
52484,False,True,
52486,False,True,
52487,False,False,
52488,False,False,
52490,False,True,
52493,False,True,
52495,False,True,
52496,False,True,
52498,False,True,
52499,False,True,
52501,True,False,
52502,True,False,
52503,True,False,
52504,True,False,
52505,False,True,
52506,False,True,
52507,False,False,
52508,False,True,
52509,False,True,
52512,False,True,
52513,False,True,
52514,False,True,
52515,False,True,
52516,False,True,
52517,False,True,
52518,False,True,
52520,False,True,
52522,False,False,
52523,False,False,
52524,False,False,
52525,False,False,
52526,False,True,
52529,False,True,
52530,False,True,
52531,False,True,
52532,False,True,
52536,False,True,
52542,False,True,
52545,False,True,
52546,False,True,
52548,False,True,
52549,False,True,
52550,False,True,
52551,False,True,
52552,False,True,
52553,False,True,
52555,False,True,
52556,False,True,
52557,False,True,
52560,False,True,
52561,True,False,
52562,True,False,
52563,True,False,
52565,False,True,
52566,False,True,
52567,False,True,
52568,False,True,
52570,True,False,
52575,False,True,
52579,True,False,
52580,True,False,
52581,False,True,
52583,False,False,
52584,False,True,
52585,False,True,
52586,False,True,
52587,True,False,
52588,False,True,
52591,True,False,
52592,True,False,
52593,True,False,
52594,False,True,
52596,False,True,
52597,False,True,
52598,False,True,
52600,False,False,
52601,False,True,
52602,True,False,
52603,True,False,
52604,True,False,
52605,True,False,
52606,True,False,
52607,True,False,
52608,True,False,
52609,True,False,
52610,True,False,
52611,False,False,
52612,False,False,
52613,False,True,
52614,False,True,
52615,False,True,
52617,False,True,
52618,False,True,
52619,True,False,
52620,True,False,
52621,True,False,
52622,False,True,
52623,True,False,
52624,True,False,
52626,False,True,
52627,False,True,
52628,True,False,
52629,True,False,
52630,True,False,
52631,True,False,
52632,True,False,
52633,True,False,
52634,True,False,
52635,True,False,
52636,True,False,
52637,True,False,
52638,True,False,
52639,True,False,
52640,False,True,
52641,True,False,
52642,True,False,
52643,True,False,
52644,True,False,
52645,True,False,
52646,True,False,
52647,True,False,
52648,True,False,
52649,True,False,
52650,False,True,
52651,False,True,
52652,False,True,
52655,True,False,
52656,True,False,
52657,True,False,
52658,False,True,
52659,False,True,
52663,False,True,
52664,False,True,
52665,False,True,
52667,False,True,
52668,False,True,
52669,False,True,
52670,False,True,
52671,False,True,
52672,False,True,
52673,False,True,
52674,False,True,
52675,False,True,
52678,False,True,
52679,False,True,
52680,False,True,
52681,,True,
52682,False,True,
52683,False,True,
52684,False,True,
52686,False,True,
52687,False,True,
52688,False,True,
52690,False,True,
52691,False,True,
52693,True,False,
52694,False,True,
52695,False,True,
52696,False,True,
52697,False,True,
52698,False,True,
52699,False,True,
52700,False,True,
52702,False,True,
52703,False,True,
52705,False,True,
52707,False,True,
52708,False,True,
52709,False,True,
52711,True,False,
52712,False,True,
52713,False,True,
52714,False,True,
52715,True,False,
52719,True,False,
52722,False,True,
52723,False,True,
52725,False,True,
52726,False,True,
52727,True,False,
52728,True,False,
52729,True,False,
52730,True,False,
52731,True,False,
52732,True,False,
52733,True,False,
52734,True,False,
52735,False,False,
52736,False,True,
52737,False,True,
52739,False,False,
52740,True,False,
52741,False,True,
52742,False,True,
52743,False,True,
52744,False,True,
52745,False,True,
52746,False,True,
52748,False,True,
52749,True,False,
52750,True,False,
52751,True,False,
52752,True,False,
52753,True,False,
52754,False,False,
52755,False,False,
52756,False,False,
52757,False,False,
52759,False,True,
52762,True,False,
52763,True,False,
52764,True,False,
52765,True,False,
52766,True,False,
52767,True,False,
52768,False,True,
52769,True,False,
52771,False,True,
52772,True,False,
52773,True,False,
52774,True,False,
52775,True,False,
52776,True,False,
52777,True,False,
52779,False,True,
52781,False,True,
52782,False,True,
52783,False,True,
52785,True,False,
52786,True,False,
52788,True,False,
52789,False,True,
52790,False,True,
52791,True,False,
52792,True,False,
52793,True,False,
52794,True,False,
52796,False,True,
52797,True,False,
52798,True,False,
52799,True,False,
52800,True,False,
52801,True,False,
52802,True,False,
52805,False,True,
52807,False,True,
52809,False,True,
52811,False,True,
52812,False,True,
52813,False,True,
52814,True,False,
52815,True,False,
52816,True,False,
52817,False,True,
52818,True,False,
52819,True,False,
52820,False,True,
52822,True,False,
52823,False,True,
52824,True,False,
52825,False,True,
52826,False,True,
52827,False,True,
52828,False,True,
52829,False,True,
52830,False,True,
52831,False,True,
52832,False,True,
52833,False,True,
52834,False,True,
52836,False,True,
52837,False,True,
52839,False,True,
52843,False,True,
52844,False,True,
52845,False,True,
52846,False,True,
52848,False,True,
52850,False,True,
52851,False,True,
52852,False,True,
52853,False,True,
52854,True,False,
52855,True,False,
52856,True,False,
52857,,True,
52858,False,False,
52859,False,False,
52860,,True,
52862,True,False,
52863,True,False,
52864,True,False,
52865,True,False,
52867,,True,
52868,,True,
52869,False,True,
52870,False,True,
52871,False,True,
52872,False,True,
52873,False,True,
52874,False,False,
52875,False,False,
52876,True,False,
52877,False,True,
52879,False,False,
52880,False,True,
52881,True,False,
52882,False,True,
52883,False,True,
52884,False,True,
52886,True,False,
52887,True,False,
52889,True,False,
52890,True,False,
52891,True,False,
52892,False,True,
52893,False,True,
52894,False,True,
52895,False,True,
52896,False,True,
52897,False,True,
52898,False,True,
52899,,True,
52900,False,True,
52902,,True,
52903,,True,
52904,,True,
52905,False,True,
52906,False,True,
52907,False,True,
52908,True,False,
52910,False,True,
52911,False,True,
52912,False,True,
52913,False,True,
52914,,True,
52915,,True,
52916,False,False,
52917,False,False,
52918,False,False,
52919,False,False,
52923,False,True,
52925,False,True,
52927,False,True,
52928,False,True,
52930,True,False,
52931,True,False,
52932,True,False,
52933,True,False,
52934,True,False,
52935,False,True,
52936,False,True,
52937,True,False,
52939,True,False,
52941,False,True,
52943,True,False,
52944,False,True,
52945,True,False,
52946,True,False,
52948,True,False,
52949,True,False,
52950,True,False,
52951,True,False,
52953,False,True,
52955,True,False,
52956,False,True,
52957,False,True,
52958,True,False,
52959,True,False,
52961,True,False,
52962,True,False,
52963,True,False,
52964,True,False,
52965,True,False,
52966,True,False,
52967,True,False,
52969,False,True,
52970,False,True,
52972,True,False,
52973,True,False,
52974,True,False,
52975,True,False,
52976,True,False,
52977,True,False,
52978,True,False,
52979,True,False,
52981,False,True,
52982,False,True,
52983,True,False,
52984,True,False,
52985,True,False,
52986,True,False,
52987,True,False,
52988,True,False,
52989,True,False,
52990,True,False,
52991,False,True,
52992,True,False,
52993,False,True,
52994,False,True,
52997,False,False,
52998,False,True,
52999,False,True,
53000,False,True,
53002,False,True,
53004,True,False,
53005,True,False,
53006,True,False,
53007,True,False,
53008,True,False,
53009,True,False,
53010,True,False,
53011,True,False,
53012,True,False,
53013,True,False,
53014,False,True,
53015,False,False,
53016,False,False,
53018,True,False,
53019,False,False,
53020,True,False,
53021,,True,
53022,True,False,
53023,True,False,
53024,True,False,
53025,True,False,
53026,True,False,
53027,True,False,
53028,False,True,
53029,,True,
53030,,True,
53031,,True,
53032,,True,
53033,,True,
53034,,True,
53035,,True,
53036,,True,
53037,,True,
53039,,True,
53040,False,True,
53041,False,True,
53042,,True,
53043,,True,
53044,,True,
53045,False,True,
53046,False,True,
53047,False,True,
53048,False,True,
53049,False,True,
53050,False,True,
53051,False,True,
53052,False,True,
53053,False,True,
53054,False,True,
53055,,True,
53056,,True,
53057,,True,
53058,,True,
53059,False,True,
53060,False,True,
53061,,True,
53063,False,True,
53064,,True,
53065,,True,
53066,,True,
53067,,True,
53068,,True,
53069,True,False,
53070,True,False,
53071,True,False,
53072,,True,
53073,,True,
53074,,True,
53075,,True,
53076,,True,
53077,,True,
53078,True,False,
53079,True,False,
53080,,True,
53081,,True,
53082,,True,
53083,,True,
53084,,True,
53085,,True,
53086,,True,
53087,True,False,
53088,True,False,
53089,True,False,
53090,True,False,
53091,True,False,
53092,True,False,
53093,True,False,
53094,True,False,
53095,True,False,
53096,True,False,
53097,,True,
53098,False,True,
53099,False,True,
53101,True,False,
53102,True,False,
53103,True,False,
53104,False,True,
53105,False,True,
53106,False,True,
53107,False,True,
53108,False,True,
53109,False,True,
53110,True,False,
53111,True,False,
53113,False,True,
53114,False,True,
53115,True,False,
53116,True,False,
53119,True,False,
53120,False,True,
53121,True,False,
53122,True,False,
53123,True,False,
53125,True,False,
53126,True,False,
53127,True,False,
53129,True,False,
53130,True,False,
53131,True,False,
53132,True,False,
53133,True,False,
53134,True,False,
53135,True,False,
53136,True,False,
53137,True,False,
53138,True,False,
53139,True,False,
53140,True,False,
53141,True,False,
53142,True,False,
53143,True,False,
53144,True,False,
53145,True,False,
53146,True,False,
53147,True,False,
53148,True,False,
53149,True,False,
53151,True,False,
53153,False,True,
53154,True,False,
53155,True,False,
53156,True,False,
53157,True,False,
53158,True,False,
53159,True,False,
53160,True,False,
53161,False,True,
53162,False,True,
53164,False,True,
53165,True,False,
53166,True,False,
53171,False,True,
53172,False,True,
53173,False,False,
53174,False,True,
53175,False,False,
53176,False,True,
53177,False,True,
53178,False,True,
53179,False,False,
53181,True,False,
53182,True,False,
53183,True,False,
53184,True,False,
53185,True,False,
53186,True,False,
53187,True,False,
53188,True,False,
53189,True,False,
53190,True,False,
53192,False,True,
53193,False,True,
53194,True,False,
53195,True,False,
53196,True,False,
53197,False,True,
53198,True,False,
53199,True,False,
53200,True,False,
53201,True,False,
53202,True,False,
53203,True,False,
53204,True,False,
53205,,True,
53207,True,False,
53208,True,False,
53209,True,False,
53210,False,True,
53211,True,False,
53212,True,False,
53213,False,True,
53214,True,False,
53216,True,False,
53217,True,False,
53218,True,False,
53219,True,False,
53220,True,False,
53221,True,False,
53222,True,False,
53224,True,False,
53225,True,False,
53226,True,False,
53227,True,False,
53229,True,False,
53230,True,False,
53231,True,False,
53233,True,False,
53235,True,False,
53236,False,True,
53237,False,True,
53238,True,False,
53244,True,False,
53245,False,True,
53246,False,True,
53247,True,False,
53248,True,False,
53249,True,False,
53250,True,False,
53252,True,False,
53253,True,False,
53254,True,False,
53255,True,False,
53256,True,False,
53257,True,False,
53258,False,True,
53259,True,False,
53260,False,True,
53261,True,False,
53262,True,False,
53263,True,False,
53265,False,True,
53266,False,False,
53267,True,False,
53269,True,False,
53270,True,False,
53271,True,False,
53273,False,False,
53274,False,True,
53275,False,False,
53276,False,False,
53277,True,False,
53278,False,True,
53280,False,True,
53281,,True,
53282,False,True,
53283,False,True,
53284,,True,
53285,False,True,
53287,False,True,
53288,False,True,
53290,False,True,
53291,False,True,
53296,False,True,
53298,False,True,
53299,False,True,
53300,False,False,
53301,False,True,
53302,False,True,
53303,False,True,
53304,False,True,
53305,False,True,
53306,False,True,
53307,False,True,
53308,False,True,
53309,False,True,
53311,False,True,
53312,False,True,
53314,False,True,
53315,False,True,
53316,False,True,
53317,False,True,
53318,False,True,
53319,False,True,
53320,False,True,
53321,False,True,
53322,False,True,
53323,False,True,
53324,False,True,
53325,False,True,
53326,False,True,
53327,False,True,
53328,False,True,
53330,False,True,
53332,False,True,
53333,False,True,
53334,False,True,
53335,False,True,
53336,False,True,
53337,False,True,
53338,False,True,
53339,False,True,
53340,False,True,
53344,False,True,
53345,False,True,
53346,False,True,
53347,False,True,
53348,False,True,
53350,False,True,
53351,False,True,
53352,False,True,
53353,,True,
53354,,True,
53355,,True,
53356,,True,
53357,False,True,
53358,,True,
53359,False,True,
53360,,True,
53361,False,True,
53362,,True,
53363,,True,
53364,False,True,
53365,False,True,
53366,,True,
53367,False,True,
53368,False,True,
53369,True,False,
53370,False,True,
53371,False,True,
53372,True,False,
53373,True,False,
53374,True,False,
53375,,True,
53376,True,False,
53377,True,False,
53378,,True,
53379,,True,
53380,True,False,
53381,,True,
53382,False,True,
53383,False,True,
53384,True,False,
53385,,True,
53386,,True,
53387,False,True,
53388,False,True,
53389,True,False,
53390,True,False,
53391,True,False,
53392,True,False,
53393,False,True,
53394,False,True,
53395,False,True,
53396,False,True,
53397,False,True,
53398,False,True,
53399,,True,
53400,,True,
53401,,True,
53402,,True,
53403,False,True,
53404,False,True,
53405,False,True,
53406,False,True,
53407,False,True,
53408,False,True,
53410,False,True,
53411,False,True,
53412,True,False,
53413,False,True,
53414,True,False,
53415,True,False,
53416,False,True,
53417,True,False,
53419,True,False,
53420,True,False,
53421,True,False,
53422,True,False,
53423,True,False,
53424,True,False,
53425,False,True,
53426,False,True,
53427,False,True,
53428,False,True,
53429,True,False,
53430,True,False,
53431,True,False,
53432,False,True,
53433,True,False,
53434,True,False,
53435,True,False,
53436,True,False,
53437,True,False,
53438,False,False,
53439,True,False,
53440,True,False,
53441,False,True,
53449,False,False,
53451,False,True,
53454,False,True,
53455,False,True,
53456,False,True,
53457,False,True,
53458,False,False,
53459,False,True,
53460,False,True,
53461,False,False,
53462,False,False,
53463,False,True,
53464,False,True,
53465,False,True,
53466,False,True,
53467,False,True,
53468,True,False,
53469,True,False,
53470,True,False,
53472,False,True,
53473,True,False,
53474,True,False,
53477,True,False,
53479,False,True,
53480,True,False,
53481,,,
53482,False,False,
53483,False,False,
53484,False,True,
53487,False,True,
53488,False,True,
53489,False,True,
53490,False,True,
53491,True,False,
53492,False,True,
53493,True,False,
53494,False,True,
53496,True,False,
53497,True,False,
53498,False,True,
53500,False,True,
53504,False,True,
53505,False,True,
53507,False,True,
53510,False,True,
53511,False,False,
53512,False,True,
53514,False,True,
53515,False,True,
53516,False,True,
53518,True,False,
53519,False,False,
53522,False,False,
53523,True,False,
53524,False,False,
53525,True,False,
53526,False,False,
53527,False,True,
53528,True,False,
53529,False,True,
53530,False,True,
53531,True,False,
53532,True,False,
53533,True,False,
53534,True,False,
53536,True,False,
53537,False,False,
53538,False,True,
53539,False,True,
53540,False,False,
53541,False,True,
53542,False,False,
53543,False,True,
53544,False,False,
53545,False,False,
53546,False,True,
53547,False,True,
53548,False,True,
53549,False,True,
53550,False,True,
53551,False,True,
53552,False,True,
53554,False,True,
53555,False,True,
53556,False,True,
53558,False,True,
53559,False,True,
53560,False,True,
53561,False,True,
53562,False,True,
53563,False,True,
53564,True,False,
53565,False,True,
53566,False,True,
53567,False,False,
53568,False,True,
53569,False,False,
53570,False,True,
53571,False,False,
53572,False,True,
53573,True,False,
53574,False,True,
53575,False,True,
53576,False,True,
53577,False,True,
53578,False,True,
53579,False,True,
53580,True,False,
53581,False,True,
53582,False,True,
53583,False,True,
53584,False,True,
53585,False,True,
53586,True,False,
53587,False,True,
53588,False,True,
53589,False,True,
53590,True,False,
53591,,True,
53592,False,True,
53593,,True,
53594,True,False,
53595,True,False,
53596,False,True,
53597,False,True,
53598,False,True,
53599,True,False,
53600,True,False,
53603,False,True,
53604,False,True,
53605,False,True,
53606,False,True,
53607,False,True,
53608,False,True,
53610,False,True,
53611,True,False,
53612,True,False,
53613,True,False,
53614,True,False,
53615,True,False,
53616,True,False,
53617,True,False,
53619,False,True,
53620,True,False,
53621,False,True,
53622,True,False,
53623,False,True,
53624,False,True,
53625,True,False,
53626,False,True,
53627,True,False,
53628,True,False,
53629,True,False,
53630,False,True,
53632,False,True,
53633,False,True,
53634,False,True,
53636,False,True,
53637,,True,
53638,True,False,
53639,True,False,
53640,True,False,
53641,False,True,
53642,False,True,
53643,False,True,
53644,False,True,
53645,False,True,
53646,False,True,
53647,True,False,
53648,False,True,
53649,True,False,
53650,False,True,
53651,False,True,
53652,False,False,
53653,False,True,
53654,False,False,
53655,False,True,
53656,False,False,
53658,False,False,
53659,False,True,
53660,False,True,
53662,False,False,
53663,False,True,
53664,False,True,
53665,False,True,
53666,False,True,
53667,False,True,
53668,True,False,
53669,False,True,
53670,False,True,
53671,False,True,
53672,False,True,
53673,False,True,
53674,False,True,
53675,True,False,
53676,False,True,
53678,True,False,
53679,True,False,
53680,True,False,
53681,True,False,
53682,False,True,
53683,True,False,
53684,True,False,
53685,True,False,
53687,True,False,
53688,False,True,
53689,True,False,
53690,True,False,
53691,True,False,
53692,False,True,
53693,True,False,
53694,True,False,
53695,True,False,
53696,True,False,
53697,True,False,
53698,True,False,
53700,False,True,
53701,True,False,
53702,True,False,
53703,True,False,
53704,True,False,
53705,True,False,
53706,True,False,
53707,True,False,
53708,True,False,
53709,True,False,
53710,True,False,
53711,True,False,
53712,False,True,
53713,False,True,
53714,False,True,
53715,False,True,
53717,False,True,
53718,False,True,
53719,False,True,
53720,False,True,
53721,False,True,
53722,True,False,
53723,True,False,
53724,True,False,
53725,False,True,
53727,False,False,
53728,False,False,
53729,False,False,
53730,True,False,
53731,True,False,
53732,True,False,
53733,True,False,
53734,True,False,
53735,True,False,
53736,True,False,
53737,True,False,
53738,True,False,
53739,True,False,
53740,True,False,
53741,True,False,
53742,True,False,
53744,False,True,
53745,False,True,
53747,False,True,
53748,False,True,
53751,False,True,
53752,False,False,
53753,False,True,
53754,True,False,
53755,True,False,
53756,True,False,
53757,True,False,
53758,False,True,
53759,False,True,
53760,True,False,
53761,True,False,
53762,True,False,
53763,True,False,
53764,True,False,
53765,False,True,
53766,True,False,
53767,True,False,
53768,False,True,
53769,True,False,
53770,True,False,
53772,False,True,
53773,False,True,
53778,True,False,
53779,True,False,
53780,True,False,
53781,True,False,
53782,False,True,
53783,False,True,
53784,False,True,
53789,False,True,
53790,False,False,
53791,False,False,
53792,False,True,
53840,True,False,
53841,False,False,
53842,False,False,
53844,True,False,
53845,True,False,
53846,True,False,
53847,True,False,
53849,False,True,
53850,False,True,
53851,False,True,
53852,False,True,
53853,False,True,
53854,False,True,
53855,False,True,
53858,False,True,
53859,False,True,
53860,False,True,
53861,False,True,
53862,False,True,
53863,False,True,
53864,False,False,
53867,False,True,
53869,False,False,
53870,False,False,
53872,False,True,
53873,False,True,
53875,False,True,
53876,False,True,
53877,False,True,
53878,False,True,
53881,False,True,
53883,False,True,
53884,False,True,
53885,False,True,
53887,False,True,
53890,True,False,
53892,True,False,
53893,False,True,
53894,True,False,
53895,True,False,
53896,True,False,
53897,False,True,
53898,False,True,
53899,False,True,
53900,False,True,
53901,False,True,
53902,False,True,
53903,True,False,
53904,False,True,
53905,False,True,
53906,False,True,
53907,False,True,
53909,False,True,
53913,False,False,
53914,False,True,
53915,False,False,
53916,False,False,
53917,False,True,
53919,True,False,
53920,False,False,
53921,True,False,
53922,True,False,
53923,True,False,
53924,True,False,
53925,False,False,
53926,False,True,
53929,True,False,
53930,True,False,
53934,False,True,
53935,False,True,
53936,False,True,
53937,False,True,
53938,False,True,
53939,False,False,
53940,False,True,
53941,True,False,
53942,False,True,
53944,False,False,
53945,False,True,
53946,False,True,
53949,False,True,
53950,False,True,
53952,False,True,
53954,,True,
53956,,True,
53957,False,True,
53958,False,True,
53960,True,False,
53961,,True,
53962,,True,
53963,True,False,
53964,,True,
53965,,True,
53966,True,False,
53967,True,False,
53968,False,True,
53969,True,False,
53970,False,True,
53971,True,False,
53972,True,False,
53973,True,False,
53974,True,False,
53975,False,True,
53976,True,False,
53977,False,True,
53978,False,True,
53979,True,False,
53980,False,True,
53981,False,True,
53982,False,True,
53983,True,False,
53984,False,True,
53985,True,False,
53986,False,True,
53987,False,True,
53988,False,True,
53991,True,False,
53992,True,False,
53993,False,True,
53994,False,True,
53995,False,True,
53996,False,True,
53997,False,True,
53998,,True,
53999,,True,
54001,,True,
54002,,True,
54003,,True,
54004,False,True,
54005,False,True,
54006,False,True,
54007,False,True,
54008,False,True,
54009,False,True,
54011,False,True,
54012,False,True,
54013,False,True,
54014,False,False,
54015,False,True,
54016,False,True,
54017,False,False,
54018,False,False,
54019,False,False,
54020,False,False,
54021,False,True,
54022,False,False,
54024,False,False,
54025,False,False,
54027,False,False,
54028,False,False,
54029,False,False,
54030,False,False,
54031,False,False,
54032,False,False,
54033,False,True,
54035,False,True,
54036,False,False,
54037,True,False,
54039,True,False,
54040,False,True,
54041,True,False,
54042,True,False,
54043,True,False,
54044,False,True,
54045,False,True,
54046,False,True,
54047,False,True,
54048,False,True,
54049,False,True,
54050,False,True,
54051,False,False,
54052,False,True,
54053,False,True,
54054,False,False,
54055,False,True,
54056,False,True,
54058,False,True,
54060,False,True,
54062,True,False,
54063,False,True,
54064,False,True,
54065,False,True,
54066,False,True,
54067,False,True,
54068,False,True,
54069,False,True,
54070,False,True,
54072,True,False,
54073,True,False,
54074,True,False,
54075,True,False,
54076,True,False,
54077,True,False,
54078,True,False,
54079,True,False,
54081,True,False,
54082,True,False,
54083,True,False,
54084,True,False,
54085,True,False,
54086,True,False,
54087,False,True,
54088,False,True,
54089,False,True,
54090,True,False,
54091,True,False,
54092,True,False,
54094,False,False,
54095,False,False,
54096,False,False,
54097,False,False,
54098,False,False,
54100,False,True,
54101,True,False,
54102,True,False,
54103,True,False,
54104,True,False,
54105,False,True,
54106,False,True,
54107,True,False,
54109,True,False,
54110,True,False,
54111,True,False,
54112,True,False,
54113,True,False,
54114,True,False,
54115,False,True,
54116,False,True,
54117,True,False,
54118,True,False,
54119,True,False,
54120,True,False,
54121,True,False,
54122,False,True,
54123,False,True,
54124,True,False,
54125,False,False,
54126,True,False,
54133,True,False,
54134,True,False,
54135,True,False,
54136,True,False,
54137,True,False,
54138,True,False,
54139,True,False,
54140,True,False,
54141,True,False,
54142,True,False,
54143,True,False,
54144,False,True,
54145,True,False,
54146,False,True,
54148,False,True,
54149,False,True,
54150,True,False,
54151,True,False,
54152,True,False,
54153,False,True,
54155,False,True,
54156,True,False,
54158,False,True,
54159,False,True,
54160,False,True,
54161,True,False,
54164,False,True,
54165,True,False,
54166,False,True,
54167,False,True,
54168,False,True,
54169,False,True,
54170,True,False,
54171,False,True,
54172,False,True,
54173,True,False,
54174,True,False,
54175,True,False,
54176,True,False,
54178,True,False,
54179,True,False,
54180,True,False,
54181,False,True,
54182,True,False,
54183,True,False,
54184,False,True,
54185,False,True,
54186,True,False,
54188,True,False,
54189,False,True,
54191,False,True,
54192,False,False,
54193,True,False,
54194,True,False,
54195,True,False,
54196,False,True,
54197,True,False,
54198,True,False,
54199,True,False,
54201,True,False,
54202,False,True,
54203,True,False,
54204,True,False,
54205,True,False,
54206,True,False,
54207,False,True,
54208,False,True,
54209,False,True,
54210,False,True,
54211,False,True,
54213,False,False,
54214,False,False,
54215,False,False,
54216,False,False,
54217,False,False,
54218,False,False,
54222,False,True,
54223,False,True,
54224,False,False,
54225,False,False,
54226,False,True,
54227,False,True,
54229,True,False,
54230,True,False,
54232,True,False,
54233,True,False,
54234,True,False,
54236,False,True,
54237,False,True,
54239,False,True,
54240,False,False,
54241,False,True,
54242,False,False,
54243,False,False,
54244,False,False,
54245,False,True,
54246,False,False,
54247,False,False,
54248,False,False,
54249,False,False,
54250,False,False,
54251,False,False,
54252,False,False,
54253,False,False,
54254,False,False,
54255,False,False,
54257,False,False,
54258,False,False,
54259,True,False,
54260,False,True,
54261,False,True,
54264,False,True,
54270,False,True,
54273,False,False,
54274,,True,
54275,False,True,
54276,False,True,
54277,,True,
54278,,True,
54279,,True,
54280,,True,
54281,False,True,
54282,False,True,
54283,False,True,
54285,False,True,
54286,False,True,
54287,False,True,
54288,False,True,
54289,False,True,
54290,False,True,
54291,False,True,
54292,False,False,
54296,False,True,
54299,False,True,
54305,False,True,
54306,True,False,
54307,False,True,
54308,False,True,
54309,True,False,
54310,True,False,
54311,True,False,
54312,False,True,
54313,False,True,
54314,True,False,
54316,True,False,
54317,False,True,
54319,False,True,
54320,False,True,
54321,False,True,
54322,False,True,
54323,False,True,
54324,False,True,
54325,False,True,
54326,True,False,
54327,True,False,
54328,False,True,
54329,True,False,
54330,True,False,
54331,True,False,
54332,True,False,
54333,True,False,
54334,False,True,
54336,True,False,
54337,False,True,
54338,False,True,
54339,True,False,
54340,False,True,
54341,False,True,
54342,True,False,
54344,True,False,
54345,True,False,
54346,False,True,
54347,False,True,
54348,False,True,
54350,False,True,
54351,False,True,
54352,False,True,
54353,False,True,
54357,False,True,
54359,False,True,
54360,True,False,
54361,True,False,
54362,True,False,
54363,True,False,
54364,False,True,
54365,False,True,
54366,False,True,
54367,True,False,
54368,True,False,
54369,True,False,
54370,True,False,
54372,True,False,
54373,True,False,
54374,True,False,
54376,False,True,
54377,False,True,
54378,False,True,
54380,False,True,
54382,False,True,
54383,True,False,
54384,False,True,
54385,True,False,
54386,False,True,
54387,False,True,
54388,True,False,
54389,True,False,
54390,True,False,
54391,True,False,
54392,False,True,
54393,False,True,
54394,False,True,
54395,False,True,
54396,False,True,
54397,True,False,
54398,False,True,
54399,True,False,
54400,True,False,
54401,False,True,
54402,False,True,
54403,True,False,
54404,False,True,
54405,False,True,
54406,False,True,
54407,True,False,
54408,False,False,
54409,False,True,
54410,True,False,
54411,True,False,
54412,False,True,
54413,True,False,
54414,False,True,
54415,True,False,
54416,True,False,
54417,True,False,
54418,False,True,
54419,True,False,
54421,True,False,
54422,True,False,
54424,True,False,
54425,True,False,
54426,True,False,
54427,False,True,
54428,False,True,
54429,False,True,
54430,False,True,
54431,False,True,
54432,False,True,
54433,False,True,
54434,False,True,
54435,True,False,
54436,True,False,
54437,True,False,
54438,True,False,
54439,True,False,
54440,True,False,
54441,True,False,
54442,False,True,
54443,False,True,
54444,True,False,
54445,True,False,
54446,True,False,
54447,True,False,
54448,False,True,
54449,False,True,
54451,True,False,
54452,False,True,
54453,False,False,
54454,True,False,
54455,False,True,
54456,False,True,
54457,True,False,
54458,True,False,
54459,True,False,
54460,True,False,
54461,True,False,
54462,True,False,
54463,True,False,
54464,True,False,
54465,True,False,
54466,True,False,
54467,True,False,
54468,True,False,
54469,True,False,
54470,True,False,
54472,False,True,
54475,False,True,
54476,True,False,
54477,False,True,
54478,True,False,
54479,False,True,
54481,False,True,
54482,False,False,
54483,False,True,
54484,False,False,
54486,False,True,
54487,False,False,
54489,False,True,
54490,True,False,
54491,False,False,
54495,False,False,
54498,False,True,
54499,False,False,
54500,False,False,
54501,False,False,
54503,False,True,
54504,False,True,
54505,False,True,
54506,False,True,
54508,False,True,
54509,False,False,
54510,False,False,
54511,False,True,
54512,False,True,
54513,False,True,
54514,False,True,
54515,False,True,
54516,False,True,
54517,False,True,
54519,False,True,
54520,False,True,
54525,False,True,
54526,False,True,
54527,False,True,
54528,False,True,
54529,False,True,
54530,False,True,
54532,False,True,
54533,False,True,
54535,False,True,
54536,False,True,
54537,False,True,
54538,False,True,
54540,False,True,
54541,False,True,
54542,False,True,
54543,False,True,
54544,False,True,
54545,False,True,
54546,False,True,
54547,False,True,
54548,False,True,
54549,False,True,
54550,False,True,
54551,False,True,
54552,False,True,
54553,False,True,
54554,False,True,
54555,False,True,
54556,False,True,
54557,False,True,
54558,False,True,
54562,False,True,
54564,False,True,
54565,False,True,
54571,False,True,
54572,False,True,
54574,False,True,
54575,False,True,
54576,False,True,
54577,False,True,
54578,False,True,
54579,False,True,
54580,False,True,
54581,False,True,
54582,,True,
54583,,True,
54584,,True,
54585,False,True,
54586,False,True,
54587,False,True,
54588,False,True,
54589,False,True,
54590,False,True,
54591,False,True,
54592,False,True,
54593,False,True,
54594,False,True,
54595,False,True,
54597,False,True,
54598,False,True,
54599,False,True,
54600,False,True,
54601,False,True,
54602,False,True,
54603,False,True,
54606,False,True,
54607,False,True,
54608,False,True,
54609,False,True,
54611,False,True,
54612,False,True,
54613,False,True,
54614,False,True,
54615,False,True,
54616,False,True,
54617,False,True,
54618,False,True,
54619,False,True,
54620,False,True,
54622,False,True,
54623,False,True,
54624,False,True,
54625,False,True,
54626,False,False,
54627,False,True,
54628,False,True,
54629,False,True,
54630,False,True,
54631,False,True,
54632,False,True,
54633,False,True,
54634,False,False,
54635,False,True,
54636,False,True,
54638,False,True,
54640,False,False,
54642,False,True,
54643,False,True,
54644,False,True,
54645,False,True,
54646,False,True,
54647,False,True,
54648,False,True,
54649,False,True,
54650,False,True,
54651,False,True,
54652,False,True,
54653,False,True,
54654,False,True,
54655,False,True,
54656,False,True,
54657,False,True,
54658,False,True,
54659,True,False,
54660,True,False,
54661,True,False,
54662,True,False,
54663,True,False,
54664,False,True,
54665,False,True,
54666,False,True,
54667,False,True,
54668,False,True,
54670,False,True,
54671,False,True,
54672,False,True,
54673,False,True,
54674,False,True,
54675,False,True,
54677,False,True,
54678,False,True,
54680,False,False,
54681,False,False,
54682,False,True,
54683,False,True,
54684,False,True,
54688,False,True,
54689,False,True,
54690,True,False,
54693,True,False,
54694,False,True,
54695,True,False,
54696,False,True,
54697,False,True,
54698,False,True,
54699,False,True,
54700,False,True,
54701,False,True,
54702,False,True,
54703,False,True,
54710,False,True,
54711,False,True,
54712,False,True,
54713,False,True,
54714,False,True,
54716,False,True,
54717,False,True,
54718,False,True,
54720,False,True,
54721,False,True,
54722,False,True,
54723,False,True,
54724,True,False,
54726,False,True,
54727,False,True,
54728,False,True,
54729,False,True,
54730,False,True,
54732,False,True,
54733,False,True,
54734,False,True,
54735,False,True,
54736,False,True,
54737,False,True,
54738,False,True,
54739,False,True,
54740,False,True,
54741,False,True,
54742,False,True,
54743,False,True,
54745,False,True,
54746,False,True,
54748,False,True,
54749,False,True,
54750,False,True,
54751,False,True,
54752,False,True,
54753,False,True,
54754,False,True,
54755,False,True,
54756,False,True,
54757,False,True,
54758,False,True,
54759,False,True,
54760,False,True,
54761,False,True,
54762,False,False,
54763,False,False,
54764,False,False,
54765,False,False,
54766,False,True,
54767,False,True,
54768,False,True,
54769,False,True,
54770,False,True,
54771,False,True,
54773,False,True,
54781,False,False,
54783,False,False,
54784,False,False,
54785,False,False,
54787,False,False,
54788,False,False,
54789,False,False,
54792,False,True,
54793,True,False,
54794,False,True,
54796,False,True,
54797,False,True,
54798,False,True,
54799,False,True,
54800,False,True,
54802,False,True,
54803,False,True,
54804,False,True,
54805,False,True,
54807,False,True,
54808,False,True,
54809,False,True,
54810,False,True,
54811,False,True,
54812,False,True,
54813,False,True,
54814,False,True,
54815,False,True,
54816,False,True,
54817,False,True,
54819,False,True,
54820,False,True,
54821,False,True,
54823,False,True,
54824,False,True,
54825,False,True,
54826,False,True,
54827,False,True,
54828,False,True,
54829,False,True,
54830,False,True,
54831,False,True,
54832,False,True,
54833,False,True,
54834,False,True,
54835,False,True,
54836,False,True,
54837,False,True,
54838,False,True,
54839,False,True,
54842,False,True,
54844,False,True,
54845,False,True,
54846,False,True,
54847,False,True,
54848,False,True,
54849,False,True,
54850,False,True,
54851,False,True,
54852,False,True,
54853,False,True,
54854,False,True,
54856,False,True,
54857,False,True,
54858,False,True,
54859,False,True,
54860,False,True,
54861,False,True,
54862,False,True,
54863,False,True,
54864,False,True,
54865,False,True,
54866,False,True,
54868,False,True,
54869,False,True,
54870,False,True,
54871,False,True,
54874,False,False,
54875,False,False,
54876,False,False,
54877,False,True,
54878,False,True,
54879,False,True,
54880,False,True,
54881,False,True,
54882,False,True,
54883,False,True,
54887,False,True,
54889,False,True,
54890,False,True,
54891,False,True,
54892,False,True,
54893,False,True,
54894,False,True,
54895,False,True,
54896,False,True,
54897,False,True,
54898,False,True,
54899,False,True,
54900,False,False,
54902,False,True,
54903,False,True,
54904,False,True,
54906,False,True,
54907,False,True,
54908,False,True,
54909,False,True,
54910,False,True,
54911,False,True,
54912,False,True,
54913,False,True,
54914,False,False,
54915,False,False,
54916,False,False,
54917,False,False,
54918,False,True,
54920,False,True,
54921,False,True,
54922,False,True,
54923,False,True,
54925,False,True,
54931,False,True,
54933,False,True,
54935,False,True,
54939,False,True,
54940,False,True,
54941,False,True,
54946,False,True,
54947,False,True,
54948,False,True,
54949,False,True,
54954,False,True,
54961,False,True,
54963,False,True,
54964,False,True,
54965,False,True,
54966,False,True,
54967,False,True,
54968,False,True,
54969,False,True,
54970,False,True,
54971,True,False,
54972,False,True,
54973,False,True,
54974,True,False,
54975,False,True,
54977,False,True,
54980,False,True,
54981,False,True,
54982,True,False,
54983,False,True,
54984,False,True,
54985,False,True,
54986,False,True,
54987,False,True,
55001,False,True,
55002,False,True,
55003,False,True,
55004,False,True,
55005,False,True,
55006,True,False,
55007,False,True,
55008,False,True,
55009,False,True,
55010,False,True,
55011,False,True,
55012,False,True,
55015,False,True,
55016,False,True,
55017,False,True,
55018,False,True,
55019,False,True,
55020,False,True,
55021,False,True,
55023,False,True,
55024,False,True,
55025,False,True,
55026,False,True,
55027,True,False,
55028,False,True,
55029,False,True,
55030,False,True,
55031,True,False,
55032,True,False,
55033,True,False,
55034,False,True,
55035,False,True,
55038,False,True,
55039,True,False,
55041,True,False,
55042,True,False,
55043,True,False,
55044,True,False,
55045,True,False,
55047,True,False,
55048,True,False,
55049,True,False,
55050,True,False,
55051,True,False,
55052,True,False,
55054,True,False,
55055,True,False,
55056,True,False,
55057,True,False,
55058,True,False,
55059,True,False,
55060,True,False,
55061,True,False,
55062,True,False,
55063,False,True,
55064,False,True,
55065,False,True,
55066,False,True,
55067,False,True,
55068,False,True,
55069,True,False,
55070,True,False,
55071,False,True,
55072,False,True,
55073,False,True,
55074,False,True,
55075,False,True,
55076,False,True,
55077,False,True,
55078,False,True,
55079,False,False,
55081,False,True,
55083,False,True,
55084,False,False,
55085,False,True,
55086,False,False,
55087,False,True,
55089,False,True,
55091,False,True,
55092,False,True,
55093,False,True,
55094,False,True,
55095,False,True,
55096,False,True,
55098,False,True,
55099,False,True,
55100,False,True,
55101,False,True,
55102,False,True,
55103,False,True,
55104,False,False,
55107,False,True,
55108,False,True,
55109,False,False,
55111,False,False,
55112,False,False,
55113,False,False,
55114,False,False,
55115,True,False,
55116,True,False,
55117,True,False,
55118,False,True,
55119,False,True,
55120,False,True,
55121,False,True,
55122,False,True,
55123,False,True,
55124,False,True,
55125,False,True,
55126,False,True,
55129,False,True,
55132,False,True,
55133,False,True,
55134,False,True,
55135,False,True,
55136,False,True,
55137,False,True,
55138,False,True,
55139,False,True,
55140,False,True,
55141,False,True,
55142,False,True,
55143,False,True,
55144,False,True,
55145,False,True,
55146,False,True,
55148,False,True,
55149,False,True,
55150,False,True,
55151,False,True,
55152,False,False,
55153,False,False,
55154,False,False,
55155,True,False,
55156,True,False,
55157,True,False,
55158,False,True,
55159,True,False,
55160,False,True,
55161,False,True,
55162,False,True,
55163,False,True,
55166,False,True,
55168,False,True,
55174,False,True,
55175,True,False,
55176,False,True,
55177,False,True,
55178,False,True,
55179,False,True,
55180,False,True,
55181,False,True,
55182,False,True,
55183,False,True,
55184,False,True,
55185,False,True,
55186,False,True,
55187,False,True,
55188,True,False,
55189,False,False,
55190,False,True,
55192,False,True,
55193,False,True,
55195,False,True,
55196,False,True,
55197,False,True,
55198,False,True,
55199,False,True,
55200,False,True,
55201,False,True,
55204,False,False,
55205,False,True,
55206,False,True,
55208,False,True,
55210,False,True,
55211,True,False,
55212,True,False,
55213,True,False,
55214,False,False,
55215,False,True,
55217,False,True,
55218,False,True,
55219,False,True,
55220,False,True,
55221,False,True,
55222,False,True,
55224,False,True,
55226,False,False,
55227,False,True,
55229,False,True,
55230,False,True,
55232,False,True,
55234,False,True,
55236,False,True,
55237,False,True,
55238,False,True,
55239,False,True,
55240,False,True,
55241,False,True,
55242,False,True,
55243,False,True,
55244,False,True,
55245,False,True,
55246,False,True,
55247,False,True,
55248,False,True,
55249,False,True,
55250,False,True,
55252,False,True,
55253,False,True,
55254,False,True,
55255,False,True,
55257,True,False,
55258,True,False,
55260,False,True,
55261,False,True,
55262,False,True,
55263,False,True,
55264,False,False,
55265,False,True,
55266,False,True,
55267,False,True,
55268,False,True,
55269,False,True,
55287,False,False,
55289,False,True,
55290,False,True,
55291,False,False,
55292,True,False,
55293,False,True,
55294,False,True,
55295,False,True,
55296,False,False,
55299,False,True,
55300,False,True,
55302,False,False,
55303,False,False,
55306,False,True,
55309,False,True,
55310,False,True,
55312,False,True,
55313,False,True,
55314,False,True,
55316,False,True,
55317,False,True,
55318,False,True,
55319,False,True,
55320,False,True,
55321,False,True,
55322,False,True,
55323,False,True,
55324,False,True,
55325,False,True,
55327,False,True,
55328,False,True,
55329,False,True,
55330,False,True,
55332,False,True,
55333,False,True,
55334,False,True,
55335,False,True,
55336,False,True,
55337,False,True,
55338,False,True,
55339,False,True,
55340,False,True,
55341,False,True,
55342,False,True,
55343,False,True,
55344,False,True,
55345,False,True,
55346,False,True,
55347,False,True,
55348,False,True,
55349,False,True,
55350,False,True,
55351,True,False,
55352,True,False,
55353,False,True,
55354,True,False,
55355,False,True,
55356,False,True,
55357,False,False,
55359,False,True,
55360,False,True,
55361,False,True,
55363,False,True,
55364,False,True,
55365,False,False,
55366,False,True,
55367,False,True,
55368,False,True,
55369,False,True,
55370,False,True,
55371,False,True,
55373,False,False,
55374,False,False,
55375,False,False,
55376,False,True,
55377,False,False,
55378,False,True,
55379,False,True,
55380,False,True,
55381,False,True,
55382,False,True,
55384,False,True,
55385,False,True,
55386,False,True,
55387,False,True,
55388,False,True,
55389,False,True,
55390,False,True,
55391,False,True,
55392,False,True,
55393,False,True,
55394,False,True,
55395,False,False,
55397,False,True,
55398,False,True,
55399,False,True,
55400,False,True,
55401,False,True,
55402,False,True,
55403,False,True,
55404,False,True,
55405,False,True,
55406,False,True,
55407,False,True,
55408,False,True,
55410,False,True,
55411,False,True,
55412,False,True,
55413,False,True,
55414,True,False,
55415,True,False,
55416,True,False,
55417,True,False,
55418,True,False,
55419,True,False,
55420,True,False,
55421,True,False,
55422,False,True,
55423,False,True,
55424,False,True,
55425,False,True,
55426,False,True,
55429,False,True,
55430,False,True,
55431,False,True,
55432,False,True,
55433,False,True,
55434,False,True,
55435,True,False,
55436,True,False,
55437,False,True,
55438,False,True,
55439,False,True,
55440,False,True,
55441,False,True,
55442,False,True,
55444,False,False,
55445,False,False,
55446,False,True,
55447,False,True,
55448,False,True,
55449,False,True,
55450,False,True,
55451,False,True,
55453,False,True,
55454,False,True,
55455,True,False,
55456,True,False,
55457,False,True,
55458,False,True,
55460,False,True,
55461,False,True,
55462,False,True,
55463,False,True,
55464,False,True,
55465,False,True,
55466,False,True,
55467,False,True,
55468,False,True,
55469,False,False,
55470,False,True,
55471,False,True,
55472,False,True,
55476,False,True,
55479,False,True,
55480,False,True,
55482,False,True,
55483,False,True,
55484,False,True,
55485,False,True,
55486,False,True,
55487,False,True,
55488,False,True,
55489,False,False,
55490,False,False,
55491,False,True,
55492,False,True,
55493,False,True,
55494,False,False,
55495,False,True,
55496,False,True,
55497,True,False,
55498,True,False,
55499,True,False,
55501,True,False,
55502,False,True,
55503,False,True,
55504,True,False,
55505,False,True,
55506,False,True,
55507,True,False,
55508,True,False,
55511,True,False,
55512,True,False,
55513,True,False,
55514,True,False,
55515,True,False,
55516,True,False,
55517,True,False,
55518,True,False,
55519,False,True,
55523,False,True,
55525,True,False,
55526,True,False,
55527,True,False,
55528,True,False,
55529,False,True,
55530,False,True,
55532,True,False,
55533,True,False,
55534,True,False,
55535,True,False,
55536,True,False,
55537,True,False,
55538,False,True,
55539,False,True,
55540,False,True,
55541,False,True,
55542,False,True,
55544,False,True,
55545,False,True,
55546,False,True,
55550,False,True,
55551,False,True,
55552,False,True,
55554,False,True,
55555,False,True,
55556,False,True,
55557,False,True,
55558,,True,
55559,False,True,
55560,False,True,
55561,False,True,
55562,False,True,
55564,False,True,
55565,False,True,
55566,False,True,
55567,False,True,
55568,False,True,
55569,False,True,
55570,False,True,
55571,False,True,
55572,False,True,
55573,False,True,
55574,False,True,
55575,False,True,
55577,True,False,
55578,False,True,
55579,True,False,
55580,False,True,
55581,False,True,
55582,False,True,
55583,False,True,
55584,False,True,
55585,False,True,
55586,False,True,
55587,False,True,
55589,False,True,
55590,False,True,
55591,False,True,
55592,False,True,
55593,False,True,
55594,False,True,
55595,False,True,
55596,False,True,
55597,True,False,
55598,False,False,
55600,True,False,
55601,True,False,
55602,True,False,
55603,True,False,
55605,False,True,
55607,False,True,
55609,False,True,
55610,False,True,
55611,False,True,
55612,False,True,
55613,True,False,
55614,False,True,
55615,True,False,
55616,False,True,
55618,True,False,
55619,True,False,
55620,True,False,
55621,False,True,
55623,False,True,
55624,False,True,
55626,False,True,
55628,False,True,
55629,False,True,
55636,False,True,
55637,False,True,
55638,False,True,
55639,False,True,
55640,False,True,
55641,False,True,
55642,False,True,
55643,False,True,
55644,False,True,
55645,False,True,
55646,False,True,
55647,False,True,
55648,False,True,
55650,False,True,
55651,False,True,
55652,False,True,
55653,False,True,
55654,False,True,
55655,False,True,
55656,False,True,
55657,False,True,
55658,False,True,
55659,False,True,
55661,False,True,
55662,False,True,
55663,False,True,
55664,False,True,
55665,False,True,
55666,False,True,
55667,False,True,
55668,False,True,
55669,False,True,
55670,False,True,
55671,False,True,
55672,False,True,
55673,False,True,
55674,False,True,
55675,False,True,
55676,False,True,
55677,False,True,
55678,False,True,
55679,False,True,
55680,False,True,
55681,True,False,
55682,True,False,
55683,False,True,
55684,False,True,
55685,False,True,
55686,False,True,
55687,False,True,
55688,False,True,
55689,False,True,
55690,False,True,
55691,False,True,
55692,False,True,
55693,False,True,
55694,False,True,
55695,False,True,
55696,False,True,
55697,False,True,
55698,False,True,
55699,False,True,
55700,False,True,
55702,False,True,
55703,False,False,
55704,False,True,
55705,False,True,
55706,False,True,
55707,True,False,
55708,False,True,
55713,True,False,
55714,True,False,
55715,False,True,
55716,False,True,
55717,False,True,
55718,False,True,
55719,False,True,
55720,False,True,
55721,False,True,
55723,False,True,
55724,False,True,
55725,False,True,
55729,False,True,
55731,False,True,
55732,False,True,
55733,False,True,
55734,False,True,
55735,False,True,
55737,False,True,
55738,False,True,
55739,False,True,
55740,False,True,
55741,False,True,
55742,True,False,
55743,False,True,
55744,False,True,
55745,False,True,
55746,False,True,
55747,False,True,
55748,False,True,
55749,False,True,
55750,False,True,
55751,False,True,
55752,False,True,
55753,False,True,
55754,False,False,
55755,False,True,
55756,False,True,
55757,False,True,
55758,False,True,
55759,False,True,
55760,False,True,
55761,False,True,
55762,False,True,
55763,False,True,
55764,False,True,
55765,False,False,
55766,False,True,
55767,False,True,
55768,False,True,
55769,False,False,
55770,False,True,
55771,False,True,
55772,False,False,
55773,False,True,
55774,False,True,
55775,False,True,
55776,False,True,
55777,False,True,
55778,False,True,
55779,False,True,
55780,False,True,
55781,False,True,
55782,False,True,
55783,False,True,
55784,False,True,
55785,False,True,
55786,False,True,
55787,False,True,
55788,False,True,
55789,False,True,
55790,False,True,
55792,False,True,
55793,False,True,
55794,False,True,
55795,False,True,
55796,False,True,
55797,False,True,
55798,False,True,
55799,False,True,
55800,False,True,
55801,False,True,
55803,False,False,
55804,False,False,
55807,False,False,
55808,False,False,
55809,False,False,
55810,False,False,
55812,False,True,
55813,False,True,
55814,False,True,
55815,False,True,
55816,False,True,
55818,False,False,
55820,False,True,
55821,False,True,
55822,False,True,
55823,False,True,
55824,False,True,
55825,False,False,
55826,False,False,
55828,False,True,
55829,,True,
55830,,True,
55831,,True,
55832,True,False,
55836,True,False,
55837,True,False,
55838,True,False,
55839,True,False,
55840,True,False,
55841,True,False,
55843,True,False,
55844,True,False,
55845,True,False,
55846,True,False,
55847,True,False,
55849,True,False,
55850,True,False,
55851,True,False,
55852,,True,
55853,False,False,
55854,False,True,
55855,False,False,
55856,False,False,
55857,False,True,
55858,False,True,
55859,False,True,
55861,False,True,
55863,True,False,
55864,True,False,
55865,True,False,
55867,False,True,
55868,True,False,
55869,False,True,
55870,False,True,
55871,False,True,
55872,False,True,
55873,False,True,
55874,False,True,
55875,False,True,
55876,False,True,
55877,False,True,
55878,False,True,
55879,False,True,
55880,False,True,
55881,False,True,
55882,False,True,
55883,False,True,
55884,False,True,
55886,False,True,
55887,False,False,
55888,False,True,
55889,False,True,
55890,False,True,
55891,False,True,
55892,False,True,
55893,False,True,
55894,False,True,
55895,False,True,
55896,False,True,
55897,False,True,
55898,False,True,
55899,False,True,
55900,False,False,
55902,False,False,
55903,True,False,
55905,True,False,
55907,True,False,
55908,True,False,
55909,True,False,
55910,False,True,
55911,False,True,
55912,False,True,
55913,False,True,
55914,False,True,
55915,False,True,
55918,False,True,
55919,False,True,
55920,False,True,
55921,False,True,
55923,False,True,
55924,False,True,
55925,False,True,
55926,False,True,
55927,True,False,
55928,True,False,
55929,True,False,
55930,False,True,
55931,False,True,
55932,False,True,
55933,False,True,
55934,False,True,
55935,False,True,
55936,False,True,
55937,False,True,
55938,False,True,
55939,False,True,
55940,False,True,
55941,False,True,
55942,False,True,
55943,False,True,
55944,False,True,
55945,False,True,
55952,False,True,
55953,False,True,
55956,False,False,
55957,True,False,
55958,True,False,
55959,True,False,
55960,True,False,
55962,False,True,
55964,False,True,
55965,False,True,
55966,False,True,
55967,False,True,
55968,False,True,
55969,False,True,
55970,False,True,
55971,False,True,
55973,False,True,
55974,False,True,
55975,False,True,
55976,False,True,
55977,False,True,
55978,False,True,
55979,False,True,
55980,False,True,
55981,False,True,
55982,False,True,
55983,False,True,
55984,False,True,
55985,False,True,
55986,False,True,
55987,False,True,
55988,False,True,
55989,False,True,
55990,False,True,
55991,False,True,
55992,False,True,
55993,False,True,
55994,False,True,
55995,False,True,
55997,False,True,
55998,False,True,
55999,False,True,
56000,False,True,
56001,False,True,
56002,False,True,
56003,False,True,
56004,False,True,
56005,False,True,
56006,False,True,
56007,False,True,
56008,False,True,
56009,False,True,
56010,False,True,
56011,False,True,
56012,False,True,
56013,False,True,
56015,False,True,
56016,False,True,
56018,False,True,
56020,False,False,
56021,False,True,
56022,False,True,
56025,False,True,
56026,False,True,
56027,False,False,
56028,False,True,
56029,False,True,
56030,False,True,
56031,False,True,
56032,False,True,
56033,False,True,
56034,False,True,
56036,False,False,
56039,False,True,
56040,False,True,
56041,False,True,
56042,False,True,
56043,False,True,
56044,False,True,
56045,False,True,
56046,False,True,
56047,False,True,
56048,False,True,
56049,False,True,
56050,False,True,
56051,False,True,
56052,False,True,
56053,False,True,
56054,False,True,
56055,False,True,
56056,False,True,
56057,False,True,
56058,False,True,
56059,False,True,
56060,False,True,
56061,False,True,
56062,False,True,
56063,False,True,
56064,False,True,
56065,False,True,
56066,False,True,
56067,False,True,
56068,False,True,
56069,False,True,
56070,False,True,
56071,False,True,
56072,False,True,
56073,False,True,
56074,False,True,
56075,False,True,
56077,False,True,
56079,False,True,
56080,False,True,
56081,False,True,
56082,False,True,
56083,False,True,
56084,False,True,
56085,False,True,
56086,False,True,
56087,False,True,
56088,False,True,
56089,False,True,
56090,False,True,
56091,False,True,
56092,False,True,
56093,False,True,
56094,False,True,
56095,False,True,
56096,False,True,
56097,False,True,
56098,False,False,
56100,False,True,
56101,False,True,
56102,False,True,
56103,False,True,
56104,False,True,
56105,False,True,
56106,False,True,
56107,False,True,
56108,False,True,
56109,False,True,
56110,False,True,
56111,False,True,
56112,False,True,
56113,False,True,
56114,False,True,
56115,False,True,
56116,False,True,
56117,False,True,
56118,False,True,
56119,False,True,
56121,False,True,
56122,False,True,
56123,False,True,
56124,False,True,
56125,False,True,
56126,False,True,
56127,False,True,
56128,False,True,
56129,False,True,
56130,False,True,
56131,False,True,
56132,False,True,
56133,False,True,
56134,False,True,
56135,False,True,
56136,False,True,
56137,False,True,
56138,False,True,
56139,False,True,
56140,False,True,
56141,False,True,
56142,False,True,
56143,False,True,
56144,False,True,
56145,False,True,
56146,False,True,
56147,False,True,
56148,False,True,
56149,False,True,
56150,True,False,
56151,False,True,
56152,False,True,
56153,True,False,
56154,False,True,
56155,False,True,
56156,False,True,
56157,False,True,
56158,False,True,
56159,False,True,
56160,False,True,
56161,False,True,
56162,False,True,
56164,True,False,
56165,False,True,
56166,True,False,
56167,True,False,
56168,True,False,
56169,False,True,
56170,True,False,
56171,True,False,
56172,True,False,
56174,False,True,
56175,True,False,
56176,False,True,
56178,False,True,
56179,True,False,
56180,False,True,
56181,True,False,
56182,True,False,
56183,False,True,
56184,True,False,
56189,False,True,
56191,False,True,
56192,False,True,
56193,False,True,
56194,False,True,
56195,False,True,
56196,False,True,
56197,False,True,
56198,False,True,
56199,False,True,
56200,False,True,
56201,False,True,
56202,False,True,
56203,False,True,
56204,False,True,
56205,False,True,
56206,False,True,
56207,False,True,
56208,False,True,
56209,False,True,
56211,False,True,
56212,False,True,
56213,False,True,
56214,False,True,
56215,False,True,
56216,False,True,
56217,False,True,
56218,False,True,
56219,False,True,
56220,False,True,
56221,False,False,
56224,False,True,
56225,False,False,
56226,False,True,
56227,False,True,
56228,False,True,
56229,False,True,
56230,False,True,
56231,False,True,
56232,False,True,
56233,False,True,
56234,False,True,
56235,False,True,
56236,False,True,
56237,False,True,
56238,False,True,
56239,False,True,
56240,False,True,
56241,False,True,
56242,False,True,
56243,False,True,
56244,False,True,
56245,False,True,
56246,False,True,
56247,False,True,
56248,False,True,
56249,False,True,
56250,False,True,
56251,False,True,
56252,False,True,
56253,False,True,
56254,False,True,
56255,False,True,
56256,False,True,
56257,False,True,
56258,False,True,
56259,False,True,
56260,False,True,
56261,False,True,
56262,False,True,
56264,False,True,
56268,False,True,
56269,False,True,
56270,False,True,
56271,False,True,
56272,False,True,
56273,False,True,
56274,False,True,
56275,False,True,
56277,False,True,
56278,True,False,
56279,False,True,
56280,False,True,
56281,False,True,
56282,True,False,
56283,False,True,
56284,False,True,
56285,False,True,
56286,False,True,
56288,False,True,
56289,False,True,
56290,False,True,
56291,False,True,
56292,False,True,
56293,False,True,
56294,True,False,
56295,False,True,
56296,True,False,
56297,False,True,
56298,False,True,
56299,True,False,
56301,True,False,
56304,False,True,
56305,False,True,
56306,False,True,
56307,False,True,
56308,False,True,
56309,False,True,
56310,False,True,
56311,False,True,
56312,False,True,
56313,False,True,
56314,False,True,
56315,False,True,
56316,False,True,
56317,False,True,
56318,False,True,
56319,False,True,
56320,False,True,
56321,False,True,
56322,False,True,
56323,False,True,
56324,False,True,
56325,False,True,
56326,False,True,
56328,False,True,
56329,False,True,
56330,False,True,
56331,False,True,
56332,False,True,
56333,False,True,
56334,False,True,
56336,False,True,
56337,False,True,
56338,False,True,
56339,False,True,
56341,False,True,
56342,False,True,
56343,False,True,
56345,False,True,
56346,False,True,
56347,False,True,
56348,False,True,
56349,False,True,
56350,False,True,
56351,False,True,
56353,False,True,
56354,False,True,
56355,False,True,
56356,False,True,
56357,False,True,
56358,False,True,
56359,False,True,
56360,False,True,
56361,False,True,
56362,False,True,
56363,False,True,
56364,False,True,
56365,False,True,
56366,False,True,
56367,False,True,
56368,False,True,
56369,False,True,
56370,False,True,
56371,False,True,
56372,False,True,
56373,False,True,
56375,False,True,
56376,False,True,
56377,False,True,
56378,False,True,
56379,False,True,
56380,False,True,
56381,False,True,
56382,False,True,
56383,False,True,
56384,False,True,
56385,False,True,
56386,False,True,
56387,False,True,
56388,False,True,
56389,False,True,
56390,False,True,
56391,False,True,
56392,False,True,
56393,False,True,
56394,False,True,
56395,False,True,
56396,False,True,
56397,False,True,
56398,False,True,
56399,False,True,
56400,False,True,
56401,False,True,
56402,False,True,
56403,False,True,
56404,False,True,
56405,False,True,
56406,False,True,
56407,False,True,
56409,False,True,
56410,False,True,
56411,False,True,
56412,False,True,
56413,False,True,
56414,False,True,
56415,False,True,
56416,False,True,
56417,False,True,
56418,False,True,
56421,False,True,
56422,False,True,
56423,False,True,
56424,False,True,
56425,True,False,
56427,False,True,
56428,False,True,
56429,False,True,
56430,False,True,
56431,False,True,
56432,False,True,
56433,False,True,
56434,False,True,
56435,True,False,
56436,True,False,
56438,False,True,
56439,False,True,
56440,False,True,
56441,False,True,
56442,False,True,
56443,False,True,
56444,False,True,
56445,False,True,
56446,False,True,
56447,False,True,
56448,False,True,
56449,False,True,
56450,False,True,
56451,False,True,
56452,False,True,
56453,False,True,
56454,False,True,
56456,False,True,
56457,False,True,
56458,False,True,
56459,False,True,
56460,False,True,
56461,False,True,
56462,False,True,
56463,False,True,
56464,False,True,
56465,False,True,
56466,False,True,
56467,False,True,
56468,False,True,
56469,False,True,
56470,False,True,
56471,False,True,
56472,False,True,
56473,False,True,
56475,False,True,
56476,False,True,
56477,False,True,
56478,False,True,
56479,False,True,
56480,False,True,
56481,False,False,
56482,False,True,
56483,True,False,
56484,True,False,
56485,False,True,
56487,False,True,
56488,False,True,
56489,False,True,
56490,False,True,
56491,False,True,
56492,False,True,
56493,False,True,
56494,False,True,
56495,False,True,
56496,False,True,
56497,False,True,
56498,False,True,
56501,False,True,
56502,False,True,
56504,False,True,
56506,False,True,
56507,False,True,
56508,True,False,
56509,False,True,
56510,False,True,
56511,False,True,
56512,False,True,
56513,False,True,
56518,False,True,
56519,False,True,
56520,False,True,
56521,False,True,
56522,False,True,
56523,False,True,
56524,False,True,
56525,False,True,
56526,False,True,
56527,False,True,
56528,False,True,
56529,False,True,
56530,False,True,
56531,False,True,
56532,False,True,
56533,False,True,
56534,False,True,
56535,False,True,
56536,False,True,
56537,False,False,
56538,True,False,
56543,True,False,
56545,False,True,
56546,False,True,
56548,False,True,
56549,False,True,
56552,False,True,
56555,False,True,
56556,False,True,
56559,False,False,
56561,False,True,
56562,False,True,
56563,False,True,
56564,False,True,
56565,False,True,
56566,False,True,
56567,False,True,
56568,False,True,
56569,False,True,
56570,False,True,
56571,False,True,
56572,False,True,
56573,False,True,
56574,False,True,
56575,False,True,
56576,False,True,
56578,False,True,
56579,False,True,
56581,False,True,
56582,False,True,
56583,False,True,
56584,False,True,
56585,False,True,
56586,False,True,
56587,False,True,
56589,False,True,
56590,False,True,
56592,False,True,
56593,False,True,
56594,False,True,
56595,False,True,
56596,False,True,
56597,False,True,
56598,False,True,
56599,False,True,
56600,False,True,
56601,False,True,
56602,False,True,
56603,False,True,
56604,False,True,
56605,False,True,
56606,False,True,
56607,False,True,
56608,False,True,
56609,False,True,
56610,False,True,
56611,False,True,
56612,False,True,
56613,False,True,
56614,False,True,
56615,False,True,
56616,False,True,
56617,False,True,
56618,False,True,
56619,False,True,
56620,False,True,
56621,False,True,
56622,False,True,
56623,False,True,
56624,False,True,
56625,False,True,
56626,False,True,
56627,False,True,
56628,False,True,
56629,False,True,
56630,False,True,
56631,False,True,
56632,False,True,
56633,False,True,
56634,False,True,
56635,False,True,
56636,False,True,
56639,False,True,
56640,False,True,
56641,False,True,
56643,False,True,
56644,False,True,
56645,False,True,
56646,False,True,
56647,False,True,
56648,False,True,
56650,False,True,
56651,False,True,
56652,False,True,
56653,False,True,
56654,False,True,
56656,False,True,
56657,False,True,
56658,False,True,
56659,False,True,
56660,False,True,
56661,False,True,
56662,False,True,
56663,False,True,
56664,False,True,
56665,False,True,
56666,False,True,
56667,False,True,
56668,False,True,
56669,False,True,
56670,False,True,
56671,False,True,
56672,False,False,
56673,False,False,
56674,False,True,
56675,False,True,
56676,False,True,
56677,False,True,
56678,False,True,
56679,False,True,
56680,False,True,
56681,False,True,
56682,False,True,
56683,False,True,
56684,False,True,
56685,False,True,
56686,False,True,
56687,False,True,
56688,False,True,
56689,False,True,
56690,False,True,
56691,False,True,
56692,False,True,
56693,False,True,
56694,False,True,
56695,False,True,
56696,False,True,
56697,False,True,
56698,False,True,
56699,False,True,
56700,False,True,
56701,False,True,
56702,False,True,
56703,True,False,
56704,True,False,
56705,False,True,
56706,False,True,
56707,False,True,
56708,False,True,
56709,False,True,
56710,False,True,
56711,False,True,
56712,False,True,
56713,False,True,
56714,False,True,
56715,False,True,
56716,False,True,
56717,False,True,
56718,False,True,
56719,False,True,
56720,False,True,
56721,False,True,
56722,False,True,
56723,False,True,
56724,False,True,
56725,False,True,
56726,False,True,
56727,False,True,
56728,False,True,
56729,False,True,
56730,False,True,
56732,False,True,
56734,False,True,
56735,False,True,
56736,False,True,
56737,False,True,
56738,False,True,
56739,False,True,
56740,False,True,
56741,False,True,
56743,False,True,
56744,False,True,
56745,False,True,
56746,False,True,
56747,False,True,
56748,False,True,
56749,True,False,
56750,True,False,
56751,True,False,
56752,False,True,
56753,True,False,
56754,False,True,
56755,False,True,
56756,False,True,
56757,False,True,
56758,False,True,
56761,False,True,
56763,False,True,
56764,False,False,
56765,False,False,
56766,False,True,
56767,False,True,
56768,False,True,
56769,False,True,
56770,False,True,
56771,False,True,
56772,False,False,
56773,False,True,
56774,False,True,
56775,False,True,
56776,False,True,
56777,False,True,
56778,False,True,
56779,False,True,
56780,False,True,
56781,False,True,
56782,False,True,
56783,False,True,
56784,False,True,
56785,False,True,
56786,False,True,
56787,False,True,
56788,False,True,
56789,False,True,
56790,False,True,
56791,False,True,
56792,False,True,
56793,False,True,
56794,False,True,
56795,False,True,
56796,False,True,
56797,False,True,
56798,False,True,
56799,False,True,
56800,False,True,
56801,False,True,
56802,False,True,
56803,False,True,
56804,False,True,
56806,False,True,
56807,False,True,
56808,False,True,
56809,False,True,
56810,False,True,
56811,False,True,
56812,False,True,
56813,False,True,
56814,False,True,
56815,False,True,
56816,False,True,
56817,False,True,
56818,False,True,
56819,False,True,
56820,False,True,
56821,False,True,
56822,False,True,
56823,False,True,
56826,False,True,
56828,False,True,
56829,False,True,
56832,False,True,
56833,False,True,
56834,False,True,
56835,False,True,
56836,False,True,
56837,False,True,
56838,False,True,
56839,False,True,
56840,False,True,
56841,False,True,
56842,False,True,
56843,True,False,
56844,False,True,
56845,False,True,
56846,False,True,
56847,False,True,
56848,False,True,
56849,False,True,
56850,False,True,
56851,False,True,
56852,False,True,
56853,False,True,
56854,False,True,
56855,False,True,
56856,False,True,
56857,False,True,
56858,False,True,
56860,False,True,
56861,False,True,
56863,False,True,
56864,False,True,
56865,False,True,
56866,False,True,
56867,False,True,
56868,False,True,
56869,False,True,
56870,False,True,
56871,False,True,
56872,False,True,
56873,False,True,
56875,False,True,
56876,False,True,
56877,False,True,
56878,True,False,
56879,True,False,
56880,True,False,
56881,True,False,
56882,True,False,
56883,True,False,
56884,True,False,
56885,True,False,
56886,True,False,
56887,True,False,
56888,True,False,
56889,True,False,
56890,True,False,
56891,True,False,
56892,True,False,
56897,False,False,
56898,False,False,
56899,False,True,
56900,False,True,
56901,False,True,
56902,False,True,
56903,False,True,
56904,False,False,
56905,False,False,
56906,False,False,
56907,False,False,
56910,False,True,
56911,False,False,
56912,True,False,
56913,False,False,
56914,False,False,
56917,True,False,
56918,True,False,
56920,False,True,
56921,False,True,
56922,False,True,
56923,False,True,
56924,False,True,
56925,False,True,
56926,False,True,
56927,False,True,
56928,False,True,
56929,False,True,
56930,False,True,
56931,False,True,
56932,False,True,
56933,False,True,
56934,False,True,
56935,False,True,
56936,False,True,
56937,True,False,
56938,False,True,
56939,False,True,
56940,False,True,
56941,False,True,
56942,False,True,
56943,False,True,
56944,False,True,
56945,False,True,
56946,False,True,
56947,False,True,
56949,False,True,
56950,False,True,
56951,False,True,
56952,False,True,
56953,False,True,
56954,False,True,
56955,False,True,
56956,False,True,
56957,False,True,
56958,True,False,
56959,False,True,
56960,False,True,
56961,False,True,
56963,True,False,
56964,False,True,
56965,False,True,
56966,False,True,
56967,False,True,
56968,False,True,
56969,True,False,
56970,False,True,
56971,False,True,
56972,False,True,
56973,False,True,
56974,False,True,
56975,False,True,
56976,False,True,
56977,False,True,
56978,False,True,
56979,False,True,
56980,False,True,
56981,False,True,
56982,False,True,
56983,True,False,
56984,False,True,
56985,False,True,
56986,False,True,
56987,False,True,
56988,False,True,
56989,False,True,
56990,False,True,
56991,False,True,
56992,False,True,
56993,False,True,
56994,False,True,
56995,False,True,
56996,False,True,
56997,False,True,
56998,False,True,
56999,False,True,
57000,False,True,
57001,False,True,
57002,False,True,
57003,False,True,
57004,False,True,
57005,False,True,
57006,False,True,
57007,False,True,
57008,False,True,
57009,False,True,
57010,False,True,
57011,False,True,
57012,False,True,
57013,False,True,
57014,False,True,
57015,False,True,
57016,False,True,
57017,False,True,
57018,False,True,
57019,False,True,
57020,False,True,
57021,False,True,
57022,False,True,
57023,False,True,
57024,False,True,
57025,False,True,
57026,False,True,
57027,False,True,
57028,False,True,
57029,False,True,
57030,False,True,
57032,False,True,
57033,False,True,
57034,False,True,
57035,False,True,
57036,False,True,
57037,False,True,
57038,False,True,
57039,False,True,
57040,False,True,
57041,False,True,
57042,False,True,
57043,False,True,
57044,False,True,
57045,False,True,
57046,False,True,
57047,False,True,
57048,False,True,
57049,False,True,
57050,False,True,
57051,False,True,
57052,False,True,
57053,False,True,
57054,False,True,
57055,False,True,
57056,False,True,
57057,False,True,
57058,False,True,
57059,False,True,
57060,False,True,
57061,False,True,
57062,False,True,
57063,False,True,
57064,False,True,
57065,False,True,
57066,False,True,
57067,False,True,
57068,False,True,
57069,False,True,
57070,False,True,
57071,False,True,
57072,False,True,
57073,False,True,
57074,False,True,
57075,False,True,
57076,False,True,
57077,False,True,
57078,False,True,
57079,False,True,
57080,False,True,
57081,True,False,
57082,True,False,
57083,False,True,
57084,False,True,
57085,False,True,
57086,False,True,
57087,False,True,
57088,False,True,
57089,True,False,
57091,False,False,
57092,False,True,
57094,False,False,
57095,False,True,
57096,False,True,
57097,False,True,
57098,False,True,
57099,False,True,
57100,False,True,
57101,False,True,
57103,False,True,
57104,False,True,
57105,False,True,
57106,False,True,
57107,False,True,
57108,False,True,
57109,False,True,
57110,False,True,
57111,False,True,
57112,False,True,
57113,False,True,
57114,False,True,
57115,False,True,
57116,False,True,
57117,False,True,
57118,False,True,
57119,False,True,
57120,False,True,
57121,False,True,
57122,False,True,
57123,False,True,
57124,False,True,
57125,False,True,
57126,False,True,
57127,False,True,
57128,False,True,
57129,False,True,
57130,False,True,
57131,False,True,
57133,False,True,
57134,False,True,
57135,False,True,
57136,False,True,
57137,False,True,
57138,False,True,
57139,False,True,
57140,False,True,
57141,False,True,
57142,False,True,
57143,False,True,
57144,False,True,
57146,False,True,
57147,False,True,
57148,False,True,
57149,False,True,
57150,False,True,
57151,False,True,
57152,False,True,
57153,False,True,
57154,False,True,
57155,False,True,
57156,False,True,
57157,False,True,
57158,False,True,
57159,False,True,
57160,False,True,
57161,False,True,
57162,False,True,
57163,False,True,
57164,False,True,
57165,False,True,
57166,False,True,
57168,False,True,
57169,False,True,
57170,False,True,
57171,False,True,
57172,False,True,
57173,False,True,
57174,False,True,
57175,False,True,
57176,False,True,
57177,False,True,
57178,False,True,
57179,True,False,
57182,False,True,
57183,False,True,
57184,False,True,
57185,False,False,
57190,False,True,
57191,False,True,
57192,False,True,
57194,False,True,
57195,False,False,
57196,False,True,
57198,False,True,
57199,False,True,
57200,False,True,
57201,False,True,
57202,False,True,
57203,False,True,
57204,False,True,
57205,False,True,
57206,False,True,
57207,False,True,
57208,False,True,
57209,False,True,
57210,False,True,
57211,False,True,
57212,False,True,
57213,False,True,
57214,False,True,
57215,False,True,
57218,False,True,
57219,False,True,
57221,False,True,
57222,False,True,
57223,False,True,
57224,True,False,
57225,False,True,
57226,True,False,
57227,False,True,
57228,False,True,
57229,False,True,
57230,False,True,
57231,False,True,
57232,False,True,
57233,False,True,
57234,False,True,
57235,False,True,
57236,False,True,
57237,False,True,
57238,False,True,
57239,False,True,
57240,False,True,
57241,False,True,
57242,False,True,
57243,False,True,
57244,True,False,
57245,False,True,
57246,True,False,
57247,False,True,
57249,False,True,
57250,False,True,
57251,False,True,
57252,False,True,
57253,False,True,
57254,False,True,
57255,False,True,
57256,False,True,
57258,False,True,
57259,False,True,
57260,False,True,
57261,False,True,
57262,False,True,
57263,False,True,
57264,False,True,
57265,False,True,
57267,False,True,
57268,False,True,
57269,False,True,
57270,False,True,
57271,False,True,
57272,False,True,
57273,False,True,
57274,False,True,
57275,False,True,
57277,False,True,
57278,False,True,
57280,True,False,
57281,False,True,
57282,False,True,
57286,True,False,
57287,False,True,
57288,False,True,
57289,False,True,
57290,False,True,
57292,False,True,
57293,False,True,
57295,False,True,
57297,False,True,
57298,False,True,
57299,False,True,
57300,False,True,
57301,False,True,
57302,False,True,
57303,False,True,
57304,False,True,
57305,False,True,
57306,False,True,
57307,False,True,
57308,False,True,
57309,True,False,
57310,False,True,
57311,False,True,
57312,False,True,
57313,False,True,
57314,True,False,
57315,False,True,
57316,False,True,
57317,False,True,
57318,False,True,
57319,False,True,
57320,False,True,
57321,False,True,
57322,False,True,
57323,False,True,
57326,False,True,
57327,False,True,
57329,False,True,
57330,False,True,
57331,False,True,
57332,False,True,
57333,False,True,
57334,False,True,
57335,False,True,
57337,False,True,
57338,False,True,
57340,False,True,
57346,False,True,
57347,False,True,
57348,False,True,
57349,False,True,
57350,False,True,
57351,False,True,
57352,False,True,
57353,False,True,
57354,False,True,
57355,True,False,
57356,True,False,
57357,True,False,
57358,False,True,
57359,False,True,
57360,False,True,
57362,False,True,
57363,False,True,
57364,False,True,
57366,False,True,
57368,False,True,
57369,False,True,
57370,True,False,
57371,False,True,
57372,False,True,
57373,True,False,
57374,False,True,
57375,True,False,
57376,True,False,
57377,False,True,
57378,False,True,
57381,False,True,
57382,False,True,
57383,False,True,
57384,False,True,
57385,False,True,
57386,False,True,
57387,False,True,
57388,True,False,
57389,False,True,
57390,False,True,
57391,False,True,
57392,True,False,
57393,False,True,
57394,True,False,
57395,True,False,
57396,False,True,
57397,False,True,
57398,False,True,
57400,True,False,
57402,False,True,
57403,False,True,
57404,False,True,
57405,False,True,
57406,True,False,
57408,False,True,
57409,True,False,
57410,True,False,
57411,True,False,
57412,False,True,
57413,False,True,
57414,True,False,
57415,False,True,
57416,True,False,
57417,False,True,
57420,False,True,
57421,True,False,
57422,True,False,
57423,False,True,
57424,False,False,
57426,False,True,
57428,False,True,
57429,False,True,
57430,False,True,
57431,False,True,
57432,False,False,
57436,False,False,
57437,False,True,
57438,False,True,
57439,True,False,
57440,False,True,
57441,False,False,
57442,True,False,
57443,False,False,
57444,False,True,
57447,True,False,
57448,False,True,
57454,False,True,
57456,False,True,
57457,True,False,
57458,True,False,
57459,True,False,
57460,True,False,
57461,False,True,
57462,False,True,
57463,True,False,
57464,True,False,
57465,True,False,
57466,True,False,
57468,False,True,
57471,False,False,
57472,True,False,
57473,False,True,
57474,True,False,
57475,False,False,
57476,True,False,
57477,True,False,
57479,True,False,
57480,True,False,
57482,False,True,
57483,False,True,
57485,False,True,
57487,True,False,
57488,True,False,
57491,True,False,
57492,True,False,
57493,False,True,
57494,False,True,
57495,True,False,
57496,False,True,
57498,False,True,
57499,True,False,
57501,True,False,
57502,False,True,
57504,True,False,
57505,True,False,
57507,True,False,
57508,False,True,
57509,False,True,
57510,False,True,
57511,False,True,
57512,False,True,
57513,False,True,
57514,False,True,
57515,False,True,
57516,False,True,
57517,False,True,
57518,False,True,
57519,True,False,
57520,False,True,
57521,False,True,
57522,False,True,
57523,False,True,
57524,True,False,
57525,False,True,
57526,True,False,
57527,True,False,
57528,True,False,
57529,True,False,
57530,False,True,
57531,True,False,
57532,False,True,
57533,True,False,
57534,False,True,
57535,False,True,
57536,True,False,
57537,False,True,
57538,True,False,
57539,False,True,
57540,False,True,
57541,True,False,
57542,False,True,
57543,True,False,
57544,True,False,
57545,True,False,
57546,False,True,
57547,False,True,
57548,False,True,
57549,False,True,
57550,False,True,
57551,False,True,
57553,True,False,
57554,False,True,
57555,False,True,
57556,False,True,
57557,False,True,
57558,False,True,
57559,False,True,
57560,False,True,
57561,False,True,
57562,False,True,
57563,False,True,
57564,False,True,
57565,False,True,
57566,False,True,
57567,False,True,
57568,False,True,
57570,False,True,
57571,False,True,
57572,False,True,
57573,False,True,
57574,False,True,
57575,False,True,
57576,False,True,
57577,False,True,
57578,False,True,
57579,False,True,
57580,False,True,
57581,True,False,
57582,False,True,
57583,False,True,
57584,False,True,
57585,False,True,
57586,False,True,
57588,False,True,
57589,False,True,
57590,False,True,
57591,False,True,
57592,False,True,
57593,False,True,
57594,True,False,
57595,True,False,
57596,True,False,
57597,True,False,
57598,True,False,
57599,False,True,
57600,True,False,
57601,True,False,
57602,True,False,
57605,False,True,
57606,False,True,
57607,False,True,
57608,False,True,
57609,False,True,
57610,False,True,
57611,False,True,
57612,False,True,
57613,False,True,
57614,False,True,
57615,False,True,
57616,False,True,
57617,False,True,
57619,False,True,
57620,False,True,
57627,False,True,
57628,False,True,
57629,False,True,
57630,False,True,
57631,False,True,
57632,False,True,
57633,False,True,
57634,False,True,
57635,False,False,
57636,True,False,
57637,False,True,
57638,False,True,
57639,False,True,
57640,False,True,
57641,False,True,
57642,False,True,
57643,False,True,
57644,False,True,
57645,False,True,
57646,False,True,
57647,False,True,
57648,False,True,
57649,False,True,
57650,False,True,
57651,False,True,
57652,False,True,
57653,False,True,
57654,False,True,
57655,False,True,
57656,False,True,
57658,False,True,
57659,False,True,
57660,False,True,
57661,False,True,
57662,False,True,
57663,False,True,
57664,False,True,
57665,False,True,
57666,False,True,
57667,False,True,
57668,False,True,
57669,False,True,
57670,False,True,
57672,False,True,
57674,False,True,
57675,False,False,
57676,False,False,
57677,False,False,
57680,False,True,
57681,False,False,
57682,False,True,
57683,False,True,
57684,False,False,
57685,False,True,
57686,False,False,
57688,False,True,
57690,False,True,
57692,False,True,
57696,False,True,
57697,True,False,
57699,False,True,
57700,False,True,
57702,False,True,
57705,False,True,
57706,False,True,
57707,False,True,
57709,True,False,
57710,True,False,
57711,False,True,
57712,False,True,
57714,False,True,
57715,True,False,
57716,True,False,
57717,True,False,
57718,False,True,
57719,False,True,
57720,False,True,
57721,False,True,
57723,False,True,
57724,False,True,
57725,False,True,
57726,False,True,
57727,False,False,
57729,False,True,
57732,False,True,
57733,False,True,
57734,False,True,
57737,False,False,
57738,False,True,
57739,False,True,
57741,False,True,
57742,False,True,
57743,False,False,
57744,False,True,
57745,False,True,
57746,False,True,
57748,False,True,
57749,False,True,
57750,False,True,
57751,False,False,
57752,False,True,
57753,False,True,
57754,False,True,
57758,False,True,
57759,False,False,
57760,False,True,
57761,False,False,
57762,False,True,
57763,False,True,
57764,False,True,
57766,False,False,
57767,False,False,
57768,True,False,
57769,False,True,
57770,False,True,
57771,False,True,
57772,False,True,
57773,True,False,
57774,False,True,
57775,False,True,
57776,False,True,
57778,False,True,
57779,False,True,
57780,False,True,
57782,False,True,
57783,False,False,
57784,False,False,
57786,False,False,
57787,False,False,
57788,False,True,
57789,False,True,
57791,False,True,
57792,False,True,
57793,False,True,
57794,,True,
57795,False,True,
57796,True,False,
57797,True,False,
57798,True,False,
57799,False,True,
57800,False,True,
57801,False,False,
57802,True,False,
57803,False,True,
57804,False,True,
57805,False,True,
57807,False,True,
57808,False,True,
57809,,True,
57810,,True,
57811,False,True,
57812,,True,
57813,True,False,
57814,,True,
57815,,True,
57816,,True,
57817,,True,
57818,,True,
57819,,True,
57820,False,True,
57821,True,False,
57822,False,True,
57823,False,True,
57824,False,True,
57825,False,True,
57826,,True,
57827,,True,
57828,False,True,
57829,False,True,
57830,,True,
57831,False,True,
57833,False,True,
57834,,True,
57835,,True,
57836,True,False,
57837,False,True,
57838,False,True,
57839,True,False,
57840,False,True,
57841,,True,
57842,False,True,
57843,False,True,
57844,True,False,
57845,False,True,
57846,True,False,
57847,False,True,
57848,False,True,
57849,False,True,
57850,True,False,
57851,,True,
57852,,True,
57853,,True,
57854,,True,
57855,False,True,
57856,,True,
57857,,True,
57858,,True,
57859,False,True,
57860,True,False,
57861,True,False,
57863,,True,
57864,True,False,
57865,True,False,
57867,True,False,
57868,False,True,
57870,False,True,
57872,,True,
57873,False,True,
57875,False,True,
57876,True,False,
57877,,True,
57878,False,True,
57879,,True,
57880,,True,
57881,,True,
57882,True,False,
57884,False,True,
57886,True,False,
57887,,True,
57888,,True,
57889,True,False,
57890,True,False,
57891,False,True,
57892,True,False,
57894,True,False,
57895,False,True,
57896,False,True,
57897,,True,
57898,,True,
57899,,True,
57901,,True,
57902,,True,
57903,,True,
57904,True,False,
57905,False,True,
57906,False,True,
57907,True,False,
57908,True,False,
57909,True,False,
57910,True,False,
57911,,True,
57912,True,False,
57913,False,True,
57914,,True,
57915,False,True,
57917,True,False,
57918,True,False,
57919,False,True,
57920,False,True,
57921,False,True,
57922,False,True,
57923,True,False,
57924,False,False,
57925,True,False,
57929,False,True,
57930,,True,
57931,False,True,
57932,,True,
57933,,True,
57935,,True,
57937,False,True,
57938,False,True,
57940,False,True,
57941,,True,
57942,False,True,
57943,True,False,
57944,False,True,
57945,False,True,
57946,,True,
57947,,True,
57950,,True,
57951,True,False,
57953,False,True,
57955,False,True,
57956,False,True,
57957,False,True,
57958,False,True,
57959,False,True,
57960,,True,
57961,,True,
57962,False,True,
57963,False,True,
57966,False,True,
57968,False,True,
57971,False,True,
57972,,True,
57973,,True,
57974,False,True,
57975,False,True,
57976,False,True,
57977,False,True,
57978,,True,
57979,False,True,
57980,False,True,
57981,False,True,
57982,False,True,
57983,False,True,
57984,False,True,
57985,False,True,
57986,False,True,
57987,False,True,
57988,False,True,
57989,False,True,
57990,,True,
57991,,True,
57992,,True,
57993,False,True,
57994,False,True,
57995,False,True,
57996,False,True,
57997,False,True,
57998,False,True,
57999,True,False,
58000,True,False,
58001,True,False,
58002,False,True,
58005,False,True,
58006,False,True,
58007,False,True,
58008,False,True,
58009,False,True,
58010,False,True,
58012,False,True,
58014,False,True,
58017,False,True,
58018,False,True,
58021,False,True,
58022,True,False,
58023,True,False,
58024,True,False,
58025,True,False,
58026,False,True,
58027,False,True,
58028,False,True,
58029,False,True,
58030,False,True,
58031,False,True,
58032,False,True,
58033,False,True,
58034,False,True,
58035,False,True,
58036,False,True,
58037,False,True,
58039,False,True,
58040,False,True,
58041,False,True,
58044,False,True,
58045,False,True,
58047,False,True,
58048,False,True,
58049,False,True,
58050,False,True,
58051,False,True,
58052,False,False,
58053,False,True,
58054,False,True,
58055,False,True,
58057,False,True,
58058,False,True,
58059,False,True,
58060,False,True,
58061,False,True,
58064,False,True,
58065,False,True,
58066,False,True,
58067,False,True,
58068,False,True,
58069,False,True,
58070,False,True,
58071,False,True,
58072,False,True,
58074,False,True,
58075,False,True,
58076,False,True,
58077,False,True,
58078,False,True,
58080,False,True,
58082,False,True,
58087,True,False,
58088,True,False,
58089,False,True,
58090,True,False,
58091,True,False,
58092,False,True,
58096,False,True,
58098,True,False,
58101,False,True,
58103,False,True,
58105,False,True,
58108,False,True,
58109,False,True,
58110,True,False,
58111,False,False,
58112,True,False,
58113,False,True,
58115,True,False,
58116,False,True,
58117,False,True,
58118,False,True,
58119,False,True,
58120,False,True,
58122,False,True,
58124,False,True,
58125,False,True,
58126,False,True,
58127,False,True,
58128,True,False,
58130,True,False,
58131,True,False,
58132,True,False,
58133,True,False,
58134,True,False,
58135,True,False,
58136,True,False,
58137,True,False,
58139,False,True,
58140,False,True,
58141,False,True,
58142,False,True,
58144,False,True,
58146,False,True,
58147,False,True,
58148,False,True,
58150,True,False,
58151,False,True,
58152,False,True,
58155,False,True,
58156,False,True,
58162,False,True,
58163,False,True,
58164,False,True,
58165,False,True,
58168,True,False,
58169,True,False,
58170,True,False,
58171,True,False,
58172,True,False,
58173,True,False,
58174,True,False,
58176,True,False,
58177,False,True,
58179,True,False,
58180,False,True,
58181,False,True,
58182,False,True,
58183,False,True,
58184,True,False,
58185,False,True,
58186,False,True,
58187,False,True,
58188,False,True,
58194,False,True,
58195,False,True,
58196,False,True,
58197,False,True,
58198,False,True,
58200,False,True,
58201,False,False,
58203,False,True,
58205,False,True,
58208,False,True,
58209,False,True,
58210,False,True,
58211,,True,
58212,,True,
58214,,True,
58215,,True,
58216,False,True,
58217,False,False,
58218,,True,
58219,,True,
58220,False,False,
58222,False,False,
58224,False,True,
58226,False,False,
58229,,True,
58230,,True,
58231,,True,
58232,True,False,
58233,False,False,
58234,True,False,
58235,False,False,
58236,False,True,
58237,False,False,
58238,,True,
58239,False,False,
58240,,True,
58241,,True,
58243,True,False,
58244,,True,
58245,False,True,
58246,,True,
58247,False,True,
58248,False,True,
58249,False,True,
58250,False,True,
58251,False,True,
58252,True,False,
58253,False,True,
58254,,True,
58255,,True,
58256,,True,
58257,False,True,
58258,False,True,
58259,False,True,
58260,False,True,
58261,,True,
58262,True,False,
58263,False,True,
58264,False,True,
58265,False,True,
58266,False,True,
58267,True,False,
58268,True,False,
58269,False,True,
58270,,True,
58271,True,False,
58272,,True,
58273,True,False,
58274,True,False,
58275,True,False,
58276,True,False,
58277,,True,
58278,,True,
58279,,True,
58280,,True,
58281,False,True,
58282,False,True,
58283,True,False,
58284,,True,
58285,,True,
58286,,True,
58287,,True,
58288,,True,
58289,,True,
58290,True,False,
58291,True,False,
58292,False,True,
58293,False,True,
58294,,True,
58295,,True,
58296,False,False,
58297,,True,
58298,False,True,
58299,False,False,
58300,False,False,
58301,False,True,
58302,,True,
58303,False,True,
58304,,True,
58305,True,False,
58306,True,False,
58307,,True,
58308,,True,
58309,False,True,
58310,False,True,
58311,True,False,
58312,True,False,
58313,True,False,
58314,False,False,
58315,,True,
58316,False,True,
58317,False,False,
58318,,True,
58319,False,True,
58320,False,True,
58321,False,True,
58322,False,False,
58323,,True,
58324,,True,
58325,,True,
58326,False,True,
58327,False,True,
58328,False,True,
58330,,True,
58331,,True,
58332,,True,
58333,False,True,
58334,False,True,
58335,True,False,
58336,False,True,
58337,,True,
58338,,True,
58339,,True,
58340,False,True,
58341,,True,
58342,False,True,
58343,False,True,
58344,,True,
58345,False,True,
58346,False,True,
58349,False,True,
58350,False,False,
58351,True,False,
58352,False,True,
58353,False,False,
58354,False,True,
58355,True,False,
58356,True,False,
58357,True,False,
58358,True,False,
58361,True,False,
58362,True,False,
58363,True,False,
58364,True,False,
58365,False,True,
58366,False,True,
58367,False,True,
58368,False,True,
58369,False,True,
58370,False,True,
58371,False,True,
58372,False,True,
58373,False,True,
58374,False,True,
58375,False,True,
58376,False,True,
58377,False,True,
58378,False,True,
58379,False,True,
58381,True,False,
58382,True,False,
58383,True,False,
58384,True,False,
58385,True,False,
58386,False,True,
58387,False,True,
58388,True,False,
58389,False,True,
58390,False,True,
58391,True,False,
58392,True,False,
58393,True,False,
58394,False,True,
58395,False,True,
58396,False,True,
58397,False,False,
58398,False,False,
58399,False,True,
58400,False,True,
58401,False,True,
58402,False,True,
58403,False,True,
58404,False,True,
58405,False,True,
58406,False,True,
58407,False,True,
58408,False,True,
58412,False,True,
58413,False,True,
58414,False,True,
58415,False,True,
58416,False,True,
58417,False,True,
58418,False,True,
58419,False,True,
58420,False,True,
58421,False,True,
58422,False,True,
58423,False,True,
58424,False,True,
58425,False,True,
58426,False,True,
58427,False,True,
58428,False,True,
58429,False,True,
58430,False,True,
58431,False,True,
58432,False,True,
58433,False,True,
58435,False,True,
58448,True,False,
58449,False,True,
58450,True,False,
58451,False,True,
58453,True,False,
58455,False,False,
58456,False,True,
58457,False,False,
58458,False,False,
58459,False,True,
58461,False,True,
58462,False,True,
58463,True,False,
58464,False,True,
58465,,,
58466,False,True,
58467,False,False,
58469,False,True,
58470,True,False,
58471,False,True,
58473,False,True,
58474,False,True,
58475,False,True,
58476,False,True,
58477,False,True,
58479,True,False,
58481,True,False,
58482,False,True,
58483,True,False,
58484,True,False,
58485,True,False,
58486,True,False,
58487,True,False,
58488,True,False,
58489,True,False,
58490,True,False,
58493,True,False,
58494,True,False,
58495,True,False,
58496,False,True,
58497,True,False,
58499,False,True,
58500,False,True,
58501,False,True,
58502,False,True,
58503,False,True,
58504,False,True,
58505,False,True,
58506,False,True,
58507,False,True,
58509,False,True,
58510,False,True,
58511,False,True,
58512,False,True,
58513,False,True,
58514,False,False,
58515,False,True,
58516,False,True,
58517,False,True,
58518,False,True,
58519,False,True,
58520,False,True,
58521,False,True,
58522,False,True,
58523,False,True,
58524,True,False,
58525,False,True,
58526,False,True,
58531,False,True,
58532,False,True,
58533,False,True,
58534,False,True,
58535,True,False,
58536,False,True,
58537,False,True,
58538,False,True,
58539,False,True,
58540,False,True,
58541,False,True,
58542,False,True,
58543,False,True,
58544,False,True,
58546,False,True,
58547,False,False,
58548,False,False,
58549,False,True,
58550,False,True,
58551,False,True,
58552,False,True,
58553,False,True,
58554,False,True,
58555,True,False,
58556,True,False,
58557,True,False,
58558,True,False,
58559,False,True,
58560,False,True,
58566,False,True,
58567,False,True,
58568,False,True,
58569,False,True,
58570,False,True,
58571,False,True,
58572,False,True,
58573,False,True,
58574,False,True,
58575,False,True,
58576,False,True,
58577,False,True,
58578,False,True,
58579,False,True,
58580,False,True,
58581,False,True,
58582,False,True,
58583,False,True,
58584,False,True,
58585,False,True,
58586,False,True,
58587,False,False,
58589,False,False,
58590,True,False,
58591,False,True,
58592,False,False,
58593,False,False,
58594,False,True,
58595,False,True,
58596,False,True,
58597,False,True,
58598,False,True,
58599,False,True,
58600,True,False,
58601,False,True,
58602,True,False,
58603,False,True,
58604,False,True,
58605,False,True,
58606,False,True,
58607,False,True,
58608,False,True,
58609,False,True,
58610,False,True,
58611,False,True,
58612,False,True,
58613,False,True,
58614,False,True,
58615,False,True,
58616,False,True,
58618,False,True,
58619,False,True,
58620,False,True,
58622,False,True,
58623,False,True,
58625,False,True,
58626,False,True,
58627,False,True,
58628,False,True,
58629,False,True,
58630,False,True,
58631,False,True,
58632,False,True,
58633,False,True,
58634,False,True,
58635,False,True,
58636,False,True,
58637,False,True,
58638,False,True,
58639,False,True,
58640,False,True,
58641,False,True,
58642,False,True,
58643,False,True,
58644,False,True,
58645,False,True,
58646,False,True,
58647,False,True,
58648,False,True,
58649,False,True,
58650,False,True,
58651,False,True,
58652,False,True,
58653,False,True,
58654,False,True,
58655,False,True,
58656,False,True,
58657,False,True,
58658,False,True,
58659,False,True,
58660,False,True,
58661,False,True,
58662,False,True,
58663,False,True,
58664,False,True,
58665,False,True,
58666,False,True,
58667,False,True,
58668,False,True,
58669,False,True,
58670,False,True,
58671,False,True,
58672,False,True,
58673,False,True,
58674,False,True,
58675,False,True,
58676,False,True,
58677,False,True,
58678,False,True,
58679,False,True,
58680,False,True,
58681,False,True,
58682,False,True,
58683,False,True,
58684,False,True,
58685,False,True,
58686,False,True,
58687,False,True,
58688,False,True,
58689,False,True,
58690,False,True,
58691,False,True,
58692,False,True,
58693,False,True,
58694,False,True,
58695,False,True,
58696,False,True,
58697,False,True,
58698,False,True,
58699,False,True,
58700,False,True,
58701,False,True,
58702,False,True,
58703,False,True,
58704,False,True,
58705,False,True,
58706,False,True,
58707,False,True,
58708,False,True,
58709,False,True,
58710,False,True,
58715,True,False,
58716,True,False,
58717,True,False,
58718,False,True,
58719,False,True,
58720,True,False,
58721,False,True,
58722,True,False,
58723,True,False,
58724,True,False,
58725,False,True,
58726,True,False,
58727,True,False,
58730,True,False,
58731,True,False,
58732,True,False,
58734,False,True,
58736,False,True,
58737,False,True,
58738,False,True,
58739,False,True,
58740,False,True,
58741,False,True,
58745,False,True,
58746,False,True,
58747,True,False,
58748,False,True,
58750,False,True,
58751,False,True,
58752,False,True,
58756,False,True,
58757,False,True,
58761,True,False,
58764,True,False,
58765,False,True,
58766,False,True,
58767,False,True,
58768,False,True,
58769,False,True,
58770,False,True,
58771,False,True,
58773,False,True,
58774,False,True,
58775,False,True,
58776,False,True,
58778,True,False,
58779,True,False,
58780,True,False,
58781,False,True,
58782,False,True,
58783,False,False,
58784,False,False,
58785,False,False,
58788,False,True,
58790,False,True,
58793,False,False,
58794,False,False,
58795,False,False,
58796,False,True,
58797,False,True,
58801,False,False,
58803,False,True,
58804,False,True,
58805,False,True,
58806,False,True,
58807,False,True,
58809,False,True,
58810,False,True,
58811,False,True,
58813,False,True,
58815,False,True,
58816,False,True,
58817,False,True,
58818,False,True,
58820,False,True,
58821,False,True,
58822,False,True,
58823,False,True,
58824,False,True,
58825,False,True,
58826,False,True,
58827,False,True,
58828,False,True,
58829,False,True,
58830,False,True,
58831,False,True,
58832,False,True,
58834,False,True,
58835,False,True,
58836,False,True,
58837,False,True,
58838,False,True,
58839,False,True,
58840,False,True,
58841,False,True,
58843,False,True,
58844,False,True,
58845,False,True,
58846,False,True,
58848,False,True,
58850,False,True,
58851,False,True,
58852,False,False,
58853,False,False,
58854,False,False,
58855,False,False,
58856,False,True,
58857,False,False,
58858,False,False,
58859,False,False,
58861,False,True,
58862,False,False,
58863,False,False,
58864,False,False,
58865,False,True,
58866,False,True,
58867,False,False,
58868,False,False,
58869,False,False,
58870,False,False,
58871,False,True,
58873,False,True,
58874,False,True,
58877,False,True,
58879,False,False,
58880,False,False,
58881,False,False,
58882,False,False,
58883,False,False,
58887,False,True,
58888,False,True,
58889,False,True,
58890,False,True,
58891,False,True,
58892,False,True,
58893,False,True,
58894,False,True,
58895,False,True,
58896,False,True,
58897,True,False,
58898,False,True,
58899,False,True,
58901,False,True,
58903,False,True,
58904,False,True,
58905,False,True,
58906,False,True,
58907,False,True,
58908,False,True,
58910,False,True,
58911,False,True,
58912,False,False,
58913,False,True,
58914,False,True,
58915,False,True,
58916,False,False,
58917,False,False,
58918,False,True,
58919,False,True,
58920,False,True,
58921,False,True,
58922,False,True,
58923,False,True,
58924,False,True,
58925,False,True,
58926,False,True,
58928,False,True,
58929,False,False,
58930,False,True,
58931,False,True,
58935,False,True,
58936,False,False,
58937,False,True,
58938,False,True,
58939,False,True,
58940,False,True,
58941,False,True,
58943,False,True,
58944,False,True,
58945,False,True,
58946,False,True,
58949,False,True,
58951,False,False,
58952,False,False,
58953,False,True,
58954,False,True,
58955,False,True,
58956,False,True,
58957,False,True,
58959,True,False,
58960,False,True,
58961,False,True,
58962,False,True,
58963,False,False,
58964,False,False,
58965,False,True,
58966,False,True,
58967,False,True,
58968,False,True,
58969,False,True,
58970,True,False,
58971,False,True,
58972,True,False,
58973,False,True,
58974,False,True,
58975,False,True,
58976,False,True,
58977,True,False,
58978,False,True,
58979,False,True,
58980,True,False,
58981,False,True,
58982,False,True,
58983,False,True,
58984,False,True,
58985,False,False,
58986,False,True,
58987,False,False,
58988,True,False,
58989,False,True,
58990,False,False,
58993,False,True,
58994,True,False,
58995,True,False,
58996,True,False,
58997,False,True,
58998,True,False,
58999,False,True,
59000,False,True,
59001,False,False,
59002,False,True,
59003,False,True,
59004,False,True,
59005,False,True,
59006,False,True,
59007,False,True,
59008,True,False,
59009,False,True,
59010,False,True,
59011,True,False,
59012,False,False,
59013,False,True,
59015,True,False,
59016,False,True,
59017,False,True,
59018,False,True,
59019,False,True,
59020,True,False,
59021,True,False,
59022,False,True,
59023,False,True,
59024,False,True,
59025,False,True,
59026,False,True,
59027,False,True,
59028,False,True,
59029,False,True,
59030,False,True,
59031,False,True,
59032,False,True,
59033,False,True,
59036,False,True,
59038,False,True,
59039,False,True,
59040,False,True,
59041,False,True,
59042,True,False,
59043,True,False,
59044,True,False,
59049,False,True,
59051,True,False,
59052,False,True,
59053,False,True,
59054,True,False,
59055,True,False,
59056,False,True,
59057,False,True,
59058,True,False,
59059,False,True,
59060,True,False,
59063,False,True,
59065,True,False,
59066,False,True,
59067,False,True,
59068,False,True,
59069,False,True,
59070,False,True,
59071,False,True,
59072,True,False,
59073,False,True,
59075,False,True,
59076,False,True,
59077,False,True,
59078,False,True,
59079,False,True,
59080,False,True,
59081,False,True,
59082,False,True,
59083,False,True,
59084,False,True,
59085,False,True,
59087,False,True,
59088,False,True,
59089,False,False,
59090,False,True,
59091,False,True,
59092,False,True,
59093,False,True,
59094,False,True,
59098,False,True,
59099,False,True,
59100,False,True,
59101,False,False,
59102,False,True,
59104,False,True,
59105,False,True,
59106,False,True,
59111,False,True,
59112,False,True,
59113,False,True,
59114,False,True,
59116,False,True,
59117,True,False,
59118,False,True,
59119,True,False,
59120,False,True,
59121,False,True,
59124,False,True,
59125,False,True,
59126,False,True,
59127,False,True,
59129,False,False,
59130,False,False,
59131,False,False,
59135,False,True,
59137,False,True,
59138,False,True,
59139,False,True,
59140,True,False,
59141,False,True,
59142,False,True,
59143,False,True,
59144,False,True,
59146,True,False,
59147,True,False,
59148,False,True,
59149,False,True,
59150,True,False,
59151,False,True,
59153,False,True,
59154,False,False,
59155,True,False,
59156,True,False,
59157,True,False,
59158,False,True,
59159,False,True,
59160,True,False,
59161,True,False,
59162,True,False,
59163,True,False,
59164,False,True,
59165,False,True,
59166,False,True,
59167,False,True,
59168,True,False,
59169,False,True,
59171,False,False,
59172,False,False,
59174,False,True,
59175,False,True,
59176,False,True,
59177,False,True,
59180,True,False,
59181,True,False,
59182,True,False,
59183,True,False,
59184,True,False,
59185,False,True,
59186,False,True,
59187,False,True,
59189,False,True,
59190,False,True,
59191,True,False,
59193,False,True,
59194,False,True,
59195,False,True,
59196,False,True,
59197,False,True,
59198,False,True,
59199,True,False,
59200,True,False,
59204,False,True,
59205,True,False,
59206,True,False,
59207,True,False,
59208,True,False,
59209,True,False,
59210,True,False,
59211,True,False,
59212,False,True,
59213,True,False,
59214,False,True,
59215,False,True,
59216,False,True,
59218,False,True,
59219,False,True,
59220,False,True,
59221,False,True,
59222,False,True,
59223,False,True,
59225,True,False,
59227,True,False,
59230,False,True,
59231,False,True,
59232,True,False,
59234,True,False,
59235,True,False,
59236,True,False,
59237,False,False,
59238,False,False,
59240,False,False,
59241,False,True,
59242,False,False,
59245,False,True,
59246,False,False,
59247,False,True,
59248,False,False,
59249,False,False,
59250,False,True,
59251,True,False,
59252,True,False,
59253,True,False,
59254,True,False,
59255,True,False,
59259,False,True,
59260,False,False,
59261,True,False,
59262,False,True,
59263,True,False,
59264,True,False,
59265,False,True,
59266,False,True,
59267,True,False,
59268,False,True,
59269,False,True,
59270,True,False,
59271,False,True,
59272,False,True,
59273,False,True,
59274,False,True,
59275,True,False,
59276,True,False,
59277,False,True,
59278,False,True,
59279,False,True,
59280,False,True,
59281,True,False,
59282,True,False,
59283,True,False,
59285,True,False,
59290,True,False,
59291,True,False,
59292,False,True,
59296,False,True,
59297,False,True,
59299,False,True,
59300,True,False,
59301,False,True,
59302,False,True,
59303,False,True,
59304,False,True,
59305,False,True,
59306,False,True,
59307,False,True,
59308,True,False,
59309,False,True,
59310,False,True,
59311,False,True,
59312,False,True,
59313,False,True,
59314,False,True,
59315,False,True,
59316,False,True,
59317,False,True,
59318,False,True,
59319,False,True,
59320,False,True,
59322,False,True,
59323,False,True,
59324,False,True,
59325,True,False,
59326,False,True,
59327,False,True,
59328,False,True,
59329,True,False,
59330,False,True,
59331,True,False,
59332,False,True,
59333,False,True,
59335,True,False,
59336,False,True,
59337,False,True,
59338,False,True,
59339,,True,
59340,False,False,
59341,False,True,
59342,True,False,
59343,True,False,
59344,False,True,
59345,False,True,
59346,False,True,
59347,False,True,
59348,True,False,
59349,True,False,
59350,True,False,
59351,False,True,
59352,False,True,
59353,False,True,
59354,False,True,
59355,False,True,
59356,True,False,
59357,False,True,
59359,False,True,
59362,False,True,
59363,False,True,
59364,False,True,
59365,False,True,
59366,False,True,
59367,False,True,
59368,False,True,
59369,False,True,
59370,False,True,
59371,False,True,
59372,False,True,
59373,False,True,
59374,False,True,
59375,False,True,
59376,False,True,
59377,False,True,
59378,False,True,
59379,False,True,
59381,False,True,
59382,False,True,
59383,False,False,
59385,False,True,
59386,False,False,
59387,False,False,
59388,False,False,
59389,False,False,
59390,False,True,
59391,False,True,
59392,False,True,
59393,False,True,
59394,False,True,
59395,False,True,
59396,False,True,
59397,False,True,
59398,False,True,
59399,False,True,
59400,False,True,
59401,False,True,
59402,False,True,
59403,False,True,
59404,False,True,
59405,False,True,
59406,False,True,
59408,False,False,
59409,False,True,
59410,False,True,
59414,False,True,
59415,False,True,
59416,False,True,
59417,False,True,
59419,False,True,
59420,False,True,
59421,False,True,
59422,False,True,
59423,False,True,
59424,False,True,
59426,False,True,
59427,False,True,
59428,False,True,
59430,False,True,
59431,False,True,
59432,False,True,
59433,False,True,
59434,True,False,
59435,False,True,
59436,False,True,
59437,False,True,
59438,False,True,
59439,False,True,
59440,False,True,
59441,False,True,
59443,False,True,
59444,False,True,
59445,False,True,
59446,False,True,
59447,False,True,
59448,False,True,
59449,False,True,
59450,False,True,
59451,False,True,
59452,False,True,
59453,False,True,
59454,False,True,
59455,False,True,
59456,False,True,
59457,False,True,
59458,False,True,
59459,False,True,
59460,False,True,
59461,False,True,
59462,False,True,
59463,False,True,
59464,False,True,
59465,False,True,
59466,False,True,
59467,False,True,
59468,False,True,
59469,False,True,
59470,False,True,
59471,False,True,
59472,False,True,
59473,False,True,
59474,False,True,
59475,False,True,
59476,False,True,
59477,False,True,
59478,False,True,
59479,False,True,
59480,False,True,
59481,False,True,
59482,False,True,
59483,False,True,
59484,False,True,
59485,False,True,
59486,False,True,
59487,False,True,
59491,False,True,
59492,False,True,
59493,False,True,
59494,False,True,
59496,False,True,
59498,False,True,
59499,False,True,
59500,False,True,
59501,False,True,
59502,False,True,
59503,False,True,
59504,False,True,
59505,False,True,
59506,False,True,
59507,False,True,
59508,False,True,
59509,False,True,
59510,False,True,
59511,False,True,
59512,False,True,
59513,False,True,
59514,False,True,
59515,False,True,
59516,False,True,
59517,False,True,
59519,False,True,
59520,False,True,
59521,False,True,
59522,False,True,
59523,False,True,
59524,False,True,
59525,False,True,
59527,False,True,
59528,False,True,
59529,False,True,
59530,False,True,
59531,False,True,
59532,False,True,
59534,False,True,
59535,False,True,
59536,False,True,
59537,False,True,
59538,False,True,
59539,False,True,
59540,False,True,
59541,False,True,
59542,False,True,
59543,False,True,
59544,False,True,
59545,False,True,
59546,False,True,
59547,False,True,
59548,False,True,
59549,False,True,
59550,False,True,
59551,False,True,
59552,False,True,
59553,False,True,
59554,False,True,
59555,False,True,
59556,False,True,
59557,False,True,
59558,False,True,
59559,False,True,
59560,False,True,
59561,False,True,
59562,False,True,
59563,False,True,
59564,False,True,
59565,False,True,
59566,False,True,
59567,False,True,
59568,False,True,
59569,False,True,
59570,False,True,
59571,False,True,
59572,False,True,
59573,False,True,
59574,False,True,
59575,False,True,
59576,False,True,
59577,False,True,
59579,False,True,
59580,False,True,
59581,False,True,
59582,False,True,
59583,False,True,
59584,False,True,
59585,False,True,
59586,False,True,
59587,False,True,
59588,False,True,
59589,False,True,
59590,False,True,
59591,False,True,
59592,False,True,
59593,False,True,
59594,False,True,
59595,False,True,
59596,False,True,
59597,False,True,
59598,False,True,
59599,False,True,
59600,False,True,
59601,False,True,
59602,False,True,
59603,False,True,
59604,False,True,
59605,False,True,
59606,False,True,
59607,False,True,
59608,False,True,
59609,False,True,
59610,False,True,
59611,False,True,
59612,False,True,
59613,False,True,
59614,False,True,
59615,False,True,
59616,False,True,
59617,False,True,
59618,False,True,
59619,False,True,
59620,False,True,
59621,False,True,
59622,False,True,
59623,False,True,
59624,False,True,
59625,False,True,
59626,False,True,
59629,False,True,
59630,False,True,
59631,False,True,
59632,False,False,
59633,False,True,
59634,False,True,
59635,False,True,
59637,False,True,
59638,False,True,
59639,False,True,
59641,False,True,
59642,False,True,
59643,False,True,
59644,False,True,
59649,False,True,
59650,False,True,
59651,False,True,
59652,False,True,
59653,False,True,
59654,False,True,
59655,False,True,
59656,False,True,
59657,False,True,
59658,False,True,
59659,False,True,
59660,False,True,
59661,False,True,
59663,False,True,
59664,False,True,
59665,False,True,
59666,False,False,
59667,False,True,
59668,False,True,
59669,False,True,
59670,False,False,
59671,False,True,
59672,False,True,
59673,False,True,
59675,False,True,
59676,False,True,
59677,False,True,
59678,False,True,
59679,False,True,
59680,False,True,
59681,False,True,
59682,False,True,
59683,False,True,
59684,False,True,
59685,False,True,
59686,False,True,
59687,False,True,
59689,False,True,
59690,False,True,
59693,False,True,
59694,False,True,
59695,False,True,
59696,False,True,
59697,False,True,
59698,False,True,
59700,False,True,
59702,True,False,
59703,False,True,
59704,False,True,
59705,False,True,
59706,False,True,
59707,False,True,
59708,False,True,
59709,False,True,
59710,False,True,
59712,False,True,
59713,False,False,
59714,False,False,
59715,False,True,
59716,False,True,
59717,False,True,
59718,False,True,
59719,False,True,
59720,False,True,
59721,False,True,
59722,False,True,
59723,False,True,
59725,False,True,
59726,False,True,
59727,False,True,
59728,False,True,
59729,False,True,
59730,True,False,
59731,False,True,
59732,False,True,
59733,False,True,
59734,False,True,
59735,False,True,
59739,True,False,
59740,False,False,
59741,False,True,
59742,True,False,
59743,True,False,
59745,False,True,
59746,False,True,
59747,False,True,
59748,False,True,
59749,False,True,
59750,False,True,
59751,False,True,
59752,False,True,
59753,True,False,
59754,True,False,
59755,True,False,
59756,True,False,
59757,True,False,
59758,False,True,
59759,False,True,
59761,False,True,
59762,False,True,
59763,False,True,
59764,False,True,
59766,False,True,
59767,False,True,
59768,True,False,
59769,True,False,
59770,True,False,
59771,False,True,
59773,False,False,
59774,False,True,
59775,False,True,
59777,False,True,
59778,True,False,
59779,False,True,
59780,False,True,
59781,True,False,
59783,False,False,
59784,False,True,
59785,False,False,
59786,False,False,
59787,False,False,
59790,False,False,
59791,False,False,
59792,False,True,
59793,True,False,
59794,True,False,
59795,True,False,
59796,False,True,
59797,True,False,
59798,False,True,
59799,False,True,
59800,False,True,
59803,False,False,
59805,False,True,
59807,True,False,
59808,False,True,
59810,False,True,
59811,False,True,
59812,False,True,
59813,False,True,
59814,False,True,
59815,True,False,
59817,False,True,
59818,True,False,
59819,True,False,
59822,False,True,
59827,True,False,
59828,False,True,
59829,False,True,
59830,False,True,
59831,False,True,
59832,False,True,
59833,False,True,
59835,False,True,
59836,True,False,
59838,True,False,
59839,True,False,
59840,True,False,
59842,True,False,
59843,False,True,
59844,False,True,
59845,False,True,
59846,False,True,
59847,False,True,
59848,False,True,
59849,False,True,
59850,True,False,
59851,False,True,
59852,False,True,
59853,False,True,
59854,False,True,
59855,False,True,
59856,True,False,
59857,False,True,
59858,False,True,
59859,False,True,
59861,False,True,
59862,False,True,
59863,False,True,
59864,False,True,
59865,False,False,
59866,False,True,
59867,False,True,
59868,True,False,
59869,False,True,
59870,False,True,
59871,True,False,
59872,False,True,
59873,True,False,
59874,True,False,
59875,False,False,
59877,False,False,
59878,False,True,
59879,False,True,
59880,False,True,
59881,False,True,
59884,True,False,
59886,False,True,
59890,True,False,
59891,False,True,
59892,True,False,
59893,False,True,
59896,False,True,
59897,True,False,
59898,True,False,
59902,False,True,
59903,False,True,
59905,False,True,
59906,False,True,
59913,True,False,
59914,True,False,
59915,True,False,
59916,True,False,
59917,True,False,
59919,False,True,
59920,True,False,
59921,False,True,
59922,False,True,
59924,False,True,
59929,False,True,
59930,False,True,
59931,False,True,
59932,False,True,
59934,False,True,
59935,False,True,
59940,False,True,
59942,False,True,
59943,False,True,
59944,False,True,
59945,False,True,
59946,False,True,
59948,False,True,
59949,False,True,
59950,False,False,
59951,False,True,
59955,False,True,
59956,False,True,
59958,False,True,
59959,False,True,
59961,False,True,
59962,False,True,
59963,False,True,
59964,False,True,
59965,False,True,
59969,False,True,
59970,False,True,
59972,False,True,
59973,False,True,
59974,False,True,
59975,False,True,
59976,False,True,
59979,False,True,
59983,False,True,
59985,False,True,
59986,False,True,
59987,False,True,
59988,False,True,
59989,False,True,
59991,False,False,
59992,False,True,
59994,False,True,
59995,False,True,
59998,False,True,
60002,False,True,
60003,False,False,
60010,False,True,
60013,False,True,
60017,False,True,
60018,False,True,
60019,False,True,
60020,False,True,
60021,False,True,
60022,False,True,
60023,False,True,
60024,False,True,
60026,False,True,
60028,False,True,
60029,False,True,
60030,False,True,
60031,False,True,
60032,False,True,
60033,False,True,
60034,False,True,
60035,False,True,
60036,False,True,
60037,False,True,
60038,False,True,
60039,False,True,
60041,False,True,
60043,False,True,
60044,False,True,
60045,False,True,
60046,True,False,
60048,False,True,
60049,False,True,
60050,False,True,
60051,False,True,
60052,False,True,
60053,False,True,
60054,False,False,
60055,False,True,
60056,False,True,
60057,False,True,
60058,False,True,
60059,False,False,
60060,False,True,
60061,False,True,
60062,False,True,
60063,False,True,
60064,False,True,
60065,False,True,
60066,False,True,
60067,False,True,
60068,False,True,
60069,False,True,
60070,False,True,
60071,False,True,
60072,False,True,
60073,True,False,
60074,True,False,
60075,False,True,
60076,False,True,
60078,False,True,
60079,True,False,
60080,False,True,
60081,False,True,
60082,False,True,
60084,False,False,
60085,False,True,
60087,False,True,
60088,False,True,
60089,False,True,
60090,False,True,
60091,False,True,
60092,False,True,
60094,False,True,
60095,False,True,
60096,False,True,
60097,False,True,
60098,False,False,
60099,False,False,
60101,False,False,
60102,False,True,
60103,False,True,
60104,False,True,
60105,False,True,
60106,False,True,
60107,False,True,
60108,False,True,
60109,False,True,
60110,False,True,
60112,False,True,
60113,False,True,
60114,False,True,
60115,False,True,
60116,False,True,
60117,False,True,
60118,False,True,
60119,False,True,
60120,False,True,
60121,False,True,
60122,False,True,
60123,False,True,
60124,False,True,
60125,False,True,
60126,False,True,
60127,False,True,
60128,False,True,
60129,False,True,
60130,False,True,
60132,False,True,
60135,False,True,
60136,False,True,
60137,False,True,
60138,False,True,
60139,False,False,
60140,False,True,
60141,False,True,
60142,False,True,
60144,False,True,
60145,False,True,
60146,False,False,
60148,False,True,
60149,False,False,
60150,False,False,
60152,False,True,
60153,False,True,
60154,False,True,
60155,False,True,
60156,False,True,
60157,False,True,
60158,False,True,
60159,False,True,
60163,True,False,
60165,False,True,
60166,False,True,
60167,False,False,
60168,False,False,
60169,False,False,
60170,False,False,
60175,False,True,
60176,False,True,
60177,False,True,
60178,False,True,
60180,False,True,
60181,False,True,
60182,False,True,
60183,False,True,
60184,False,True,
60185,False,True,
60186,False,True,
60188,False,True,
60189,False,True,
60190,False,True,
60192,False,True,
60193,False,True,
60194,False,True,
60196,False,True,
60198,False,True,
60199,False,True,
60200,False,True,
60201,False,True,
60202,False,True,
60203,False,True,
60205,False,True,
60206,False,True,
60207,False,True,
60208,False,True,
60209,False,False,
60210,False,True,
60211,False,True,
60212,False,True,
60217,False,True,
60218,False,True,
60219,False,False,
60220,False,True,
60221,False,True,
60223,False,True,
60224,False,True,
60225,False,False,
60226,False,True,
60227,False,True,
60228,False,True,
60229,False,True,
60232,False,True,
60234,False,True,
60235,False,True,
60237,False,True,
60238,False,False,
60239,False,True,
60240,False,False,
60241,False,True,
60243,False,False,
60244,False,True,
60245,False,True,
60246,False,True,
60248,False,True,
60249,False,True,
60254,False,True,
60257,False,True,
60261,False,True,
60263,False,True,
60266,False,True,
60267,False,True,
60277,False,False,
60279,False,False,
60280,False,True,
60281,False,True,
60282,False,True,
60283,False,True,
60284,False,True,
60285,False,True,
60286,False,False,
60287,False,False,
60288,False,True,
60289,False,True,
60290,False,False,
60291,False,True,
60292,False,True,
60293,False,True,
60295,False,True,
60296,False,True,
60297,False,True,
60298,False,True,
60299,False,True,
60300,False,True,
60301,False,True,
60302,False,True,
60303,False,False,
60304,False,True,
60305,False,False,
60306,False,True,
60308,False,True,
60309,False,True,
60310,False,True,
60312,False,True,
60313,False,True,
60314,False,True,
60315,False,True,
60316,False,True,
60317,False,True,
60318,False,False,
60319,False,True,
60320,False,True,
60321,False,True,
60322,False,True,
60327,False,True,
60328,False,False,
60330,False,True,
60331,False,True,
60332,False,True,
60333,False,True,
60334,False,True,
60335,True,False,
60336,True,False,
60337,True,False,
60338,False,True,
60339,True,False,
60340,False,True,
60341,True,False,
60342,True,False,
60344,False,True,
60346,False,True,
60348,False,True,
60349,True,False,
60350,False,True,
60351,False,True,
60352,True,False,
60353,False,True,
60354,False,True,
60355,False,True,
60356,True,False,
60357,True,False,
60359,True,False,
60360,True,False,
60361,False,True,
60362,False,True,
60363,True,False,
60364,False,False,
60365,True,False,
60368,True,False,
60369,False,True,
60370,False,True,
60371,False,True,
60373,True,False,
60374,True,False,
60375,True,False,
60376,True,False,
60377,True,False,
60379,True,False,
60380,True,False,
60381,True,False,
60382,False,True,
60383,False,True,
60384,False,True,
60385,False,True,
60386,True,False,
60387,False,True,
60388,True,False,
60389,True,False,
60390,True,False,
60391,True,False,
60392,True,False,
60393,True,False,
60394,False,True,
60395,False,True,
60396,False,True,
60397,True,False,
60398,False,True,
60400,False,True,
60401,False,True,
60402,False,True,
60404,False,True,
60405,False,True,
60406,False,True,
60407,True,False,
60409,False,True,
60411,False,True,
60412,False,True,
60414,False,True,
60415,False,True,
60416,False,True,
60418,False,False,
60419,False,True,
60420,True,False,
60421,True,False,
60422,False,True,
60423,True,False,
60424,True,False,
60425,False,True,
60426,False,True,
60427,False,True,
60428,False,True,
60429,False,True,
60430,True,False,
60431,False,True,
60433,False,True,
60435,False,True,
60436,False,True,
60437,False,True,
60438,True,False,
60439,False,True,
60440,False,True,
60441,False,True,
60442,False,True,
60443,True,False,
60444,False,True,
60445,True,False,
60446,True,False,
60447,True,False,
60448,True,False,
60449,True,False,
60450,True,False,
60451,True,False,
60452,False,True,
60453,True,False,
60454,False,True,
60455,False,True,
60456,False,True,
60457,False,True,
60458,False,False,
60459,False,True,
60460,False,False,
60461,False,True,
60463,False,True,
60464,False,True,
60465,False,True,
60466,False,True,
60468,False,True,
60469,False,True,
60471,False,True,
60472,False,True,
60473,False,True,
60474,False,True,
60475,False,True,
60476,False,True,
60477,False,True,
60479,False,True,
60480,False,False,
60481,False,True,
60482,False,True,
60483,False,True,
60484,True,False,
60485,False,True,
60486,False,True,
60487,False,True,
60488,False,True,
60498,False,True,
60500,False,True,
60501,False,True,
60502,False,True,
60503,False,False,
60504,False,True,
60505,False,True,
60506,False,True,
60507,False,True,
60508,False,True,
60509,False,True,
60510,False,True,
60511,False,True,
60512,False,True,
60513,False,True,
60514,True,False,
60515,True,False,
60518,False,True,
60519,False,True,
60520,True,False,
60521,True,False,
60522,False,True,
60523,False,True,
60524,False,True,
60527,False,False,
60528,False,True,
60534,False,True,
60536,False,False,
60537,False,True,
60538,False,False,
60539,False,False,
60540,True,False,
60541,True,False,
60542,True,False,
60543,True,False,
60544,False,True,
60545,True,False,
60546,True,False,
60547,True,False,
60548,False,True,
60549,False,False,
60552,False,True,
60553,False,True,
60554,False,True,
60555,False,False,
60557,False,True,
60558,False,False,
60559,False,False,
60560,False,False,
60562,False,True,
60563,False,True,
60564,True,False,
60565,True,False,
60566,False,True,
60567,False,True,
60568,False,True,
60569,False,True,
60570,False,True,
60571,False,True,
60572,False,True,
60573,True,False,
60574,True,False,
60575,True,False,
60576,True,False,
60577,False,True,
60578,True,False,
60579,True,False,
60580,True,False,
60581,True,False,
60582,True,False,
60583,True,False,
60584,True,False,
60585,True,False,
60586,True,False,
60587,True,False,
60588,True,False,
60589,True,False,
60590,False,True,
60591,False,True,
60592,True,False,
60593,False,True,
60594,True,False,
60595,True,False,
60596,True,False,
60597,True,False,
60598,True,False,
60599,True,False,
60600,True,False,
60601,True,False,
60602,False,True,
60603,True,False,
60604,True,False,
60605,True,False,
60606,True,False,
60607,False,True,
60608,False,False,
60609,False,False,
60610,False,False,
60612,False,False,
60613,False,False,
60614,False,True,
60615,False,True,
60616,False,True,
60618,False,True,
60619,False,True,
60622,False,True,
60625,False,True,
60626,True,False,
60627,True,False,
60629,True,False,
60631,False,False,
60632,True,False,
60633,False,True,
60634,True,False,
60635,False,True,
60636,False,True,
60637,False,True,
60638,False,True,
60639,False,True,
60640,False,True,
60641,False,True,
60642,False,True,
60643,False,True,
60644,False,True,
60645,False,True,
60646,False,True,
60647,False,True,
60648,False,True,
60649,False,True,
60650,False,True,
60651,False,True,
60652,False,True,
60653,False,True,
60654,False,True,
60655,False,True,
60656,False,True,
60657,False,True,
60658,False,True,
60659,False,True,
60660,False,True,
60661,False,True,
60662,False,True,
60663,False,True,
60664,False,True,
60665,False,True,
60666,False,True,
60667,False,True,
60668,False,True,
60669,False,True,
60670,False,True,
60671,False,True,
60672,False,True,
60673,False,True,
60675,False,True,
60676,False,True,
60677,False,True,
60678,False,True,
60679,False,True,
60680,False,True,
60681,False,True,
60682,False,True,
60683,False,False,
60684,False,True,
60685,False,True,
60686,False,True,
60687,False,True,
60688,False,True,
60692,False,True,
60695,True,False,
60696,True,False,
60697,True,False,
60698,True,False,
60699,True,False,
60700,True,False,
60701,True,False,
60702,False,True,
60703,True,False,
60704,True,False,
60705,True,False,
60706,True,False,
60708,False,True,
60711,False,True,
60712,False,True,
60716,False,True,
60717,False,True,
60718,False,True,
60719,False,True,
60720,False,True,
60721,False,True,
60722,False,True,
60723,True,False,
60724,False,True,
60725,False,True,
60726,False,True,
60727,True,False,
60728,False,True,
60729,False,True,
60730,False,True,
60731,False,True,
60733,False,True,
60734,False,True,
60735,False,True,
60736,False,True,
60737,False,True,
60738,False,True,
60739,False,True,
60740,False,True,
60741,False,True,
60742,False,True,
60744,False,True,
60745,False,True,
60746,False,True,
60747,False,True,
60748,False,True,
60749,True,False,
60750,True,False,
60751,True,False,
60752,True,False,
60753,False,False,
60754,False,False,
60756,False,False,
60757,False,False,
60758,False,False,
60759,False,False,
60760,False,False,
60761,False,False,
60763,False,False,
60764,False,True,
60765,False,True,
60766,True,False,
60767,True,False,
60768,True,False,
60769,True,False,
60770,True,False,
60771,False,True,
60772,False,True,
60773,False,True,
60774,False,True,
60775,False,True,
60777,False,True,
60778,False,True,
60779,False,True,
60780,False,True,
60781,True,False,
60782,True,False,
60783,True,False,
60785,True,False,
60786,False,True,
60787,False,True,
60788,False,True,
60789,True,False,
60790,True,False,
60791,False,True,
60793,False,True,
60794,False,True,
60795,False,True,
60796,False,True,
60797,False,True,
60798,False,True,
60799,True,False,
60800,True,False,
60801,False,True,
60802,False,True,
60803,False,True,
60804,False,True,
60806,False,True,
60809,False,False,
60810,False,False,
60811,False,False,
60812,False,False,
60813,False,False,
60814,False,False,
60815,False,False,
60816,False,False,
60817,False,False,
60818,False,False,
60821,False,False,
60823,False,False,
60824,False,True,
60825,True,False,
60827,False,True,
60828,True,False,
60829,False,True,
60830,False,True,
60831,True,False,
60832,False,True,
60833,False,True,
60834,False,True,
60835,False,True,
60836,True,False,
60837,True,False,
60838,False,False,
60839,False,True,
60840,False,True,
60841,False,True,
60842,True,False,
60843,True,False,
60844,True,False,
60845,False,True,
60846,True,False,
60848,True,False,
60849,True,False,
60850,True,False,
60851,False,True,
60852,False,True,
60853,True,False,
60854,False,True,
60855,False,True,
60856,False,True,
60857,False,True,
60858,False,True,
60859,False,False,
60861,False,True,
60862,False,True,
60864,False,False,
60865,False,True,
60867,True,False,
60868,True,False,
60870,False,True,
60871,True,False,
60872,True,False,
60873,False,True,
60874,False,True,
60875,False,True,
60876,False,True,
60877,False,True,
60878,False,True,
60879,True,False,
60880,True,False,
60881,True,False,
60882,True,False,
60883,True,False,
60884,False,True,
60885,True,False,
60886,True,False,
60887,True,False,
60888,False,True,
60889,False,True,
60891,False,True,
60893,False,True,
60895,False,True,
60896,False,True,
60897,False,True,
60898,False,True,
60899,False,True,
60900,True,False,
60901,True,False,
60902,True,False,
60903,True,False,
60906,False,True,
60907,False,True,
60910,False,True,
60911,True,False,
60912,False,True,
60913,True,False,
60914,True,False,
60915,False,True,
60916,True,False,
60917,True,False,
60918,False,True,
60919,False,True,
60922,False,True,
60923,False,True,
60924,False,False,
60925,True,False,
60926,True,False,
60928,False,True,
60929,False,True,
60930,True,False,
60931,False,True,
60933,False,True,
60934,True,False,
60935,False,False,
60936,True,False,
60937,False,False,
60938,False,True,
60939,False,False,
60941,False,False,
60942,False,False,
60943,False,True,
60945,True,False,
60946,False,True,
60947,False,True,
60948,False,True,
60949,False,True,
60950,True,False,
60951,True,False,
60952,False,False,
60953,False,True,
60954,False,True,
60955,False,True,
60956,False,True,
60957,False,True,
60958,False,True,
60959,False,True,
60960,False,True,
60962,False,True,
60964,False,True,
60965,False,True,
60966,True,False,
60967,False,True,
60968,True,False,
60969,True,False,
60970,True,False,
60971,False,True,
60972,True,False,
60973,True,False,
60974,False,True,
60975,False,True,
60976,False,True,
60977,True,False,
60978,True,False,
60982,False,True,
60983,True,False,
60984,True,False,
60985,True,False,
60987,True,False,
60988,False,True,
60989,True,False,
60990,False,True,
60991,False,True,
60992,True,False,
60994,True,False,
60996,False,True,
60999,False,True,
61000,False,True,
61001,False,True,
61003,False,True,
61004,False,True,
61005,False,True,
61006,False,True,
61007,False,True,
61008,False,True,
61009,False,True,
61014,False,True,
61015,False,True,
61017,False,True,
61019,True,False,
61020,False,True,
61021,False,True,
61022,False,True,
61023,False,True,
61024,False,True,
61026,False,True,
61027,False,True,
61028,False,True,
61029,False,True,
61030,False,True,
61033,False,True,
61035,False,True,
61036,False,True,
61038,False,True,
61039,False,True,
61041,False,True,
61042,False,True,
61043,False,True,
61044,False,True,
61045,False,True,
61046,False,True,
61047,False,True,
61048,False,False,
61049,False,True,
61050,False,True,
61051,False,True,
61052,False,True,
61053,False,True,
61054,False,True,
61055,False,True,
61056,False,True,
61058,False,True,
61059,False,True,
61061,False,False,
61062,False,True,
61063,False,True,
61064,False,True,
61065,False,True,
61066,False,True,
61067,False,True,
61071,False,True,
61072,False,False,
61073,False,True,
61074,False,True,
61075,False,True,
61076,False,True,
61077,False,True,
61078,False,True,
61079,False,True,
61080,False,True,
61081,False,True,
61082,False,True,
61083,False,True,
61084,False,False,
61085,False,False,
61086,False,True,
61088,False,True,
61089,False,False,
61090,False,True,
61091,False,False,
61092,False,True,
61093,False,True,
61094,False,True,
61095,False,False,
61096,False,True,
61097,False,True,
61098,False,True,
61099,False,False,
61100,False,False,
61101,True,False,
61102,False,False,
61103,False,False,
61104,False,False,
61105,False,False,
61106,False,False,
61109,False,True,
61110,False,True,
61111,False,True,
61112,False,False,
61113,False,False,
61114,False,True,
61115,False,True,
61116,False,True,
61117,False,True,
61119,False,False,
61120,False,True,
61121,False,True,
61122,False,True,
61123,False,True,
61124,False,True,
61125,False,True,
61126,False,True,
61127,False,False,
61129,False,False,
61130,False,False,
61131,False,False,
61132,False,False,
61133,False,True,
61134,False,False,
61135,False,True,
61136,False,False,
61138,False,False,
61139,False,True,
61140,False,False,
61141,False,True,
61143,False,True,
61145,False,True,
61147,False,True,
61148,False,True,
61149,False,True,
61150,False,True,
61151,False,True,
61152,False,True,
61153,False,True,
61156,False,True,
61157,False,True,
61158,False,True,
61159,False,True,
61160,False,True,
61162,False,False,
61163,False,False,
61165,False,False,
61166,False,False,
61167,False,True,
61168,False,True,
61170,False,True,
61171,False,True,
61172,False,True,
61182,False,True,
61183,False,True,
61184,False,True,
61185,False,True,
61186,False,True,
61187,False,True,
61188,False,True,
61189,False,True,
61193,False,True,
61194,False,True,
61196,False,True,
61197,False,True,
61198,False,True,
61200,False,True,
61201,False,True,
61202,False,True,
61203,False,True,
61204,False,True,
61205,False,False,
61207,False,False,
61208,False,False,
61209,False,True,
61210,True,False,
61213,False,True,
61214,False,False,
61215,False,True,
61217,False,True,
61218,False,True,
61219,False,True,
61220,False,True,
61221,False,True,
61222,False,False,
61223,True,False,
61224,False,True,
61225,True,False,
61226,False,True,
61229,False,True,
61230,False,True,
61233,False,True,
61234,False,True,
61236,False,True,
61239,False,True,
61240,False,True,
61241,False,True,
61242,False,True,
61243,False,True,
61246,True,False,
61247,True,False,
61248,False,True,
61249,False,True,
61250,False,True,
61251,False,True,
61252,False,True,
61253,True,False,
61254,True,False,
61255,False,True,
61256,True,False,
61257,True,False,
61258,True,False,
61259,False,True,
61260,False,True,
61261,False,True,
61262,False,True,
61263,False,True,
61264,False,True,
61265,False,True,
61267,True,False,
61268,False,True,
61269,False,True,
61270,True,False,
61271,True,False,
61273,True,False,
61274,True,False,
61275,True,False,
61276,True,False,
61277,True,False,
61278,False,True,
61279,False,True,
61282,True,False,
61283,True,False,
61284,False,True,
61285,True,False,
61286,True,False,
61288,False,True,
61289,False,True,
61291,False,True,
61292,False,True,
61293,False,True,
61294,False,True,
61295,False,True,
61296,False,True,
61297,True,False,
61298,True,False,
61299,True,False,
61300,True,False,
61301,True,False,
61302,False,True,
61303,True,False,
61304,False,True,
61305,False,True,
61306,False,True,
61307,False,True,
61309,False,True,
61310,False,True,
61311,True,False,
61312,True,False,
61313,False,True,
61314,True,False,
61315,False,True,
61317,True,False,
61318,True,False,
61319,True,False,
61320,True,False,
61321,True,False,
61322,False,True,
61323,True,False,
61324,True,False,
61326,False,True,
61327,False,True,
61328,False,True,
61329,False,True,
61330,False,True,
61331,False,True,
61332,False,True,
61333,False,True,
61334,False,True,
61336,False,False,
61337,False,True,
61338,False,True,
61339,False,True,
61341,False,False,
61344,False,True,
61345,False,False,
61346,False,False,
61347,False,True,
61348,True,False,
61349,False,True,
61350,False,True,
61351,False,True,
61354,False,True,
61356,False,True,
61357,False,True,
61358,False,True,
61359,False,True,
61360,False,True,
61361,False,True,
61362,False,True,
61363,False,True,
61364,False,True,
61366,False,True,
61368,False,True,
61369,False,True,
61370,False,True,
61371,False,True,
61372,False,True,
61373,False,True,
61374,False,True,
61375,False,True,
61376,False,True,
61377,False,True,
61378,False,True,
61379,False,True,
61380,False,True,
61381,False,True,
61382,False,True,
61383,False,True,
61385,False,True,
61386,False,True,
61387,False,True,
61388,False,True,
61390,True,False,
61391,False,True,
61392,False,False,
61393,False,True,
61394,False,True,
61395,True,False,
61396,True,False,
61397,True,False,
61398,True,False,
61399,False,True,
61408,False,True,
61409,False,True,
61411,False,True,
61412,False,True,
61413,False,True,
61415,False,True,
61416,False,True,
61417,False,True,
61418,False,True,
61419,False,True,
61421,False,True,
61422,False,True,
61423,False,True,
61424,False,True,
61426,False,True,
61428,False,True,
61429,False,True,
61430,True,False,
61431,False,True,
61433,False,True,
61434,True,False,
61435,True,False,
61436,False,True,
61437,False,False,
61438,False,False,
61439,False,False,
61440,False,False,
61441,False,False,
61442,False,False,
61443,False,False,
61444,False,False,
61445,False,False,
61446,False,True,
61447,False,True,
61449,True,False,
61454,True,False,
61455,True,False,
61456,False,True,
61457,True,False,
61458,False,False,
61459,False,True,
61465,False,True,
61466,False,True,
61467,False,True,
61468,False,True,
61469,False,True,
61470,False,True,
61471,False,True,
61472,False,True,
61473,False,True,
61474,False,True,
61475,False,True,
61476,False,True,
61478,True,False,
61479,False,True,
61480,True,False,
61481,True,False,
61482,False,True,
61483,True,False,
61484,True,False,
61485,False,True,
61486,False,True,
61487,False,True,
61488,False,True,
61489,False,True,
61490,False,True,
61491,False,True,
61492,False,True,
61493,False,True,
61494,False,True,
61495,False,True,
61496,True,False,
61497,False,True,
61498,True,False,
61499,True,False,
61501,False,True,
61502,False,True,
61503,False,True,
61504,False,True,
61505,True,False,
61506,True,False,
61508,True,False,
61509,True,False,
61510,True,False,
61511,True,False,
61512,True,False,
61518,True,False,
61520,False,True,
61521,False,True,
61522,False,True,
61523,False,True,
61524,False,True,
61525,False,True,
61526,False,True,
61527,False,True,
61528,True,False,
61529,True,False,
61530,False,True,
61531,False,True,
61532,True,False,
61533,True,False,
61534,True,False,
61535,False,True,
61536,True,False,
61537,False,True,
61538,False,True,
61539,False,True,
61540,False,True,
61541,False,True,
61542,False,True,
61543,False,True,
61544,False,True,
61545,True,False,
61546,False,True,
61547,True,False,
61548,True,False,
61549,True,False,
61550,True,False,
61551,True,False,
61552,True,False,
61553,False,True,
61554,True,False,
61555,False,True,
61556,True,False,
61557,True,False,
61558,True,False,
61559,False,True,
61560,False,True,
61561,False,True,
61562,False,True,
61563,False,True,
61564,False,True,
61565,True,False,
61566,True,False,
61567,True,False,
61568,False,True,
61569,False,True,
61570,False,True,
61573,True,False,
61574,False,True,
61575,False,True,
61576,False,True,
61578,True,False,
61579,True,False,
61580,False,False,
61582,False,True,
61583,True,False,
61584,True,False,
61585,False,False,
61586,True,False,
61587,True,False,
61588,True,False,
61589,True,False,
61591,True,False,
61592,True,False,
61593,True,False,
61594,True,False,
61595,True,False,
61596,True,False,
61597,False,True,
61598,True,False,
61599,False,True,
61600,True,False,
61601,True,False,
61602,True,False,
61603,True,False,
61604,False,True,
61605,True,False,
61606,False,True,
61607,False,True,
61608,True,False,
61609,True,False,
61610,True,False,
61611,True,False,
61612,True,False,
61613,True,False,
61614,False,True,
61615,True,False,
61616,True,False,
61617,True,False,
61619,True,False,
61620,True,False,
61621,True,False,
61622,False,True,
61623,True,False,
61624,True,False,
61625,False,True,
61626,False,True,
61627,True,False,
61628,True,False,
61630,False,True,
61631,True,False,
61632,False,True,
61633,False,True,
61634,True,False,
61635,True,False,
61636,True,False,
61637,True,False,
61638,True,False,
61639,False,True,
61640,True,False,
61641,True,False,
61642,False,True,
61643,False,True,
61644,False,True,
61645,False,True,
61646,False,True,
61647,False,True,
61648,True,False,
61649,True,False,
61650,True,False,
61651,True,False,
61652,True,False,
61653,True,False,
61654,True,False,
61655,False,False,
61656,True,False,
61657,True,False,
61658,False,False,
61659,True,False,
61660,True,False,
61661,False,True,
61662,True,False,
61663,True,False,
61665,True,False,
61666,False,True,
61667,True,False,
61668,False,True,
61669,True,False,
61670,False,True,
61671,False,True,
61672,True,False,
61673,True,False,
61674,True,False,
61675,True,False,
61676,True,False,
61677,True,False,
61678,True,False,
61679,True,False,
61684,False,True,
61685,False,True,
61687,False,True,
61688,True,False,
61689,False,True,
61690,True,False,
61692,False,False,
61693,True,False,
61695,True,False,
61696,False,False,
61697,False,True,
61698,False,True,
61700,True,False,
61701,False,True,
61702,False,True,
61703,False,True,
61704,True,False,
61705,True,False,
61706,True,False,
61707,False,True,
61708,False,True,
61709,False,True,
61710,False,True,
61711,False,True,
61712,True,False,
61713,False,False,
61714,False,True,
61715,True,False,
61716,True,False,
61717,False,True,
61718,False,True,
61719,True,False,
61720,False,True,
61721,False,True,
61722,False,True,
61723,False,True,
61724,True,False,
61725,True,False,
61726,True,False,
61729,True,False,
61730,False,True,
61731,False,True,
61733,False,True,
61734,True,False,
61736,True,False,
61737,True,False,
61738,True,False,
61739,False,True,
61740,True,False,
61741,True,False,
61742,True,False,
61743,True,False,
61744,False,True,
61745,True,False,
61746,False,True,
61747,True,False,
61748,True,False,
61749,True,False,
61750,True,False,
61751,True,False,
61752,True,False,
61754,False,True,
61755,False,True,
61756,False,True,
61757,False,True,
61760,False,True,
61761,False,True,
61762,False,True,
61763,True,False,
61765,True,False,
61766,False,True,
61767,True,False,
61768,False,True,
61769,True,False,
61770,True,False,
61771,False,True,
61772,False,True,
61773,False,False,
61774,True,False,
61775,True,False,
61776,False,True,
61777,True,False,
61780,False,False,
61781,True,False,
61782,True,False,
61783,False,False,
61784,False,True,
61786,True,False,
61787,True,False,
61788,False,True,
61792,False,True,
61793,False,True,
61794,False,True,
61795,False,True,
61796,False,True,
61797,False,True,
61798,False,True,
61799,True,False,
61800,True,False,
61803,True,False,
61806,True,False,
61807,True,False,
61808,True,False,
61810,True,False,
61811,False,True,
61812,True,False,
61813,True,False,
61814,True,False,
61815,False,False,
61816,False,True,
61817,False,True,
61819,True,False,
61820,True,False,
61821,False,True,
61823,True,False,
61824,True,False,
61825,True,False,
61826,True,False,
61828,False,True,
61829,False,True,
61830,True,False,
61832,False,True,
61833,True,False,
61835,True,False,
61836,True,False,
61837,False,False,
61838,False,True,
61839,False,True,
61841,False,True,
61842,False,True,
61844,True,False,
61845,False,True,
61846,False,True,
61847,False,True,
61848,False,True,
61849,False,True,
61850,True,False,
61851,False,True,
61853,False,True,
61855,False,True,
61856,False,True,
61857,True,False,
61859,False,True,
61860,False,True,
61862,False,True,
61863,False,True,
61867,False,True,
61868,False,True,
61869,False,True,
61870,False,True,
61874,False,True,
61875,False,True,
61876,False,True,
61877,False,True,
61878,False,True,
61879,False,True,
61880,False,True,
61881,False,True,
61882,False,True,
61883,False,True,
61884,False,True,
61885,False,True,
61886,False,True,
61887,False,True,
61888,False,True,
61889,False,True,
61890,False,True,
61891,False,True,
61892,False,True,
61893,False,True,
61894,False,False,
61895,False,False,
61896,False,False,
61899,False,True,
61900,False,True,
61901,False,True,
61902,False,True,
61903,False,True,
61904,False,True,
61905,False,True,
61906,False,True,
61907,False,True,
61908,True,False,
61909,True,False,
61910,True,False,
61911,True,False,
61912,False,True,
61914,True,False,
61915,True,False,
61916,False,True,
61917,False,True,
61918,True,False,
61919,False,True,
61920,True,False,
61921,True,False,
61922,False,True,
61923,False,True,
61924,True,False,
61925,False,True,
61926,True,False,
61927,False,True,
61928,True,False,
61929,False,True,
61930,False,True,
61931,False,True,
61932,False,True,
61933,False,True,
61934,False,True,
61935,False,True,
61936,False,True,
61937,False,True,
61938,False,True,
61939,False,True,
61940,False,True,
61941,False,True,
61942,False,True,
61943,False,True,
61944,False,True,
61945,False,True,
61946,True,False,
61947,False,True,
61948,False,True,
61949,False,True,
61950,False,True,
61952,False,True,
61953,False,True,
61954,False,True,
61956,False,True,
61957,False,True,
61958,False,True,
61959,False,True,
61962,False,True,
61964,False,True,
61966,True,False,
61967,True,False,
61968,True,False,
61969,True,False,
61970,True,False,
61971,False,True,
61972,False,True,
61973,False,True,
61974,False,True,
61975,False,True,
61976,False,True,
61980,False,True,
61981,False,False,
61982,False,True,
61985,True,False,
61986,True,False,
61987,False,True,
61988,False,True,
61992,False,False,
61993,True,False,
61994,False,True,
61995,False,True,
61996,True,False,
61997,True,False,
61998,True,False,
61999,False,True,
62000,False,True,
62001,True,False,
62003,False,True,
62004,False,True,
62007,True,False,
62008,True,False,
62009,True,False,
62010,True,False,
62011,True,False,
62012,True,False,
62013,True,False,
62014,True,False,
62015,True,False,
62017,False,True,
62019,False,True,
62020,False,True,
62021,False,False,
62022,False,False,
62023,False,True,
62024,False,False,
62026,False,True,
62028,False,True,
62029,False,False,
62030,False,False,
62032,False,True,
62033,False,True,
62034,False,False,
62035,False,False,
62036,False,True,
62037,False,True,
62038,False,True,
62039,False,True,
62040,False,True,
62041,False,True,
62043,False,True,
62044,False,True,
62045,False,True,
62046,False,True,
62047,False,True,
62049,False,True,
62050,False,True,
62051,False,True,
62052,False,True,
62053,True,False,
62054,True,False,
62055,True,False,
62056,True,False,
62057,True,False,
62058,True,False,
62059,True,False,
62060,False,True,
62061,True,False,
62062,False,True,
62063,False,True,
62065,True,False,
62066,True,False,
62067,True,False,
62068,False,True,
62072,True,False,
62073,True,False,
62074,True,False,
62075,False,True,
62076,False,True,
62077,True,False,
62078,True,False,
62079,True,False,
62080,False,True,
62081,True,False,
62082,False,True,
62083,False,True,
62084,False,True,
62085,False,True,
62086,False,True,
62087,False,True,
62088,False,True,
62089,False,True,
62090,False,True,
62092,False,True,
62094,True,False,
62095,False,True,
62096,True,False,
62097,True,False,
62098,True,False,
62099,False,True,
62100,False,True,
62101,True,False,
62102,False,True,
62103,False,True,
62104,False,True,
62105,True,False,
62106,False,True,
62107,True,False,
62108,False,True,
62109,False,True,
62110,False,True,
62111,False,True,
62112,False,True,
62113,False,True,
62114,False,True,
62115,False,True,
62116,False,True,
62117,False,True,
62118,False,True,
62121,True,False,
62122,False,True,
62123,False,True,
62124,True,False,
62125,False,True,
62126,False,True,
62128,True,False,
62129,False,True,
62130,False,True,
62133,False,True,
62134,False,True,
62136,False,True,
62137,False,True,
62139,False,True,
62140,False,True,
62142,False,True,
62144,False,True,
62145,False,True,
62146,False,True,
62150,False,True,
62152,False,True,
62153,False,True,
62155,False,True,
62157,False,True,
62158,False,True,
62159,False,True,
62160,False,True,
62161,False,True,
62162,False,True,
62163,False,True,
62164,False,True,
62165,False,True,
62166,False,True,
62167,False,True,
62168,False,True,
62169,False,True,
62173,False,True,
62174,True,False,
62177,False,True,
62178,False,True,
62180,False,True,
62181,False,True,
62182,True,False,
62183,True,False,
62184,True,False,
62185,True,False,
62186,True,False,
62187,True,False,
62188,True,False,
62189,True,False,
62190,True,False,
62191,False,True,
62193,False,True,
62194,False,True,
62195,False,True,
62196,False,True,
62197,False,True,
62198,False,True,
62202,False,True,
62203,False,True,
62204,False,True,
62205,True,False,
62206,True,False,
62207,True,False,
62208,True,False,
62210,False,True,
62212,True,False,
62213,True,False,
62214,True,False,
62215,True,False,
62216,True,False,
62217,False,True,
62218,False,True,
62219,True,False,
62220,False,True,
62221,False,True,
62222,False,True,
62224,False,True,
62225,False,True,
62226,False,True,
62227,False,True,
62228,False,True,
62229,True,False,
62230,True,False,
62231,True,False,
62232,True,False,
62233,True,False,
62234,True,False,
62235,True,False,
62236,True,False,
62237,False,True,
62238,False,True,
62239,False,False,
62241,False,False,
62243,True,False,
62244,True,False,
62245,False,True,
62246,False,False,
62249,False,False,
62250,False,False,
62251,False,True,
62252,False,False,
62253,False,True,
62255,False,True,
62257,True,False,
62258,True,False,
62259,False,True,
62260,True,False,
62261,True,False,
62262,False,False,
62263,False,True,
62264,False,False,
62265,False,True,
62269,False,True,
62270,False,True,
62273,False,True,
62277,False,True,
62278,False,True,
62279,False,True,
62280,False,True,
62281,False,True,
62287,False,True,
62288,False,True,
62289,False,True,
62291,False,True,
62292,False,True,
62293,False,True,
62295,False,True,
62296,False,True,
62297,False,True,
62299,False,True,
62300,False,True,
62301,False,True,
62303,False,True,
62305,False,True,
62306,False,True,
62307,False,True,
62308,False,True,
62309,False,True,
62310,True,False,
62311,False,False,
62312,False,False,
62313,False,False,
62314,True,False,
62315,True,False,
62316,True,False,
62317,False,True,
62318,False,True,
62319,False,True,
62320,False,True,
62321,False,False,
62322,False,True,
62324,False,True,
62325,False,True,
62328,False,True,
62329,False,True,
62330,False,True,
62331,False,False,
62332,False,False,
62333,False,False,
62334,False,False,
62336,False,False,
62337,False,False,
62338,False,False,
62339,True,False,
62340,True,False,
62341,True,False,
62343,False,True,
62345,False,False,
62346,False,False,
62347,False,False,
62348,False,True,
62352,False,True,
62353,False,True,
62354,False,True,
62355,False,True,
62356,False,True,
62357,False,True,
62358,False,True,
62359,False,True,
62361,False,True,
62362,False,True,
62363,False,True,
62364,False,True,
62365,False,True,
62366,False,True,
62367,False,True,
62368,False,True,
62369,False,True,
62370,False,True,
62373,True,False,
62375,False,True,
62376,False,True,
62377,False,True,
62379,False,True,
62380,False,True,
62381,False,True,
62383,False,True,
62384,False,True,
62385,False,True,
62386,False,True,
62387,False,True,
62388,False,True,
62390,False,True,
62391,False,True,
62392,False,True,
62393,False,True,
62394,True,False,
62395,True,False,
62396,True,False,
62397,True,False,
62398,True,False,
62399,True,False,
62400,True,False,
62402,False,True,
62405,False,True,
62406,False,True,
62410,True,False,
62417,True,False,
62421,False,True,
62435,False,True,
62436,False,True,
62440,False,True,
62446,False,True,
62447,False,True,
62448,False,True,
62449,False,True,
62451,False,True,
62453,False,True,
62454,False,True,
62457,False,False,
62458,False,True,
62459,False,True,
62460,False,False,
62461,False,False,
62462,False,True,
62463,False,True,
62464,False,True,
62465,False,True,
62466,False,True,
62467,False,False,
62471,False,True,
62472,False,True,
62473,False,True,
62474,True,False,
62476,False,True,
62477,False,True,
62480,False,True,
62481,False,True,
62482,False,True,
62483,False,False,
62484,False,False,
62485,True,False,
62486,True,False,
62487,False,True,
62489,False,True,
62491,False,True,
62492,False,True,
62493,False,True,
62494,False,True,
62496,False,True,
62497,False,True,
62498,False,True,
62499,False,True,
62500,False,True,
62501,False,True,
62502,False,True,
62503,False,True,
62504,False,True,
62505,False,True,
62506,False,True,
62507,False,True,
62508,False,True,
62509,False,True,
62510,False,True,
62511,False,True,
62512,True,False,
62513,False,True,
62514,False,True,
62515,True,False,
62516,True,False,
62517,False,True,
62518,True,False,
62519,True,False,
62520,True,False,
62521,False,True,
62522,False,True,
62523,False,True,
62524,True,False,
62525,False,True,
62526,False,True,
62527,False,True,
62528,True,False,
62529,False,True,
62530,False,True,
62531,True,False,
62532,False,True,
62533,False,True,
62534,True,False,
62535,True,False,
62536,True,False,
62537,True,False,
62538,False,True,
62539,False,True,
62540,False,True,
62541,False,True,
62542,False,True,
62543,False,False,
62544,False,True,
62545,False,True,
62548,False,True,
62549,False,True,
62550,False,True,
62551,True,False,
62552,True,False,
62553,True,False,
62554,True,False,
62556,True,False,
62557,True,False,
62559,False,True,
62560,False,True,
62561,False,True,
62562,False,True,
62563,False,True,
62565,False,True,
62566,False,True,
62567,False,True,
62570,True,False,
62571,True,False,
62572,True,False,
62574,True,False,
62575,True,False,
62576,True,False,
62577,True,False,
62578,False,True,
62579,False,True,
62581,False,True,
62582,False,True,
62583,False,True,
62584,False,False,
62586,False,True,
62587,False,False,
62588,False,True,
62589,True,False,
62590,True,False,
62591,False,True,
62594,True,False,
62595,False,True,
62596,True,False,
62597,True,False,
62598,True,False,
62599,True,False,
62600,True,False,
62601,True,False,
62602,False,False,
62603,False,True,
62604,True,False,
62605,True,False,
62606,True,False,
62607,True,False,
62608,True,False,
62609,False,False,
62610,False,False,
62611,False,False,
62612,False,True,
62613,False,False,
62614,False,False,
62615,False,False,
62618,False,False,
62619,False,False,
62620,False,True,
62621,False,False,
62622,False,True,
62623,False,True,
62624,False,True,
62625,False,False,
62626,False,True,
62627,False,True,
62628,False,True,
62630,False,True,
62631,False,True,
62632,False,True,
62633,False,True,
62634,False,True,
62635,False,False,
62636,False,False,
62637,False,False,
62638,False,True,
62639,False,False,
62640,False,False,
62641,False,True,
62642,False,True,
62643,False,True,
62646,False,True,
62647,False,False,
62648,False,False,
62649,False,False,
62650,False,False,
62651,False,False,
62653,False,True,
62654,False,True,
62656,False,True,
62657,False,True,
62661,False,True,
62662,False,True,
62663,False,True,
62666,False,True,
62667,False,False,
62669,False,False,
62670,False,False,
62671,False,True,
62672,False,True,
62674,False,True,
62675,True,False,
62676,False,True,
62677,False,True,
62678,True,False,
62679,True,False,
62680,True,False,
62682,False,False,
62683,False,False,
62684,False,False,
62685,False,True,
62686,False,False,
62687,False,False,
62689,False,True,
62690,True,False,
62691,True,False,
62694,False,False,
62695,True,False,
62696,True,False,
62697,True,False,
62698,False,True,
62700,True,False,
62702,False,False,
62706,False,True,
62707,True,False,
62708,True,False,
62721,False,True,
62722,False,False,
62724,True,False,
62725,True,False,
62726,True,False,
62727,False,True,
62729,True,False,
62732,True,False,
62733,True,False,
62734,False,True,
62735,False,True,
62736,False,True,
62737,False,False,
62738,True,False,
62739,False,False,
62740,False,False,
62742,False,True,
62743,False,True,
62744,False,False,
62745,True,False,
62746,False,True,
62748,False,False,
62749,False,True,
62750,False,True,
62751,False,False,
62753,False,False,
62754,False,False,
62755,False,True,
62756,True,False,
62757,False,False,
62758,False,True,
62759,True,False,
62760,False,True,
62761,False,True,
62763,False,True,
62767,False,True,
62768,False,False,
62769,False,False,
62771,False,False,
62772,False,False,
62773,False,False,
62776,False,True,
62777,False,False,
62778,True,False,
62779,False,True,
62780,False,True,
62781,True,False,
62782,False,True,
62783,False,True,
62784,False,True,
62786,False,True,
62787,False,True,
62789,False,False,
62794,True,False,
62796,False,False,
62797,False,False,
62799,False,True,
62801,False,False,
62802,False,False,
62803,False,True,
62804,False,True,
62805,False,False,
62806,False,True,
62807,False,False,
62808,False,True,
62809,False,True,
62810,False,True,
62811,False,True,
62813,False,True,
62814,False,True,
62815,False,True,
62816,False,True,
62817,False,True,
62819,False,False,
62824,True,False,
62825,False,True,
62827,False,True,
62828,False,True,
62829,False,True,
62830,False,True,
62831,False,True,
62834,False,True,
62835,True,False,
62838,False,True,
62839,True,False,
62840,False,True,
62841,False,True,
62842,False,True,
62844,False,True,
62845,False,True,
62846,False,True,
62847,False,True,
62848,False,True,
62849,False,True,
62850,False,True,
62851,False,True,
62853,False,True,
62854,False,True,
62855,False,True,
62857,False,True,
62858,False,True,
62859,False,True,
62860,False,True,
62861,False,True,
62862,False,True,
62863,False,True,
62864,False,True,
62865,False,True,
62866,False,True,
62867,False,True,
62868,False,True,
62871,False,False,
62872,False,False,
62873,False,False,
62874,False,False,
62875,False,False,
62876,False,True,
62877,False,False,
62878,False,False,
62879,False,True,
62880,False,False,
62881,False,True,
62882,False,False,
62884,False,False,
62885,False,True,
62886,False,True,
62887,False,False,
62888,False,False,
62889,False,False,
62890,False,False,
62891,False,False,
62892,False,False,
62894,False,True,
62895,False,True,
62899,False,True,
62900,False,True,
62901,True,False,
62903,False,False,
62904,False,True,
62905,False,False,
62906,False,True,
62907,True,False,
62908,False,True,
62909,True,False,
62910,True,False,
62911,True,False,
62912,False,True,
62913,False,True,
62915,False,True,
62917,True,False,
62918,True,False,
62919,False,False,
62920,False,False,
62921,False,False,
62922,False,False,
62923,False,True,
62924,False,False,
62925,False,False,
62926,False,True,
62928,False,True,
62929,False,False,
62930,False,False,
62931,False,True,
62932,False,True,
62934,False,True,
62935,True,False,
62936,False,True,
62937,True,False,
62940,False,False,
62941,False,False,
62942,False,False,
62943,False,True,
62944,False,False,
62946,False,False,
62947,False,False,
62949,False,True,
62950,False,False,
62951,False,False,
62952,False,True,
62953,False,False,
62954,False,False,
62955,False,False,
62956,False,False,
62957,False,False,
62958,False,True,
62959,False,False,
62961,False,False,
62962,False,False,
62963,False,False,
62964,False,False,
62965,False,True,
62966,False,False,
62967,False,True,
62968,False,False,
62970,True,False,
62971,True,False,
62972,True,False,
62973,True,False,
62975,False,True,
62976,False,True,
62977,False,True,
62978,False,True,
62979,False,True,
62981,False,True,
62984,False,False,
62985,False,False,
62986,False,True,
62987,False,False,
62988,False,True,
62989,False,True,
62990,True,False,
62991,True,False,
62992,True,False,
62993,True,False,
62994,True,False,
62995,True,False,
62996,True,False,
62997,True,False,
62998,False,True,
62999,True,False,
63001,True,False,
63002,True,False,
63005,False,True,
63006,False,True,
63007,False,False,
63008,False,True,
63010,False,True,
63011,False,True,
63012,False,True,
63013,False,False,
63015,False,True,
63016,True,False,
63017,True,False,
63018,False,True,
63020,False,True,
63021,False,True,
63022,False,True,
63023,False,True,
63024,False,True,
63025,False,True,
63026,False,True,
63027,False,True,
63033,True,False,
63034,True,False,
63035,False,True,
63036,True,False,
63037,True,False,
63038,True,False,
63039,True,False,
63040,True,False,
63041,True,False,
63042,True,False,
63043,True,False,
63044,False,True,
63045,False,True,
63046,False,True,
63047,False,True,
63048,False,False,
63049,False,False,
63050,False,True,
63052,False,True,
63053,False,True,
63054,False,True,
63055,False,True,
63056,False,True,
63057,False,True,
63062,False,True,
63064,True,False,
63065,True,False,
63067,True,False,
63068,True,False,
63069,True,False,
63070,True,False,
63071,True,False,
63072,True,False,
63073,True,False,
63074,True,False,
63075,True,False,
63076,True,False,
63077,True,False,
63078,True,False,
63079,True,False,
63080,True,False,
63081,True,False,
63082,True,False,
63083,True,False,
63084,True,False,
63085,False,True,
63086,False,True,
63087,False,True,
63088,False,True,
63089,False,True,
63090,False,False,
63091,False,True,
63092,True,False,
63095,False,True,
63096,True,False,
63097,False,False,
63099,True,False,
63100,False,True,
63101,False,False,
63102,False,True,
63104,False,True,
63105,True,False,
63106,False,True,
63107,False,True,
63108,False,True,
63109,False,True,
63110,False,True,
63111,False,True,
63112,True,False,
63115,False,False,
63116,False,True,
63119,False,True,
63120,False,False,
63121,False,False,
63122,False,True,
63123,False,True,
63124,False,False,
63129,False,True,
63131,False,True,
63132,False,False,
63133,False,True,
63135,False,False,
63136,False,False,
63137,False,False,
63139,False,True,
63140,False,True,
63141,False,True,
63142,False,True,
63143,False,True,
63144,False,True,
63145,False,False,
63148,False,True,
63149,False,True,
63150,False,True,
63151,False,True,
63154,True,False,
63155,True,False,
63156,True,False,
63157,True,False,
63158,True,False,
63159,True,False,
63160,True,False,
63161,True,False,
63162,True,False,
63163,True,False,
63166,True,False,
63167,False,True,
63168,False,True,
63170,False,True,
63171,False,True,
63172,False,True,
63173,False,False,
63175,True,False,
63177,True,False,
63178,True,False,
63179,True,False,
63180,False,True,
63181,False,True,
63182,False,True,
63183,True,False,
63184,True,False,
63185,True,False,
63186,False,True,
63188,False,True,
63189,False,True,
63190,False,True,
63191,False,True,
63193,False,True,
63194,True,False,
63195,False,True,
63196,False,True,
63197,True,False,
63198,False,False,
63199,True,False,
63200,False,True,
63202,True,False,
63203,False,False,
63204,False,False,
63205,False,False,
63206,True,False,
63207,False,False,
63208,False,False,
63209,False,False,
63210,False,False,
63211,False,True,
63212,True,False,
63213,True,False,
63214,True,False,
63215,True,False,
63216,False,True,
63217,False,True,
63218,False,True,
63219,False,True,
63220,True,False,
63221,True,False,
63222,True,False,
63223,True,False,
63224,True,False,
63225,False,True,
63226,True,False,
63227,False,True,
63228,True,False,
63229,False,True,
63230,False,False,
63231,False,True,
63232,False,True,
63233,False,True,
63235,False,False,
63236,False,False,
63237,False,False,
63238,False,True,
63239,False,True,
63240,False,False,
63241,False,True,
63243,False,True,
63244,False,True,
63245,True,False,
63247,False,True,
63248,False,True,
63249,True,False,
63251,False,True,
63252,False,True,
63254,False,True,
63259,False,True,
63260,False,True,
63261,False,True,
63262,True,False,
63263,False,True,
63266,True,False,
63269,False,False,
63271,False,False,
63272,False,False,
63274,False,False,
63278,False,False,
63279,False,False,
63280,False,False,
63281,False,True,
63282,False,True,
63284,False,True,
63285,True,False,
63286,True,False,
63287,True,False,
63288,True,False,
63289,False,True,
63291,True,False,
63292,False,True,
63293,False,True,
63294,False,True,
63295,False,True,
63296,False,True,
63297,False,True,
63298,False,True,
63299,False,True,
63300,False,True,
63301,False,True,
63302,False,True,
63303,False,True,
63304,False,True,
63306,False,True,
63307,False,True,
63308,False,True,
63309,False,True,
63310,False,True,
63311,False,True,
63312,False,True,
63313,False,True,
63314,True,False,
63315,False,True,
63316,True,False,
63317,True,False,
63318,True,False,
63319,False,True,
63320,False,False,
63321,True,False,
63322,True,False,
63323,True,False,
63325,True,False,
63327,True,False,
63328,True,False,
63330,True,False,
63331,True,False,
63332,True,False,
63333,False,True,
63334,False,True,
63335,False,True,
63336,False,True,
63339,True,False,
63340,True,False,
63341,False,True,
63342,False,True,
63343,False,True,
63344,False,True,
63345,False,True,
63346,True,False,
63347,False,True,
63348,True,False,
63349,True,False,
63350,False,True,
63351,False,True,
63352,True,False,
63355,False,False,
63356,False,False,
63357,False,False,
63358,False,False,
63360,False,False,
63361,False,True,
63362,False,True,
63363,False,True,
63364,False,True,
63365,False,False,
63366,False,False,
63368,False,True,
63369,False,True,
63370,False,True,
63371,False,True,
63372,False,True,
63373,False,True,
63374,False,True,
63375,False,True,
63377,False,True,
63378,False,True,
63380,False,True,
63381,False,True,
63382,False,True,
63383,True,False,
63384,False,False,
63385,False,True,
63387,False,True,
63388,False,True,
63389,False,True,
63390,False,True,
63391,False,True,
63392,True,False,
63393,False,True,
63394,False,True,
63396,False,True,
63397,False,True,
63398,False,True,
63399,False,True,
63400,False,True,
63401,False,True,
63402,False,True,
63403,False,True,
63404,False,True,
63405,False,True,
63406,False,True,
63407,False,True,
63408,False,True,
63409,False,True,
63410,False,True,
63411,False,True,
63412,False,True,
63413,False,True,
63414,False,True,
63415,False,True,
63416,False,True,
63417,False,True,
63418,False,False,
63421,False,True,
63423,False,True,
63424,False,True,
63425,False,False,
63426,False,False,
63427,False,True,
63428,False,True,
63431,False,False,
63434,True,False,
63435,True,False,
63436,True,False,
63437,True,False,
63438,True,False,
63439,False,True,
63441,False,True,
63442,False,True,
63443,False,True,
63445,False,True,
63446,False,True,
63447,False,True,
63448,False,False,
63449,False,False,
63450,False,False,
63451,False,True,
63453,False,True,
63454,False,True,
63455,False,True,
63456,False,True,
63457,False,True,
63458,False,True,
63459,False,True,
63460,False,True,
63461,False,True,
63462,False,True,
63463,False,True,
63464,False,True,
63465,False,True,
63466,False,True,
63467,False,True,
63468,False,True,
63469,False,True,
63470,False,True,
63471,False,True,
63472,False,True,
63473,False,True,
63474,False,False,
63475,False,False,
63477,False,False,
63478,False,False,
63479,False,True,
63480,False,True,
63481,False,True,
63482,False,True,
63483,False,True,
63484,False,True,
63485,False,True,
63486,False,False,
63487,False,True,
63488,False,True,
63489,False,True,
63490,False,True,
63491,False,True,
63492,False,True,
63493,False,True,
63494,False,True,
63497,False,True,
63498,False,True,
63499,False,True,
63500,False,True,
63501,False,True,
63502,False,True,
63503,False,True,
63504,False,True,
63505,False,True,
63507,False,True,
63508,False,True,
63509,False,True,
63510,False,False,
63511,False,True,
63513,False,True,
63514,False,True,
63515,False,True,
63516,False,True,
63517,False,True,
63518,False,True,
63519,False,True,
63521,False,True,
63522,False,True,
63524,False,True,
63525,False,False,
63526,False,True,
63527,False,False,
63529,False,True,
63530,False,True,
63531,False,True,
63532,False,False,
63533,False,True,
63534,False,False,
63536,False,True,
63537,False,False,
63538,False,True,
63539,False,False,
63540,False,False,
63541,False,False,
63542,False,False,
63543,False,False,
63544,False,False,
63545,False,False,
63547,False,False,
63548,False,False,
63549,False,False,
63550,False,False,
63551,False,False,
63555,False,True,
63556,False,True,
63558,False,True,
63559,False,True,
63560,False,True,
63561,False,True,
63562,False,True,
63563,False,True,
63564,False,False,
63565,False,True,
63566,False,True,
63567,False,True,
63568,False,True,
63570,False,True,
63571,False,True,
63572,False,True,
63573,False,True,
63575,False,True,
63576,False,False,
63577,False,True,
63578,False,True,
63579,True,False,
63580,False,True,
63581,False,True,
63582,False,True,
63583,False,True,
63584,False,True,
63585,False,True,
63608,False,False,
63609,False,False,
63610,False,False,
63612,False,False,
63613,False,False,
63616,False,False,
63617,False,False,
63618,False,False,
63619,False,False,
63620,False,True,
63621,False,False,
63624,False,False,
63628,False,True,
63629,False,True,
63630,False,True,
63631,False,False,
63632,False,False,
63633,False,True,
63635,False,True,
63636,False,False,
63637,False,False,
63638,False,False,
63639,False,True,
63642,False,False,
63643,False,False,
63645,False,True,
63647,False,True,
63648,False,True,
63649,False,True,
63650,False,False,
63651,False,True,
63655,False,False,
63656,False,True,
63658,False,True,
63659,False,True,
63662,False,True,
63663,False,True,
63664,False,True,
63665,False,True,
63666,False,True,
63667,False,True,
63669,False,True,
63670,False,True,
63671,False,True,
63672,False,True,
63673,False,True,
63674,False,True,
63675,False,True,
63676,False,True,
63677,False,True,
63678,False,False,
63679,False,False,
63680,False,True,
63681,False,False,
63683,False,True,
63684,False,True,
63685,False,True,
63686,False,True,
63687,False,True,
63688,False,False,
63689,False,True,
63690,False,True,
63691,False,True,
63692,False,True,
63693,False,True,
63694,False,True,
63695,False,False,
63696,False,False,
63697,False,True,
63698,True,False,
63699,False,False,
63700,True,False,
63701,False,False,
63702,True,False,
63703,False,False,
63704,True,False,
63705,True,False,
63706,True,False,
63707,False,True,
63708,True,False,
63709,True,False,
63710,False,True,
63711,False,True,
63712,True,False,
63713,False,False,
63714,False,False,
63715,False,False,
63717,False,True,
63718,False,False,
63719,False,True,
63720,False,False,
63721,False,True,
63722,False,True,
63723,False,True,
63725,False,True,
63726,False,True,
63728,False,True,
63729,False,True,
63730,False,True,
63731,False,True,
63732,False,True,
63733,False,True,
63734,False,True,
63736,False,True,
63737,False,True,
63738,False,True,
63741,False,True,
63742,False,False,
63744,True,False,
63745,False,True,
63747,False,True,
63748,False,True,
63749,True,False,
63751,False,True,
63752,True,False,
63754,False,False,
63755,False,False,
63756,False,True,
63757,False,False,
63758,False,False,
63759,False,False,
63761,False,False,
63762,False,True,
63764,True,False,
63765,False,True,
63766,True,False,
63767,False,True,
63768,False,True,
63769,True,False,
63770,True,False,
63771,False,True,
63772,True,False,
63773,False,True,
63774,True,False,
63775,False,True,
63776,False,True,
63777,False,True,
63778,False,True,
63779,False,True,
63780,False,True,
63781,False,False,
63782,False,True,
63783,False,True,
63784,False,True,
63785,True,False,
63786,True,False,
63787,True,False,
63788,False,True,
63789,False,True,
63790,False,True,
63791,False,True,
63794,True,False,
63795,True,False,
63796,False,True,
63797,False,True,
63798,False,True,
63799,False,True,
63800,False,True,
63801,False,True,
63802,False,True,
63803,False,True,
63804,False,True,
63805,False,True,
63806,False,True,
63807,False,False,
63808,False,False,
63810,False,False,
63811,False,True,
63812,False,True,
63813,False,True,
63814,False,True,
63816,False,True,
63817,False,True,
63818,False,True,
63820,False,True,
63821,False,False,
63822,False,False,
63823,False,True,
63824,False,True,
63827,False,True,
63828,False,True,
63829,False,True,
63830,False,True,
63831,False,True,
63832,False,True,
63833,False,True,
63834,False,True,
63835,False,True,
63836,False,True,
63837,False,True,
63838,False,True,
63840,False,True,
63841,False,True,
63842,True,False,
63843,False,True,
63844,False,True,
63845,False,True,
63846,False,True,
63847,False,True,
63848,False,True,
63849,False,True,
63850,False,True,
63851,False,True,
63852,False,True,
63853,False,True,
63855,False,False,
63856,False,True,
63857,False,True,
63858,False,True,
63859,False,False,
63860,False,False,
63861,False,False,
63862,False,False,
63863,False,True,
63864,False,False,
63865,False,True,
63866,False,False,
63867,False,False,
63868,False,True,
63869,False,True,
63870,False,True,
63871,False,False,
63872,False,True,
63873,False,True,
63875,False,True,
63877,False,True,
63879,False,True,
63880,False,True,
63881,False,True,
63882,False,True,
63883,False,True,
63884,False,True,
63885,False,True,
63886,False,True,
63887,False,True,
63890,False,False,
63891,False,True,
63892,False,True,
63893,False,False,
63894,False,True,
63895,False,True,
63896,False,True,
63897,True,False,
63898,False,True,
63899,False,True,
63900,False,True,
63902,False,True,
63903,False,True,
63904,False,True,
63905,False,True,
63907,False,True,
63908,False,True,
63909,False,True,
63911,False,True,
63912,False,True,
63913,False,True,
63914,False,True,
63915,False,True,
63916,False,False,
63917,False,True,
63918,False,True,
63919,False,True,
63920,False,True,
63921,False,True,
63922,False,True,
63923,False,True,
63924,False,True,
63925,False,True,
63926,False,True,
63927,False,True,
63928,False,True,
63929,False,True,
63930,False,True,
63931,False,False,
63933,False,True,
63934,False,False,
63937,False,False,
63938,True,False,
63939,False,False,
63941,False,True,
63942,False,False,
63943,False,False,
63944,False,True,
63945,False,True,
63946,False,True,
63947,False,True,
63948,False,True,
63949,False,True,
63950,False,True,
63951,False,True,
63952,True,False,
63953,True,False,
63954,True,False,
63955,True,False,
63956,False,True,
63957,True,False,
63958,True,False,
63959,True,False,
63960,True,False,
63961,True,False,
63963,False,False,
63964,True,False,
63967,False,True,
63968,False,True,
63969,False,True,
63970,False,True,
63971,False,True,
63972,True,False,
63973,True,False,
63974,False,True,
63975,False,True,
63976,False,True,
63977,False,True,
63979,False,True,
63980,False,True,
63982,True,False,
63983,False,True,
63984,True,False,
63985,True,False,
63986,True,False,
63987,True,False,
63989,False,True,
63991,False,True,
63992,False,True,
63993,False,True,
63994,False,True,
63995,True,False,
63996,False,True,
63997,True,False,
63998,True,False,
63999,True,False,
64000,True,False,
64001,False,True,
64002,True,False,
64003,True,False,
64004,False,True,
64005,True,False,
64006,False,False,
64008,False,True,
64009,True,False,
64010,True,False,
64011,False,False,
64013,False,False,
64015,False,True,
64016,True,False,
64017,True,False,
64018,True,False,
64019,True,False,
64020,False,False,
64021,False,False,
64022,False,True,
64023,False,True,
64024,False,True,
64025,False,True,
64026,False,True,
64027,False,False,
64028,False,False,
64032,False,True,
64033,False,True,
64034,False,True,
64037,False,True,
64038,True,False,
64039,False,False,
64040,True,False,
64041,True,False,
64042,True,False,
64043,False,True,
64044,True,False,
64045,False,True,
64046,False,True,
64047,False,True,
64048,False,True,
64049,False,True,
64050,False,True,
64051,False,True,
64052,False,True,
64053,True,False,
64056,False,False,
64057,False,False,
64058,True,False,
64060,False,True,
64061,False,True,
64062,True,False,
64063,True,False,
64064,True,False,
64065,True,False,
64066,True,False,
64067,False,False,
64071,False,True,
64073,False,False,
64074,False,False,
64076,False,True,
64077,False,True,
64078,False,True,
64079,False,True,
64080,False,True,
64081,False,True,
64082,False,True,
64083,False,True,
64085,False,True,
64086,False,True,
64087,False,True,
64088,False,True,
64089,False,True,
64090,False,True,
64091,False,True,
64092,False,True,
64093,False,True,
64094,False,True,
64096,False,True,
64097,False,True,
64099,False,True,
64100,False,True,
64103,False,True,
64104,False,True,
64106,False,True,
64107,False,True,
64108,False,True,
64109,False,True,
64110,False,True,
64111,False,True,
64112,False,True,
64114,False,True,
64115,False,False,
64116,False,True,
64117,False,True,
64118,False,True,
64119,False,True,
64120,False,True,
64121,False,True,
64122,False,True,
64123,False,True,
64124,True,False,
64126,False,True,
64127,False,False,
64128,False,False,
64129,False,False,
64130,False,False,
64131,False,False,
64132,False,False,
64133,False,False,
64135,False,True,
64136,True,False,
64137,True,False,
64138,True,False,
64139,True,False,
64140,True,False,
64141,True,False,
64142,True,False,
64143,False,True,
64147,False,True,
64148,False,True,
64149,False,True,
64150,False,True,
64151,False,False,
64153,False,True,
64155,False,True,
64156,False,True,
64158,True,False,
64159,False,True,
64160,True,False,
64161,True,False,
64163,False,True,
64164,False,True,
64167,True,False,
64169,False,True,
64170,True,False,
64171,False,True,
64172,False,True,
64173,False,True,
64174,False,True,
64175,False,True,
64176,False,True,
64177,False,True,
64178,False,True,
64181,False,True,
64182,False,False,
64183,True,False,
64184,True,False,
64185,False,False,
64187,False,False,
64188,False,False,
64189,False,True,
64190,False,True,
64191,False,True,
64194,False,True,
64195,False,True,
64196,False,True,
64197,False,True,
64198,False,True,
64199,False,True,
64200,False,True,
64201,False,True,
64202,False,True,
64203,False,True,
64204,False,True,
64206,False,True,
64207,False,True,
64210,True,False,
64212,False,True,
64213,False,True,
64214,True,False,
64215,True,False,
64216,True,False,
64217,True,False,
64219,False,False,
64220,True,False,
64222,True,False,
64223,False,False,
64224,True,False,
64225,False,True,
64226,True,False,
64227,True,False,
64228,True,False,
64229,True,False,
64230,True,False,
64232,True,False,
64233,True,False,
64236,True,False,
64237,True,False,
64238,True,False,
64239,True,False,
64240,True,False,
64241,True,False,
64242,True,False,
64243,True,False,
64244,True,False,
64245,True,False,
64246,True,False,
64247,True,False,
64249,True,False,
64250,True,False,
64251,True,False,
64252,True,False,
64253,True,False,
64254,True,False,
64255,True,False,
64256,True,False,
64257,True,False,
64258,True,False,
64259,True,False,
64260,True,False,
64261,True,False,
64262,True,False,
64263,True,False,
64264,True,False,
64265,True,False,
64266,True,False,
64267,False,True,
64268,False,False,
64269,False,False,
64271,False,True,
64272,True,False,
64274,False,True,
64275,False,True,
64276,True,False,
64277,True,False,
64278,True,False,
64279,True,False,
64282,False,False,
64283,True,False,
64284,True,False,
64285,True,False,
64286,True,False,
64287,True,False,
64288,False,True,
64289,False,False,
64290,False,False,
64292,False,True,
64294,True,False,
64295,True,False,
64296,True,False,
64298,False,True,
64299,False,True,
64300,False,True,
64301,False,True,
64302,False,True,
64303,True,False,
64304,True,False,
64307,False,True,
64308,False,True,
64309,False,False,
64310,False,False,
64311,False,False,
64312,False,True,
64314,False,True,
64315,False,True,
64316,False,True,
64317,False,True,
64318,False,True,
64319,False,True,
64320,False,True,
64321,False,True,
64322,False,True,
64323,False,True,
64324,False,True,
64326,False,True,
64328,False,True,
64329,False,False,
64330,False,False,
64331,False,False,
64332,False,True,
64334,False,True,
64335,False,True,
64336,False,True,
64337,False,True,
64338,False,True,
64340,False,True,
64341,False,True,
64342,False,True,
64343,False,True,
64344,False,True,
64345,False,False,
64346,False,True,
64347,False,False,
64348,False,True,
64349,False,True,
64350,False,True,
64351,False,True,
64352,False,True,
64353,False,True,
64354,False,True,
64355,False,False,
64356,False,True,
64359,False,True,
64360,False,False,
64361,False,True,
64363,True,False,
64364,False,True,
64365,True,False,
64366,False,False,
64367,False,True,
64368,True,False,
64369,False,False,
64370,False,False,
64372,False,True,
64373,False,True,
64374,False,True,
64375,False,True,
64376,False,True,
64377,False,False,
64378,False,True,
64379,False,False,
64380,False,False,
64381,False,True,
64383,False,False,
64384,False,True,
64385,False,False,
64386,False,False,
64387,False,False,
64389,False,True,
64390,False,False,
64391,True,False,
64392,False,True,
64393,True,False,
64394,True,False,
64395,True,False,
64396,True,False,
64398,False,True,
64399,False,True,
64401,False,True,
64403,False,True,
64404,False,True,
64405,False,True,
64408,False,True,
64409,False,True,
64410,False,True,
64411,False,True,
64412,False,True,
64413,False,True,
64415,False,True,
64416,False,True,
64417,True,False,
64418,False,True,
64419,True,False,
64420,False,True,
64421,True,False,
64422,False,True,
64423,False,True,
64424,False,True,
64425,True,False,
64426,True,False,
64427,True,False,
64428,False,False,
64430,True,False,
64431,False,False,
64432,False,True,
64433,False,True,
64435,False,True,
64437,False,True,
64438,False,False,
64440,False,False,
64441,False,False,
64443,False,True,
64444,False,True,
64446,False,False,
64448,True,False,
64450,False,True,
64451,False,False,
64452,False,True,
64453,False,True,
64454,False,True,
64455,True,False,
64456,False,True,
64457,False,True,
64458,True,False,
64459,True,False,
64460,True,False,
64461,True,False,
64462,True,False,
64463,True,False,
64464,True,False,
64465,True,False,
64466,True,False,
64467,True,False,
64468,True,False,
64469,True,False,
64470,False,True,
64471,False,True,
64472,False,True,
64473,False,True,
64474,True,False,
64475,True,False,
64476,True,False,
64477,False,True,
64481,False,True,
64482,False,True,
64483,False,True,
64484,False,True,
64485,False,True,
64486,False,True,
64487,True,False,
64488,False,True,
64489,True,False,
64490,True,False,
64491,False,True,
64492,False,True,
64493,False,True,
64494,False,True,
64495,True,False,
64496,True,False,
64498,True,False,
64500,True,False,
64501,False,True,
64502,False,True,
64503,True,False,
64504,True,False,
64505,True,False,
64506,True,False,
64507,True,False,
64510,False,True,
64511,False,True,
64515,False,False,
64516,False,False,
64517,False,False,
64518,False,False,
64519,False,True,
64520,True,False,
64521,False,True,
64522,False,True,
64523,False,True,
64524,False,True,
64525,False,True,
64526,False,True,
64527,False,True,
64528,False,True,
64532,True,False,
64533,False,False,
64534,False,False,
64535,False,False,
64536,False,True,
64537,False,True,
64538,True,False,
64539,True,False,
64540,True,False,
64542,False,True,
64543,True,False,
64544,True,False,
64545,True,False,
64546,True,False,
64547,True,False,
64548,True,False,
64549,False,True,
64551,False,True,
64552,False,False,
64553,False,True,
64557,False,True,
64558,False,True,
64559,False,True,
64560,False,True,
64561,True,False,
64562,True,False,
64563,False,True,
64566,True,False,
64567,True,False,
64568,False,True,
64569,False,True,
64570,False,True,
64571,False,True,
64573,True,False,
64574,False,False,
64575,True,False,
64576,False,False,
64577,False,False,
64578,False,False,
64579,False,False,
64580,False,False,
64581,False,False,
64582,False,False,
64583,False,False,
64584,False,False,
64585,False,True,
64586,True,False,
64589,False,True,
64590,False,True,
64591,False,True,
64592,False,True,
64593,True,False,
64594,True,False,
64596,False,True,
64597,False,True,
64598,False,True,
64599,False,True,
64600,True,False,
64601,True,False,
64602,True,False,
64603,False,True,
64604,False,True,
64606,False,True,
64611,False,True,
64612,True,False,
64613,False,False,
64616,True,False,
64618,True,False,
64619,True,False,
64620,True,False,
64624,False,True,
64625,True,False,
64626,False,True,
64627,True,False,
64628,False,True,
64629,True,False,
64630,True,False,
64631,True,False,
64633,True,False,
64634,True,False,
64635,False,True,
64636,True,False,
64637,True,False,
64638,True,False,
64639,False,True,
64640,True,False,
64641,True,False,
64642,True,False,
64643,False,False,
64650,False,True,
64651,False,True,
64658,False,True,
64661,False,True,
64662,False,True,
64664,False,False,
64665,False,False,
64666,False,False,
64668,False,False,
64669,False,False,
64670,False,False,
64671,False,False,
64672,False,False,
64673,False,True,
64674,False,True,
64675,False,True,
64676,False,True,
64677,False,True,
64678,False,True,
64679,False,True,
64680,False,True,
64681,True,False,
64682,True,False,
64683,True,False,
64684,True,False,
64685,True,False,
64686,True,False,
64687,False,True,
64690,False,True,
64691,False,True,
64692,False,True,
64693,False,True,
64694,False,True,
64695,False,True,
64696,False,True,
64697,False,True,
64698,False,True,
64699,False,True,
64700,False,True,
64701,False,True,
64702,False,True,
64703,False,True,
64704,False,True,
64705,False,True,
64706,False,True,
64707,False,True,
64708,False,True,
64709,False,True,
64710,False,True,
64711,False,True,
64712,False,False,
64714,False,True,
64715,False,False,
64716,False,False,
64719,False,True,
64721,False,True,
64722,False,True,
64724,False,True,
64725,False,True,
64728,False,True,
64729,False,False,
64730,False,False,
64732,False,True,
64733,False,True,
64734,False,True,
64735,False,True,
64748,False,True,
64749,False,False,
64750,False,True,
64751,False,True,
64752,False,True,
64753,False,True,
64754,False,True,
64755,False,True,
64756,False,True,
64757,False,True,
64758,False,True,
64759,False,True,
64760,False,True,
64761,False,True,
64763,False,True,
64764,False,True,
64765,False,True,
64766,False,True,
64767,False,True,
64768,False,True,
64771,False,True,
64772,False,True,
64773,False,True,
64774,False,True,
64775,False,True,
64776,False,True,
64777,False,True,
64778,False,True,
64780,False,False,
64781,False,True,
64782,False,True,
64783,False,True,
64784,False,True,
64785,False,True,
64786,False,True,
64787,False,True,
64788,False,True,
64790,False,True,
64791,False,True,
64792,False,True,
64793,False,True,
64794,False,True,
64795,False,True,
64796,False,True,
64797,False,True,
64798,False,True,
64799,False,False,
64800,False,True,
64801,False,True,
64802,False,True,
64803,False,True,
64804,False,False,
64805,False,False,
64806,False,False,
64807,False,True,
64808,False,True,
64809,False,True,
64810,False,True,
64811,False,True,
64812,False,True,
64813,False,True,
64814,False,True,
64815,False,True,
64816,False,True,
64817,False,True,
64818,False,True,
64819,False,True,
64820,False,True,
64821,False,True,
64822,False,True,
64827,False,True,
64829,False,True,
64841,False,True,
64842,True,False,
64843,False,True,
64844,False,True,
64845,False,False,
64846,False,True,
64847,False,True,
64856,False,True,
64865,False,True,
64866,False,True,
64867,False,True,
64868,False,True,
64872,True,False,
64873,False,True,
64876,False,True,
64878,False,True,
64879,False,True,
64880,False,True,
64883,False,True,
64885,False,True,
64888,False,False,
64889,True,False,
64890,False,True,
64891,True,False,
64892,True,False,
64893,False,True,
64894,True,False,
64895,True,False,
64896,True,False,
64898,True,False,
64900,False,True,
64901,False,True,
64903,False,True,
64904,False,False,
64907,False,True,
64908,False,True,
64909,False,True,
64910,False,True,
64912,False,False,
64914,False,False,
64915,False,True,
64916,False,True,
64918,False,True,
64919,False,True,
64920,False,True,
64921,False,True,
64922,False,True,
64923,False,True,
64924,False,True,
64925,False,True,
64926,False,True,
64928,False,True,
64929,False,True,
64930,False,True,
64931,False,True,
64932,False,True,
64933,False,True,
64934,False,True,
64935,True,False,
64937,False,True,
64938,False,True,
64939,False,True,
64940,False,True,
64941,False,False,
64942,False,True,
64943,False,True,
64946,False,False,
64950,False,True,
64951,False,True,
64952,False,True,
64953,False,True,
64954,False,True,
64955,True,False,
64956,False,True,
64957,False,True,
64958,False,True,
64959,False,True,
64960,False,True,
64961,False,True,
64962,True,False,
64963,True,False,
64964,True,False,
64965,True,False,
64966,True,False,
64967,False,True,
64968,False,True,
64969,True,False,
64971,True,False,
64972,True,False,
64973,True,False,
64974,True,False,
64975,False,True,
64976,False,True,
64977,False,True,
64978,False,True,
64979,False,True,
64980,False,True,
64981,False,True,
64982,False,True,
64983,False,True,
64984,False,True,
64985,True,False,
64986,True,False,
64987,False,True,
64988,True,False,
64989,True,False,
64992,False,True,
64993,False,True,
64994,True,False,
64995,False,True,
64996,False,True,
64997,True,False,
64998,False,True,
64999,False,True,
65000,False,True,
65001,False,True,
65002,True,False,
65003,True,False,
65004,True,False,
65005,True,False,
65006,False,True,
65007,True,False,
65008,False,True,
65009,False,True,
65010,False,True,
65011,False,True,
65012,False,True,
65013,True,False,
65014,False,True,
65015,False,True,
65016,True,False,
65017,False,True,
65018,False,False,
65019,False,False,
65023,True,False,
65024,True,False,
65025,True,False,
65027,False,True,
65028,True,False,
65029,True,False,
65030,True,False,
65031,True,False,
65032,True,False,
65033,True,False,
65034,False,True,
65036,False,True,
65037,True,False,
65038,True,False,
65039,False,True,
65040,True,False,
65041,True,False,
65042,True,False,
65043,True,False,
65044,True,False,
65045,False,True,
65046,True,False,
65047,False,True,
65048,False,False,
65049,True,False,
65050,True,False,
65052,False,True,
65055,False,False,
65056,False,False,
65057,False,False,
65058,False,False,
65060,False,True,
65061,False,True,
65062,False,True,
65063,False,True,
65064,True,False,
65065,False,False,
65066,False,False,
65067,False,False,
65068,True,False,
65070,False,True,
65071,True,False,
65072,False,True,
65074,True,False,
65075,True,False,
65076,False,True,
65080,False,True,
65081,True,False,
65082,True,False,
65083,False,True,
65084,True,False,
65085,False,True,
65086,True,False,
65087,True,False,
65088,False,True,
65090,False,True,
65091,True,False,
65092,True,False,
65093,True,False,
65096,False,True,
65097,False,True,
65100,True,False,
65101,True,False,
65102,True,False,
65103,True,False,
65105,True,False,
65106,False,True,
65108,True,False,
65109,True,False,
65110,False,True,
65111,True,False,
65112,True,False,
65113,False,True,
65114,False,True,
65115,False,True,
65116,False,True,
65117,False,True,
65118,False,True,
65119,False,True,
65122,False,True,
65123,False,True,
65124,False,True,
65125,True,False,
65126,False,True,
65127,False,True,
65128,False,True,
65129,False,True,
65130,False,False,
65131,False,False,
65132,False,True,
65133,False,True,
65134,False,True,
65135,False,True,
65136,False,True,
65137,False,True,
65138,False,False,
65139,False,False,
65142,False,True,
65143,False,True,
65144,False,True,
65145,False,False,
65146,False,True,
65147,False,True,
65148,False,True,
65150,False,True,
65151,False,True,
65152,False,True,
65153,False,True,
65154,False,True,
65156,True,False,
65157,False,True,
65159,True,False,
65160,False,True,
65161,False,True,
65162,False,False,
65163,False,False,
65164,False,False,
65165,False,False,
65167,False,True,
65168,True,False,
65169,True,False,
65170,False,True,
65171,False,True,
65172,False,True,
65173,False,True,
65174,False,True,
65177,False,True,
65178,False,True,
65179,False,True,
65180,False,True,
65182,False,True,
65185,False,True,
65186,False,False,
65187,False,False,
65189,False,False,
65190,False,True,
65191,False,True,
65193,False,True,
65195,False,True,
65196,False,False,
65197,False,True,
65198,False,False,
65199,False,False,
65200,False,False,
65201,False,True,
65202,False,True,
65203,False,True,
65204,False,True,
65207,False,True,
65208,False,True,
65209,True,False,
65210,True,False,
65212,False,True,
65213,False,True,
65214,False,True,
65215,False,True,
65217,False,True,
65218,False,True,
65219,False,True,
65220,False,True,
65224,True,False,
65225,True,False,
65226,False,True,
65227,True,False,
65228,False,True,
65233,False,True,
65236,False,True,
65241,True,False,
65242,True,False,
65243,True,False,
65244,False,True,
65246,False,True,
65247,False,False,
65248,False,True,
65249,False,True,
65250,False,True,
65251,False,True,
65252,False,True,
65253,False,True,
65254,False,True,
65256,False,True,
65258,False,True,
65259,False,True,
65262,False,True,
65263,False,True,
65264,False,False,
65265,False,False,
65266,False,False,
65267,False,True,
65268,False,True,
65269,False,True,
65270,False,True,
65271,False,True,
65272,False,True,
65273,False,True,
65275,False,False,
65278,False,False,
65279,False,True,
65281,False,True,
65283,False,True,
65285,True,False,
65286,True,False,
65287,True,False,
65288,False,True,
65289,True,False,
65290,True,False,
65291,True,False,
65292,False,True,
65293,False,True,
65294,False,True,
65295,False,True,
65296,False,True,
65298,False,True,
65299,False,True,
65300,False,False,
65302,False,False,
65303,True,False,
65308,True,False,
65311,True,False,
65313,False,True,
65317,False,True,
65318,False,True,
65321,False,True,
65322,False,True,
65323,False,True,
65325,False,True,
65326,False,True,
65327,False,True,
65328,False,True,
65329,False,False,
65330,False,True,
65331,False,False,
65332,False,False,
65333,False,True,
65334,False,True,
65336,False,True,
65340,False,True,
65341,False,False,
65342,False,True,
65343,False,True,
65344,False,True,
65345,False,True,
65346,False,True,
65347,False,True,
65348,True,False,
65349,False,False,
65350,False,False,
65351,False,True,
65352,False,True,
65353,False,False,
65354,False,False,
65355,False,False,
65359,False,True,
65365,False,False,
65366,False,True,
65367,False,False,
65370,False,False,
65371,False,False,
65372,False,False,
65374,False,True,
65375,False,True,
65377,False,True,
65378,False,True,
65379,False,True,
65381,False,True,
65385,False,True,
65386,False,True,
65387,False,True,
65389,False,True,
65390,False,True,
65391,False,True,
65392,False,True,
65393,False,True,
65394,False,True,
65395,False,True,
65396,False,True,
65397,False,True,
65398,False,True,
65399,False,False,
65400,False,False,
65401,False,True,
65403,False,True,
65404,False,True,
65405,False,False,
65406,True,False,
65407,False,True,
65409,False,True,
65410,False,True,
65411,False,True,
65412,True,False,
65413,False,True,
65414,True,False,
65415,True,False,
65416,False,True,
65417,False,True,
65418,False,True,
65419,True,False,
65421,True,False,
65422,True,False,
65423,False,True,
65424,False,True,
65425,False,True,
65426,False,True,
65427,True,False,
65428,False,True,
65429,False,True,
65430,False,True,
65431,True,False,
65432,False,True,
65433,True,False,
65434,False,True,
65436,False,True,
65437,True,False,
65438,False,True,
65439,False,False,
65442,False,True,
65443,False,False,
65445,False,True,
65446,True,False,
65447,True,False,
65448,True,False,
65450,True,False,
65451,True,False,
65452,True,False,
65453,True,False,
65454,True,False,
65455,False,True,
65456,False,False,
65457,False,False,
65459,False,True,
65460,False,True,
65461,False,True,
65462,False,True,
65463,False,False,
65464,False,False,
65465,False,True,
65466,False,False,
65467,False,False,
65468,False,False,
65470,False,False,
65472,False,True,
65473,False,True,
65474,False,True,
65475,False,True,
65476,True,False,
65477,False,True,
65478,False,True,
65479,False,True,
65480,False,True,
65481,False,True,
65482,False,True,
65483,False,True,
65484,False,True,
65485,False,True,
65486,False,True,
65487,False,True,
65488,False,True,
65489,False,True,
65493,False,False,
65494,False,False,
65495,False,False,
65496,False,False,
65498,False,False,
65499,False,False,
65504,False,False,
65505,False,False,
65506,False,True,
65507,False,True,
65508,False,True,
65509,False,True,
65510,False,True,
65511,False,True,
65512,False,True,
65513,True,False,
65514,True,False,
65517,False,True,
65519,False,True,
65520,False,False,
65521,False,False,
65522,False,False,
65524,False,True,
65525,True,False,
65528,False,True,
65529,False,True,
65533,False,True,
65536,True,False,
65539,False,True,
65540,True,False,
65541,False,True,
65542,False,True,
65543,True,False,
65544,False,True,
65545,False,True,
65547,False,True,
65549,False,True,
65550,True,False,
65551,True,False,
65552,True,False,
65553,True,False,
65554,True,False,
65555,True,False,
65556,True,False,
65557,True,False,
65558,True,False,
65559,True,False,
65560,True,False,
65561,True,False,
65562,True,False,
65563,False,False,
65566,False,True,
65567,True,False,
65568,True,False,
65569,True,False,
65571,True,False,
65572,True,False,
65573,True,False,
65574,False,True,
65575,True,False,
65576,True,False,
65577,True,False,
65579,True,False,
65580,True,False,
65581,True,False,
65582,True,False,
65583,True,False,
65584,True,False,
65585,True,False,
65586,False,True,
65587,False,True,
65588,True,False,
65589,False,True,
65590,True,False,
65591,False,True,
65592,True,False,
65593,False,True,
65594,False,True,
65595,True,False,
65596,True,False,
65599,False,False,
65600,True,False,
65601,True,False,
65602,True,False,
65604,False,False,
65605,True,False,
65606,True,False,
65607,True,False,
65608,False,False,
65609,False,False,
65610,True,False,
65611,False,False,
65612,False,False,
65613,False,False,
65615,False,False,
65616,False,False,
65617,True,False,
65618,False,False,
65619,False,False,
65620,False,False,
65621,False,False,
65622,False,False,
65623,False,False,
65624,False,False,
65625,False,False,
65626,False,False,
65627,False,False,
65628,False,False,
65629,False,False,
65630,False,False,
65631,True,False,
65632,True,False,
65633,False,True,
65635,True,False,
65636,False,False,
65638,False,True,
65639,False,True,
65640,False,True,
65641,False,True,
65642,False,True,
65643,False,True,
65644,False,True,
65645,False,True,
65646,False,True,
65647,False,True,
65648,False,True,
65649,False,True,
65650,False,True,
65651,False,True,
65653,False,False,
65654,False,True,
65655,False,True,
65656,False,True,
65657,False,True,
65658,False,True,
65659,False,True,
65660,False,False,
65661,False,False,
65662,True,False,
65663,False,False,
65664,False,True,
65665,True,False,
65667,False,True,
65668,False,True,
65669,False,True,
65670,False,True,
65672,False,True,
65673,False,True,
65674,True,False,
65675,True,False,
65676,True,False,
65677,False,True,
65678,False,True,
65679,True,False,
65680,False,True,
65681,True,False,
65682,False,True,
65683,False,True,
65684,False,True,
65685,False,True,
65686,False,True,
65687,False,True,
65688,False,True,
65690,False,True,
65691,False,True,
65692,False,True,
65693,False,True,
65694,False,True,
65695,False,True,
65696,False,True,
65697,True,False,
65699,False,True,
65700,False,True,
65701,False,True,
65702,False,True,
65703,False,True,
65704,True,False,
65705,True,False,
65706,True,False,
65707,True,False,
65708,True,False,
65709,False,True,
65710,False,True,
65711,True,False,
65712,True,False,
65714,False,True,
65715,False,True,
65716,False,True,
65717,False,True,
65718,False,True,
65719,False,True,
65720,False,True,
65721,False,True,
65722,False,True,
65723,False,True,
65724,False,True,
65725,False,True,
65727,False,True,
65728,False,True,
65729,False,True,
65730,False,True,
65731,False,True,
65732,False,True,
65735,False,True,
65737,False,True,
65738,False,True,
65739,False,True,
65741,True,False,
65742,False,True,
65743,True,False,
65744,False,True,
65745,False,True,
65746,False,True,
65747,False,True,
65748,True,False,
65749,True,False,
65750,False,True,
65751,False,True,
65752,True,False,
65753,True,False,
65754,True,False,
65755,True,False,
65756,False,True,
65757,False,True,
65758,False,True,
65759,False,True,
65760,False,True,
65770,False,True,
65771,True,False,
65772,False,True,
65774,False,True,
65775,False,True,
65776,False,True,
65777,True,False,
65778,False,True,
65779,True,False,
65782,False,False,
65783,False,True,
65784,False,False,
65785,False,False,
65787,False,True,
65789,False,True,
65790,False,True,
65791,False,True,
65792,False,True,
65793,False,True,
65794,False,True,
65795,False,True,
65796,False,True,
65797,False,True,
65798,False,True,
65799,False,True,
65800,False,True,
65801,False,True,
65802,False,True,
65803,False,False,
65804,False,False,
65805,False,False,
65806,False,False,
65807,False,True,
65808,False,True,
65809,False,True,
65811,False,True,
65812,False,False,
65813,False,False,
65814,False,False,
65815,False,False,
65816,False,False,
65817,False,False,
65818,False,True,
65820,False,True,
65821,False,True,
65822,False,True,
65823,False,True,
65824,False,True,
65825,False,True,
65826,False,True,
65827,False,True,
65828,False,True,
65829,False,True,
65830,False,True,
65831,False,True,
65833,False,True,
65834,False,True,
65835,False,True,
65836,False,True,
65837,False,True,
65838,False,True,
65839,False,True,
65840,False,True,
65841,False,True,
65842,False,True,
65844,True,False,
65847,False,True,
65848,False,True,
65850,False,True,
65851,False,True,
65853,False,False,
65854,False,False,
65855,False,True,
65857,False,True,
65858,False,True,
65859,False,True,
65860,False,True,
65861,False,True,
65862,False,True,
65864,False,True,
65867,False,True,
65868,False,True,
65869,False,True,
65876,False,False,
65877,False,True,
65879,False,True,
65881,False,True,
65882,False,True,
65883,False,True,
65884,False,True,
65885,False,True,
65886,False,True,
65887,False,True,
65888,False,True,
65889,False,True,
65890,False,True,
65891,False,True,
65893,False,True,
65895,False,True,
65896,False,True,
65897,False,True,
65898,False,True,
65899,False,True,
65901,False,True,
65902,False,True,
65903,False,True,
65904,False,True,
65905,False,True,
65906,False,True,
65907,False,True,
65908,False,True,
65909,False,True,
65910,False,True,
65911,False,True,
65912,False,True,
65913,False,True,
65914,False,True,
65915,False,True,
65917,True,False,
65918,False,True,
65919,True,False,
65920,True,False,
65921,False,True,
65922,False,True,
65923,False,True,
65924,False,True,
65925,False,True,
65926,False,True,
65927,False,True,
65928,False,False,
65929,False,True,
65930,False,True,
65931,False,True,
65932,False,True,
65933,False,True,
65934,True,False,
65935,False,True,
65936,True,False,
65937,True,False,
65938,False,True,
65939,False,True,
65940,True,False,
65941,True,False,
65945,False,True,
65946,False,True,
65947,False,True,
65948,False,False,
65949,False,False,
65950,False,False,
65952,False,True,
65953,False,True,
65954,False,True,
65955,False,True,
65956,True,False,
65957,True,False,
65958,True,False,
65959,True,False,
65960,True,False,
65961,False,True,
65962,True,False,
65963,True,False,
65964,True,False,
65965,True,False,
65966,True,False,
65967,True,False,
65970,False,True,
65971,False,True,
65974,True,False,
65976,True,False,
65977,False,True,
65978,False,True,
65979,False,True,
65980,False,True,
65981,False,True,
65983,False,True,
65984,True,False,
65985,True,False,
65986,True,False,
65987,True,False,
65988,True,False,
65990,True,False,
65991,True,False,
65993,True,False,
65994,False,True,
65995,True,False,
65996,True,False,
65997,True,False,
65999,True,False,
66000,True,False,
66001,True,False,
66002,True,False,
66004,False,True,
66006,False,True,
66007,False,True,
66008,False,True,
66009,False,False,
66010,False,False,
66011,False,False,
66015,False,True,
66017,False,True,
66018,False,True,
66019,False,True,
66021,False,True,
66023,False,True,
66024,False,True,
66025,False,True,
66026,True,False,
66028,True,False,
66029,False,True,
66030,False,False,
66031,False,False,
66032,False,False,
66034,False,False,
66035,False,True,
66036,False,True,
66037,True,False,
66038,True,False,
66039,False,True,
66040,True,False,
66041,True,False,
66042,True,False,
66043,False,True,
66044,False,True,
66045,False,True,
66046,True,False,
66047,False,True,
66048,True,False,
66049,False,True,
66050,False,True,
66051,False,True,
66052,False,True,
66053,False,True,
66054,False,False,
66055,False,True,
66056,False,True,
66057,False,True,
66058,True,False,
66059,True,False,
66060,False,True,
66061,False,True,
66063,False,True,
66064,False,True,
66065,False,True,
66066,False,False,
66067,False,True,
66069,False,True,
66070,False,True,
66072,True,False,
66075,False,True,
66079,False,True,
66080,False,True,
66084,False,True,
66085,False,True,
66086,False,True,
66087,False,True,
66091,False,True,
66093,False,True,
66096,False,True,
66097,False,True,
66098,True,False,
66099,True,False,
66100,False,True,
66101,True,False,
66102,False,True,
66103,True,False,
66104,False,True,
66105,False,True,
66106,False,False,
66107,False,True,
66108,False,True,
66109,True,False,
66110,False,True,
66111,True,False,
66112,True,False,
66113,False,True,
66114,True,False,
66115,False,True,
66116,True,False,
66117,True,False,
66118,True,False,
66120,False,True,
66121,False,False,
66122,False,False,
66123,False,True,
66124,False,True,
66125,False,True,
66126,False,True,
66127,True,False,
66128,False,True,
66129,True,False,
66130,False,True,
66131,False,True,
66132,False,True,
66133,True,False,
66134,False,True,
66135,True,False,
66136,False,False,
66137,False,True,
66139,False,True,
66140,False,True,
66141,True,False,
66142,False,True,
66143,True,False,
66144,True,False,
66145,True,False,
66146,False,True,
66147,False,True,
66148,True,False,
66149,True,False,
66150,True,False,
66151,False,True,
66152,True,False,
66153,True,False,
66154,True,False,
66155,False,True,
66156,False,True,
66157,True,False,
66158,True,False,
66159,False,True,
66160,True,False,
66161,True,False,
66163,True,False,
66164,True,False,
66167,False,True,
66168,False,True,
66169,True,False,
66170,True,False,
66171,True,False,
66172,True,False,
66173,True,False,
66174,True,False,
66175,True,False,
66176,True,False,
66177,True,False,
66178,True,False,
66179,True,False,
66180,True,False,
66182,True,False,
66183,False,True,
66184,False,True,
66185,True,False,
66186,False,True,
66187,False,True,
66188,False,True,
66189,False,True,
66190,True,False,
66191,True,False,
66192,False,False,
66193,False,False,
66194,True,False,
66195,False,True,
66196,True,False,
66197,False,True,
66198,True,False,
66199,True,False,
66200,True,False,
66201,True,False,
66203,False,True,
66204,True,False,
66205,True,False,
66206,True,False,
66207,False,True,
66208,False,True,
66210,False,True,
66211,False,True,
66212,False,True,
66213,False,True,
66214,False,True,
66215,False,True,
66216,False,True,
66217,False,True,
66218,False,False,
66219,False,True,
66220,False,True,
66221,False,False,
66222,False,False,
66223,False,True,
66225,False,True,
66226,False,True,
66227,False,True,
66228,True,False,
66233,False,False,
66234,False,False,
66235,False,False,
66237,False,True,
66239,False,True,
66240,True,False,
66241,False,True,
66242,False,True,
66243,False,True,
66245,False,True,
66246,False,False,
66247,False,False,
66248,False,True,
66250,False,True,
66251,False,True,
66252,False,True,
66254,False,True,
66255,False,False,
66256,False,True,
66257,False,True,
66258,False,True,
66260,False,True,
66261,False,True,
66262,False,True,
66263,False,True,
66264,False,True,
66265,False,True,
66266,False,True,
66267,False,True,
66268,False,True,
66269,False,True,
66270,False,True,
66271,False,False,
66273,False,True,
66274,False,True,
66275,False,False,
66277,False,False,
66278,False,True,
66279,False,True,
66280,False,True,
66281,False,True,
66282,False,True,
66283,False,True,
66284,False,True,
66285,False,True,
66289,False,True,
66292,False,True,
66293,False,True,
66294,False,True,
66295,False,True,
66296,False,True,
66297,False,True,
66298,False,True,
66299,False,True,
66300,False,True,
66301,False,True,
66302,False,False,
66303,False,False,
66306,False,True,
66309,False,True,
66310,False,True,
66311,False,True,
66312,False,True,
66313,False,True,
66314,False,True,
66315,False,True,
66316,False,True,
66317,False,True,
66318,False,True,
66320,False,True,
66321,False,True,
66322,False,True,
66323,False,True,
66324,False,True,
66325,False,True,
66326,False,True,
66327,False,False,
66328,False,True,
66330,False,True,
66331,False,True,
66332,False,True,
66333,False,True,
66334,False,True,
66335,False,True,
66336,False,False,
66337,False,False,
66338,False,False,
66340,False,True,
66341,False,True,
66344,False,True,
66345,False,True,
66346,False,True,
66347,False,True,
66348,False,True,
66349,False,True,
66350,False,True,
66351,False,True,
66353,False,True,
66355,False,True,
66356,False,True,
66357,False,True,
66358,False,True,
66359,False,True,
66360,False,True,
66361,False,False,
66362,False,False,
66363,False,False,
66364,False,True,
66365,False,True,
66366,False,True,
66367,False,True,
66369,False,True,
66370,False,True,
66372,False,True,
66373,False,True,
66374,False,True,
66375,False,True,
66376,False,True,
66378,False,True,
66379,False,True,
66381,False,True,
66384,False,True,
66385,False,True,
66386,False,False,
66387,False,True,
66388,False,True,
66389,False,True,
66390,False,True,
66391,False,True,
66392,False,True,
66393,False,True,
66394,False,True,
66396,False,True,
66397,False,True,
66399,False,True,
66400,True,False,
66401,False,True,
66403,False,True,
66405,False,True,
66407,False,True,
66408,False,True,
66409,False,True,
66410,False,True,
66411,False,True,
66412,False,True,
66413,False,True,
66414,False,True,
66415,False,True,
66416,False,True,
66417,False,True,
66418,False,True,
66419,False,True,
66420,False,True,
66421,False,True,
66422,False,True,
66423,False,True,
66424,False,False,
66425,False,True,
66426,False,True,
66427,False,True,
66428,False,True,
66429,False,True,
66430,False,True,
66431,False,True,
66432,False,True,
66433,False,True,
66434,False,True,
66436,True,False,
66438,False,True,
66439,False,True,
66441,False,True,
66443,False,True,
66444,False,False,
66446,False,True,
66447,False,True,
66448,False,True,
66449,False,False,
66450,False,True,
66451,False,True,
66452,False,True,
66453,False,True,
66454,False,True,
66455,False,True,
66457,False,True,
66459,False,True,
66460,False,False,
66461,False,True,
66462,False,True,
66463,False,True,
66464,False,False,
66465,False,True,
66466,False,True,
66467,False,True,
66468,False,True,
66469,True,False,
66470,False,True,
66472,False,True,
66474,False,True,
66475,False,True,
66476,False,True,
66477,False,True,
66478,False,True,
66479,False,True,
66482,False,True,
66483,False,True,
66484,False,True,
66485,False,True,
66486,False,True,
66487,False,True,
66488,False,True,
66489,False,True,
66490,False,True,
66491,False,True,
66492,False,True,
66493,False,True,
66494,False,True,
66495,False,True,
66496,False,True,
66497,False,True,
66498,False,True,
66499,False,True,
66500,False,False,
66501,False,True,
66502,False,True,
66503,False,True,
66504,False,True,
66505,False,True,
66506,False,True,
66507,True,False,
66508,False,True,
66509,False,True,
66510,False,True,
66511,False,True,
66512,False,True,
66513,False,True,
66514,False,True,
66515,False,True,
66516,False,True,
66517,False,True,
66518,False,True,
66519,False,True,
66520,False,True,
66521,False,True,
66522,False,True,
66523,False,True,
66524,False,True,
66525,False,True,
66526,False,True,
66527,False,True,
66528,False,True,
66529,False,True,
66530,False,True,
66531,False,True,
66532,False,True,
66533,False,True,
66534,False,True,
66535,False,True,
66536,False,True,
66537,False,True,
66538,False,True,
66539,False,True,
66540,False,True,
66541,True,False,
66543,False,True,
66544,False,True,
66545,False,True,
66546,False,True,
66547,True,False,
66548,False,True,
66549,False,True,
66550,False,True,
66552,False,True,
66553,False,True,
66555,False,True,
66556,False,True,
66558,False,True,
66559,False,True,
66560,False,True,
66561,False,True,
66562,False,True,
66563,False,True,
66564,False,True,
66565,False,True,
66566,True,False,
66567,False,True,
66568,True,False,
66569,False,True,
66570,True,False,
66571,False,True,
66572,False,True,
66573,False,True,
66574,False,True,
66575,False,True,
66576,False,True,
66578,True,False,
66579,True,False,
66580,True,False,
66581,True,False,
66582,False,True,
66583,False,True,
66584,True,False,
66585,True,False,
66586,False,True,
66587,True,False,
66588,True,False,
66589,True,False,
66590,True,False,
66594,False,True,
66595,True,False,
66596,False,True,
66597,True,False,
66598,True,False,
66599,True,False,
66600,True,False,
66601,True,False,
66602,True,False,
66603,False,True,
66605,False,False,
66606,False,False,
66607,False,False,
66608,False,False,
66609,False,True,
66610,False,True,
66611,False,True,
66612,False,True,
66613,False,True,
66614,True,False,
66615,True,False,
66616,False,True,
66617,False,True,
66618,False,True,
66619,False,True,
66620,False,True,
66621,False,False,
66623,True,False,
66624,True,False,
66625,True,False,
66626,False,True,
66627,False,True,
66628,False,True,
66630,True,False,
66631,False,True,
66632,False,True,
66633,True,False,
66634,True,False,
66635,False,True,
66636,False,True,
66637,False,True,
66638,False,True,
66639,False,True,
66640,False,True,
66641,False,True,
66642,False,True,
66643,True,False,
66644,True,False,
66645,False,True,
66646,True,False,
66647,False,True,
66649,False,True,
66650,False,True,
66651,False,True,
66652,False,True,
66653,False,True,
66654,False,True,
66655,False,True,
66656,False,True,
66657,False,True,
66658,False,True,
66659,False,True,
66660,False,True,
66661,False,True,
66662,False,True,
66663,False,True,
66664,False,True,
66666,False,True,
66669,False,True,
66670,True,False,
66671,True,False,
66672,False,True,
66673,True,False,
66674,False,True,
66675,False,True,
66676,True,False,
66677,False,True,
66678,True,False,
66680,False,True,
66681,False,True,
66682,True,False,
66683,False,True,
66684,False,True,
66685,True,False,
66686,False,True,
66687,False,True,
66688,True,False,
66689,False,True,
66690,True,False,
66691,False,True,
66692,False,True,
66693,False,True,
66694,False,True,
66695,False,True,
66696,False,True,
66697,True,False,
66698,True,False,
66699,True,False,
66700,True,False,
66701,True,False,
66702,True,False,
66703,False,True,
66704,False,True,
66705,True,False,
66706,False,True,
66707,True,False,
66709,False,True,
66710,True,False,
66711,True,False,
66713,True,False,
66714,True,False,
66715,False,True,
66716,False,True,
66717,True,False,
66718,True,False,
66719,True,False,
66720,True,False,
66721,True,False,
66724,False,True,
66725,False,True,
66726,False,True,
66727,False,True,
66728,False,False,
66729,False,True,
66730,False,False,
66731,False,True,
66732,True,False,
66733,True,False,
66734,True,False,
66736,False,True,
66737,False,True,
66738,False,True,
66739,False,True,
66740,False,True,
66741,False,True,
66742,False,True,
66743,False,True,
66744,False,True,
66745,False,True,
66747,False,False,
66749,False,False,
66750,False,True,
66751,False,True,
66752,False,True,
66754,False,True,
66755,False,True,
66756,False,True,
66757,False,True,
66758,False,False,
66759,False,False,
66761,False,True,
66762,True,False,
66763,False,True,
66765,False,True,
66769,False,True,
66770,False,True,
66771,False,True,
66772,False,True,
66773,False,True,
66774,False,True,
66775,True,False,
66776,False,True,
66777,False,True,
66778,False,True,
66779,False,True,
66780,False,True,
66781,False,True,
66782,False,True,
66783,False,True,
66784,False,True,
66785,False,True,
66786,False,True,
66787,False,True,
66788,False,True,
66789,False,True,
66790,False,True,
66791,False,True,
66792,False,True,
66793,False,True,
66795,False,True,
66796,False,True,
66797,False,True,
66798,False,True,
66799,False,True,
66800,False,True,
66802,False,True,
66803,False,True,
66807,False,True,
66808,False,True,
66809,False,True,
66810,False,False,
66811,False,True,
66812,False,False,
66813,False,False,
66815,False,False,
66817,False,True,
66818,False,True,
66819,False,True,
66821,False,True,
66822,False,True,
66823,False,True,
66824,False,True,
66826,False,True,
66827,False,True,
66828,False,True,
66829,False,True,
66830,False,True,
66831,False,True,
66833,False,True,
66834,False,True,
66835,False,True,
66836,False,True,
66837,False,True,
66838,False,True,
66840,False,True,
66841,False,True,
66842,False,True,
66843,False,True,
66844,False,True,
66845,False,False,
66846,False,False,
66847,True,False,
66848,False,True,
66849,False,True,
66851,False,True,
66852,False,True,
66854,False,True,
66855,False,True,
66856,False,True,
66857,False,True,
66858,False,True,
66859,False,True,
66860,False,True,
66861,True,False,
66862,False,True,
66863,True,False,
66864,True,False,
66866,False,True,
66867,False,True,
66868,False,True,
66870,False,True,
66882,False,False,
66887,False,False,
66888,False,True,
66891,False,True,
66892,True,False,
66893,False,True,
66894,True,False,
66895,True,False,
66896,True,False,
66897,True,False,
66898,True,False,
66899,True,False,
66900,True,False,
66901,True,False,
66902,True,False,
66903,False,True,
66904,False,False,
66905,False,False,
66907,True,False,
66908,False,True,
66909,True,False,
66910,False,True,
66911,False,True,
66912,False,True,
66913,False,True,
66914,False,True,
66915,False,True,
66916,False,True,
66917,False,True,
66919,False,True,
66921,False,True,
66922,False,True,
66923,False,True,
66924,False,True,
66925,False,True,
66926,False,True,
66927,False,True,
66928,False,True,
66929,False,True,
66930,False,True,
66932,False,True,
66933,False,True,
66934,False,True,
66935,False,True,
66936,False,True,
66937,False,True,
66938,False,False,
66940,False,True,
66941,False,True,
66942,False,True,
66943,False,True,
66945,False,True,
66946,False,True,
66947,False,True,
66948,False,True,
66949,False,True,
66950,False,True,
66951,False,True,
66952,False,True,
66953,False,True,
66954,False,True,
66955,False,True,
66956,False,True,
66957,False,True,
66958,True,False,
66960,False,True,
66961,False,True,
66962,True,False,
66963,True,False,
66964,True,False,
66965,False,True,
66966,False,True,
66967,False,True,
66968,False,True,
66969,False,True,
66970,False,True,
66971,False,True,
66972,False,True,
66973,False,True,
66974,False,True,
66975,False,True,
66976,False,True,
66977,False,True,
66978,False,True,
66979,False,True,
66980,False,True,
66981,False,True,
66982,False,True,
66983,False,True,
66984,False,True,
66985,False,True,
66986,False,True,
66987,False,True,
66988,False,True,
66989,False,True,
66990,False,False,
66992,False,True,
66993,False,False,
66994,False,False,
66995,False,True,
66996,False,True,
66997,True,False,
66998,True,False,
66999,True,False,
67000,False,True,
67001,True,False,
67002,False,True,
67003,False,True,
67004,False,True,
67006,False,True,
67007,False,True,
67008,True,False,
67009,False,True,
67010,False,True,
67011,False,True,
67012,False,True,
67013,False,True,
67016,False,True,
67017,False,True,
67019,False,True,
67020,False,True,
67021,False,True,
67022,False,True,
67024,False,True,
67025,False,True,
67026,False,True,
67027,False,True,
67028,False,True,
67030,False,True,
67031,False,True,
67032,False,True,
67033,False,True,
67034,False,True,
67036,False,False,
67037,False,False,
67038,False,True,
67039,True,False,
67041,True,False,
67042,False,True,
67043,False,True,
67044,False,True,
67045,False,True,
67046,False,True,
67047,True,False,
67049,False,True,
67050,True,False,
67051,True,False,
67052,False,True,
67053,False,True,
67054,False,True,
67055,False,False,
67056,False,True,
67057,False,False,
67058,False,False,
67059,True,False,
67063,False,False,
67064,False,False,
67065,False,True,
67066,False,True,
67067,False,True,
67068,False,True,
67072,False,True,
67073,False,True,
67074,False,True,
67075,False,False,
67079,False,True,
67083,False,True,
67084,False,True,
67085,True,False,
67086,False,True,
67087,False,True,
67088,False,True,
67089,False,True,
67090,False,False,
67091,False,True,
67092,False,True,
67093,False,True,
67094,False,True,
67095,False,True,
67096,True,False,
67097,False,True,
67098,False,True,
67099,True,False,
67100,True,False,
67101,False,True,
67102,False,True,
67103,False,True,
67104,False,True,
67105,True,False,
67107,True,False,
67108,False,True,
67109,True,False,
67110,True,False,
67111,False,True,
67112,False,True,
67113,False,True,
67114,False,True,
67115,False,True,
67116,False,True,
67117,False,True,
67118,False,True,
67119,False,True,
67121,False,True,
67122,False,True,
67124,False,True,
67125,False,True,
67127,False,True,
67128,False,True,
67129,False,True,
67130,False,True,
67131,False,True,
67132,False,True,
67133,False,True,
67134,False,True,
67135,False,True,
67136,True,False,
67140,False,True,
67142,False,True,
67143,True,False,
67144,False,True,
67145,False,True,
67146,False,True,
67147,False,True,
67148,False,True,
67149,False,True,
67150,False,True,
67151,False,True,
67152,False,True,
67153,False,False,
67154,False,False,
67155,False,True,
67156,True,False,
67158,False,True,
67159,True,False,
67160,False,True,
67162,False,True,
67163,False,True,
67166,False,True,
67168,False,True,
67169,False,True,
67170,False,True,
67171,False,False,
67173,False,True,
67174,False,True,
67175,False,True,
67176,False,True,
67177,False,True,
67178,False,True,
67179,False,True,
67180,False,True,
67181,False,True,
67182,False,True,
67184,False,True,
67186,True,False,
67187,False,True,
67188,False,True,
67189,True,False,
67191,True,False,
67192,False,True,
67193,False,False,
67195,True,False,
67196,True,False,
67197,False,True,
67198,True,False,
67199,True,False,
67202,False,True,
67203,False,True,
67204,False,True,
67205,False,True,
67206,False,True,
67207,False,True,
67210,False,True,
67216,False,True,
67218,True,False,
67220,False,True,
67221,False,True,
67222,False,True,
67223,False,True,
67224,False,True,
67225,False,True,
67226,False,True,
67227,False,True,
67228,False,True,
67230,True,False,
67231,True,False,
67232,True,False,
67233,True,False,
67235,False,True,
67236,False,False,
67237,False,False,
67238,False,True,
67241,False,True,
67243,False,True,
67244,False,True,
67245,True,False,
67246,False,True,
67247,False,True,
67248,True,False,
67249,True,False,
67250,True,False,
67251,False,True,
67253,False,True,
67255,False,True,
67256,False,True,
67257,True,False,
67258,True,False,
67259,False,True,
67260,False,True,
67261,True,False,
67263,False,True,
67264,False,True,
67265,False,True,
67268,True,False,
67269,False,True,
67270,False,True,
67271,False,True,
67272,False,True,
67274,False,True,
67276,False,True,
67278,False,True,
67279,False,True,
67280,False,True,
67281,False,True,
67282,False,True,
67284,False,True,
67287,False,True,
67289,False,True,
67290,False,True,
67292,False,True,
67293,False,True,
67295,False,True,
67296,False,True,
67299,False,True,
67300,False,True,
67301,False,True,
67302,True,False,
67306,False,True,
67307,False,True,
67308,False,True,
67309,False,False,
67310,False,True,
67311,False,True,
67312,False,True,
67313,False,True,
67314,False,True,
67315,False,True,
67316,False,True,
67317,False,True,
67318,False,True,
67319,False,True,
67321,False,True,
67322,False,True,
67323,False,True,
67324,False,True,
67325,False,True,
67326,False,True,
67327,False,True,
67328,False,True,
67329,False,True,
67330,False,True,
67331,False,True,
67332,True,False,
67333,False,True,
67334,False,True,
67335,False,True,
67336,False,True,
67337,False,True,
67338,False,True,
67339,False,True,
67340,False,False,
67343,False,True,
67344,False,True,
67345,False,True,
67346,False,True,
67347,False,True,
67349,False,True,
67350,False,True,
67351,False,True,
67353,False,True,
67354,False,True,
67355,False,True,
67356,False,True,
67357,False,True,
67359,True,False,
67360,True,False,
67361,True,False,
67362,True,False,
67363,False,True,
67365,False,True,
67366,False,True,
67367,True,False,
67372,False,True,
67373,False,True,
67374,True,False,
67375,True,False,
67376,True,False,
67377,True,False,
67378,True,False,
67379,True,False,
67380,False,False,
67381,False,False,
67383,False,True,
67384,False,True,
67385,True,False,
67386,True,False,
67387,False,True,
67388,False,True,
67389,False,True,
67390,True,False,
67391,True,False,
67392,True,False,
67393,True,False,
67395,True,False,
67396,False,True,
67398,False,True,
67399,False,True,
67400,False,True,
67401,False,True,
67402,False,True,
67403,False,True,
67404,True,False,
67405,True,False,
67406,True,False,
67407,True,False,
67408,True,False,
67409,True,False,
67410,True,False,
67411,False,True,
67412,False,True,
67416,False,True,
67422,False,True,
67423,True,False,
67424,True,False,
67425,False,True,
67426,False,True,
67427,False,True,
67428,False,True,
67429,False,True,
67430,False,True,
67432,False,True,
67433,False,True,
67434,False,True,
67435,False,True,
67436,False,True,
67437,False,True,
67438,False,True,
67439,False,True,
67440,False,True,
67441,False,True,
67442,False,False,
67443,False,True,
67444,False,True,
67445,False,True,
67446,False,True,
67447,False,True,
67448,False,True,
67449,False,True,
67450,False,True,
67451,False,True,
67452,False,True,
67453,False,True,
67454,False,True,
67455,False,True,
67456,False,True,
67457,True,False,
67458,True,False,
67459,True,False,
67460,False,True,
67461,False,True,
67462,False,True,
67464,False,True,
67465,False,True,
67467,False,False,
67468,False,True,
67469,False,True,
67471,False,True,
67472,False,True,
67474,False,True,
67475,False,True,
67476,True,False,
67477,False,True,
67478,False,True,
67479,False,True,
67480,False,True,
67481,False,True,
67482,False,True,
67483,False,True,
67484,False,True,
67485,False,True,
67486,True,False,
67487,True,False,
67488,True,False,
67489,True,False,
67490,False,True,
67491,False,True,
67492,True,False,
67493,False,True,
67495,False,True,
67496,False,True,
67497,False,True,
67498,False,True,
67499,False,True,
67500,False,True,
67501,False,True,
67502,False,True,
67503,False,True,
67505,False,True,
67506,False,True,
67507,False,False,
67508,False,True,
67509,False,True,
67510,False,True,
67511,False,True,
67513,False,True,
67514,False,True,
67515,False,True,
67516,False,True,
67518,False,True,
67519,False,False,
67520,False,True,
67521,False,True,
67522,False,True,
67523,False,True,
67524,False,True,
67525,False,True,
67526,False,True,
67527,False,True,
67528,False,True,
67529,False,False,
67530,False,True,
67532,False,True,
67533,False,True,
67534,False,True,
67535,False,True,
67536,False,True,
67537,False,True,
67538,False,True,
67539,False,True,
67540,False,True,
67541,False,True,
67542,False,True,
67543,False,True,
67544,False,True,
67545,False,True,
67547,False,True,
67548,False,True,
67549,False,True,
67550,False,True,
67551,False,True,
67553,False,True,
67554,False,True,
67556,False,True,
67558,False,True,
67559,False,True,
67560,True,False,
67561,True,False,
67562,True,False,
67563,False,True,
67564,False,True,
67566,False,True,
67567,False,True,
67568,False,True,
67573,True,False,
67574,True,False,
67575,False,True,
67576,True,False,
67577,False,False,
67578,True,False,
67579,True,False,
67580,True,False,
67581,False,True,
67586,False,True,
67587,True,False,
67588,True,False,
67589,True,False,
67592,False,True,
67594,False,True,
67595,False,True,
67596,False,True,
67598,False,True,
67599,False,True,
67600,False,True,
67601,False,True,
67603,False,True,
67604,False,True,
67605,False,True,
67606,False,True,
67607,False,True,
67608,False,True,
67609,False,True,
67610,False,True,
67611,False,False,
67612,False,True,
67613,False,True,
67614,True,False,
67615,True,False,
67616,False,True,
67617,True,False,
67618,True,False,
67621,True,False,
67622,True,False,
67623,True,False,
67624,True,False,
67625,True,False,
67627,True,False,
67628,True,False,
67629,True,False,
67630,True,False,
67631,True,False,
67632,True,False,
67633,True,False,
67634,True,False,
67635,False,True,
67636,False,True,
67637,True,False,
67638,True,False,
67639,True,False,
67640,True,False,
67641,True,False,
67642,True,False,
67643,False,False,
67644,False,False,
67645,False,False,
67646,False,True,
67647,True,False,
67648,True,False,
67649,False,True,
67650,False,True,
67651,False,True,
67652,False,True,
67653,False,False,
67654,False,False,
67655,False,False,
67656,False,False,
67657,False,True,
67658,False,False,
67659,False,True,
67660,False,False,
67663,False,True,
67664,False,False,
67665,False,True,
67666,False,True,
67668,False,True,
67669,False,True,
67671,True,False,
67672,True,False,
67673,True,False,
67674,True,False,
67675,True,False,
67676,True,False,
67677,True,False,
67678,True,False,
67679,True,False,
67680,True,False,
67681,True,False,
67682,True,False,
67683,True,False,
67684,True,False,
67685,True,False,
67686,True,False,
67687,False,True,
67688,True,False,
67689,False,True,
67690,True,False,
67691,False,True,
67692,False,True,
67693,False,True,
67694,False,True,
67696,False,True,
67697,False,True,
67699,False,True,
67701,False,True,
67702,False,True,
67703,False,True,
67704,False,True,
67705,False,True,
67706,False,True,
67707,False,True,
67709,False,True,
67711,False,True,
67712,False,True,
67716,True,False,
67717,False,True,
67719,False,True,
67720,False,True,
67721,True,False,
67722,False,False,
67723,False,False,
67724,False,False,
67726,False,True,
67727,False,True,
67728,False,True,
67729,False,True,
67730,False,True,
67731,False,True,
67732,False,True,
67733,False,True,
67734,False,True,
67735,False,True,
67736,False,True,
67737,False,True,
67738,False,True,
67739,False,True,
67740,False,True,
67742,False,False,
67743,True,False,
67744,False,True,
67745,False,True,
67747,False,True,
67748,True,False,
67749,False,True,
67750,False,True,
67751,False,True,
67752,True,False,
67753,True,False,
67754,False,True,
67755,True,False,
67756,False,True,
67757,True,False,
67759,False,True,
67760,False,True,
67761,False,True,
67763,True,False,
67764,False,True,
67765,False,True,
67766,True,False,
67767,False,False,
67768,False,False,
67769,True,False,
67770,False,True,
67771,True,False,
67774,True,False,
67775,True,False,
67777,False,True,
67780,False,True,
67790,False,True,
67791,False,True,
67792,True,False,
67793,True,False,
67794,False,True,
67795,False,True,
67796,True,False,
67797,True,False,
67799,True,False,
67800,False,True,
67801,False,True,
67802,False,True,
67803,False,True,
67805,False,True,
67806,True,False,
67807,False,True,
67808,True,False,
67809,True,False,
67810,True,False,
67811,True,False,
67812,False,True,
67813,False,True,
67814,False,True,
67815,False,True,
67816,False,True,
67817,False,True,
67818,True,False,
67819,False,True,
67820,False,True,
67821,False,True,
67822,False,True,
67823,False,True,
67824,False,True,
67826,False,True,
67827,True,False,
67828,True,False,
67829,False,True,
67830,False,True,
67831,False,False,
67832,False,False,
67833,False,False,
67834,False,False,
67836,False,True,
67837,False,False,
67838,True,False,
67839,True,False,
67840,False,True,
67842,False,False,
67843,False,True,
67844,True,False,
67845,False,True,
67846,True,False,
67847,True,False,
67848,False,True,
67849,False,True,
67850,False,True,
67851,False,True,
67852,False,True,
67853,False,True,
67854,False,True,
67855,False,True,
67856,False,True,
67857,False,True,
67859,False,True,
67862,False,True,
67863,False,True,
67865,False,True,
67866,False,True,
67867,False,True,
67868,False,True,
67870,False,True,
67871,False,True,
67872,False,True,
67873,False,True,
67874,False,False,
67875,False,True,
67876,False,True,
67877,False,True,
67878,False,True,
67879,False,True,
67880,False,True,
67881,False,True,
67882,False,True,
67883,False,True,
67884,False,True,
67885,False,True,
67886,False,True,
67887,False,True,
67888,False,True,
67889,False,True,
67890,False,True,
67891,False,True,
67892,False,True,
67893,False,True,
67894,False,True,
67895,False,True,
67896,False,True,
67897,False,True,
67898,False,True,
67899,False,True,
67900,False,True,
67901,False,True,
67902,False,True,
67903,False,True,
67904,False,True,
67905,False,True,
67906,False,True,
67907,True,False,
67908,False,True,
67910,True,False,
67913,False,True,
67914,True,False,
67915,True,False,
67916,False,True,
67917,False,True,
67919,False,True,
67920,False,True,
67921,False,True,
67922,False,True,
67923,False,True,
67924,False,True,
67925,False,True,
67926,False,True,
67927,False,True,
67928,False,True,
67929,False,True,
67930,False,True,
67935,True,False,
67936,False,True,
67937,False,True,
67938,False,True,
67939,False,True,
67940,False,True,
67941,False,True,
67943,False,True,
67946,True,False,
67947,False,True,
67948,False,True,
67949,False,True,
67950,True,False,
67951,False,True,
67952,False,True,
67953,False,True,
67954,True,False,
67955,True,False,
67956,True,False,
67957,True,False,
67958,True,False,
67959,True,False,
67960,False,True,
67961,False,True,
67962,True,False,
67963,True,False,
67964,True,False,
67965,True,False,
67966,True,False,
67967,True,False,
67968,True,False,
67969,False,True,
67970,False,False,
67971,False,False,
67972,False,False,
67973,False,True,
67974,False,True,
67977,False,True,
67978,False,True,
67980,False,True,
67982,False,True,
67983,False,True,
67984,False,True,
67985,False,True,
67986,False,True,
67987,False,True,
67988,False,False,
67989,False,True,
67990,False,True,
67991,False,True,
67992,False,True,
67993,False,True,
67994,False,True,
67995,False,True,
67996,False,True,
67997,False,True,
67998,False,True,
67999,False,True,
68001,False,True,
68002,True,False,
68003,True,False,
68004,True,False,
68005,True,False,
68006,True,False,
68007,True,False,
68008,True,False,
68009,False,True,
68011,False,True,
68013,False,True,
68014,True,False,
68015,True,False,
68016,True,False,
68017,True,False,
68018,False,True,
68019,True,False,
68020,True,False,
68021,True,False,
68022,False,True,
68023,False,True,
68024,True,False,
68025,False,True,
68026,True,False,
68027,False,True,
68029,True,False,
68030,True,False,
68031,True,False,
68032,True,False,
68033,False,True,
68035,False,True,
68036,False,False,
68038,False,True,
68039,False,True,
68040,False,True,
68041,True,False,
68042,False,True,
68043,True,False,
68044,True,False,
68045,False,True,
68046,False,True,
68047,False,True,
68048,False,True,
68050,False,True,
68051,False,True,
68052,False,True,
68053,True,False,
68066,False,True,
68067,False,True,
68068,True,False,
68069,True,False,
68070,True,False,
68071,False,True,
68076,False,True,
68077,False,True,
68078,False,True,
68079,False,True,
68080,False,True,
68081,False,True,
68082,False,True,
68084,False,True,
68085,False,True,
68088,False,True,
68089,False,True,
68090,False,True,
68091,False,True,
68092,False,True,
68093,False,True,
68094,False,True,
68095,False,True,
68096,False,True,
68097,False,True,
68100,True,False,
68101,True,False,
68102,True,False,
68103,True,False,
68104,False,True,
68105,False,True,
68106,False,True,
68107,False,True,
68108,False,True,
68110,False,True,
68112,False,False,
68113,False,True,
68114,False,True,
68117,False,True,
68120,False,True,
68121,False,True,
68122,False,True,
68123,False,True,
68124,False,True,
68125,False,True,
68126,False,True,
68127,False,True,
68129,False,True,
68130,False,True,
68131,False,True,
68132,False,True,
68133,False,True,
68134,False,True,
68135,False,True,
68136,False,True,
68137,False,True,
68138,False,True,
68139,False,True,
68140,False,True,
68141,False,True,
68142,False,True,
68143,False,True,
68144,False,True,
68145,False,True,
68146,False,True,
68147,False,True,
68148,False,True,
68149,False,True,
68150,False,True,
68151,False,True,
68152,False,True,
68153,False,True,
68154,False,True,
68155,False,True,
68156,False,True,
68159,False,True,
68160,False,True,
68161,False,True,
68163,False,True,
68164,False,True,
68165,False,True,
68166,False,True,
68167,False,True,
68169,False,True,
68170,False,True,
68171,False,True,
68172,False,True,
68173,False,True,
68174,False,True,
68175,False,True,
68177,False,True,
68179,False,True,
68180,False,True,
68181,False,True,
68182,False,True,
68183,False,True,
68184,False,True,
68185,False,True,
68186,False,True,
68188,False,True,
68189,False,True,
68190,False,True,
68191,False,True,
68192,False,True,
68193,False,True,
68194,False,True,
68195,False,True,
68196,False,True,
68197,False,True,
68198,False,True,
68199,False,True,
68200,False,True,
68201,False,False,
68202,False,True,
68203,False,True,
68205,False,True,
68206,False,True,
68207,False,True,
68208,False,True,
68209,False,True,
68210,False,True,
68211,False,True,
68212,False,True,
68213,False,True,
68214,False,True,
68216,False,True,
68217,False,True,
68218,False,True,
68219,False,True,
68220,False,True,
68222,False,True,
68223,False,True,
68224,False,True,
68225,False,True,
68226,False,True,
68227,False,True,
68230,False,True,
68231,False,True,
68233,False,True,
68234,False,True,
68235,False,True,
68236,False,True,
68237,False,True,
68238,False,True,
68241,False,True,
68245,False,True,
68247,False,True,
68250,False,True,
68251,False,True,
68252,False,True,
68253,False,True,
68256,False,True,
68258,False,True,
68259,False,True,
68260,False,True,
68261,False,True,
68263,False,True,
68265,False,True,
68266,False,True,
68267,False,True,
68268,False,True,
68269,False,True,
68270,False,True,
68271,False,True,
68273,False,True,
68274,False,True,
68275,False,True,
68280,False,True,
68281,True,False,
68282,False,True,
68283,False,True,
68285,False,True,
68286,False,True,
68287,False,True,
68288,True,False,
68289,False,True,
68290,False,True,
68292,False,True,
68294,False,True,
68295,False,True,
68296,False,True,
68300,False,True,
68305,False,True,
68306,False,True,
68307,False,True,
68311,False,True,
68314,False,True,
68315,False,True,
68317,False,True,
68318,False,True,
68319,False,True,
68323,False,True,
68327,False,True,
68329,False,True,
68330,True,False,
68331,True,False,
68332,True,False,
68333,True,False,
68335,False,True,
68337,True,False,
68338,True,False,
68339,True,False,
68340,False,True,
68341,False,True,
68342,False,True,
68343,False,True,
68344,False,True,
68345,False,True,
68346,False,True,
68347,False,True,
68348,False,True,
68349,False,True,
68350,False,True,
68351,False,True,
68352,False,True,
68353,False,True,
68354,False,True,
68357,True,False,
68358,False,True,
68359,False,True,
68362,False,True,
68374,False,True,
68375,False,True,
68376,False,True,
68377,False,True,
68379,False,True,
68381,False,True,
68383,False,True,
68385,False,True,
68386,False,True,
68387,False,True,
68388,False,True,
68389,False,True,
68391,False,True,
68392,False,True,
68393,False,True,
68394,False,True,
68395,False,True,
68396,False,True,
68397,False,True,
68398,False,True,
68400,False,True,
68402,False,True,
68404,False,True,
68405,False,True,
68406,False,True,
68407,False,True,
68408,False,True,
68409,False,True,
68410,False,True,
68411,False,True,
68415,False,True,
68416,False,True,
68417,False,True,
68418,False,True,
68420,False,True,
68421,False,True,
68422,False,True,
68423,False,True,
68424,False,True,
68426,False,True,
68427,False,True,
68428,False,True,
68429,False,True,
68430,False,True,
68431,False,True,
68432,False,True,
68433,False,True,
68434,False,True,
68435,False,True,
68436,False,True,
68439,True,False,
68440,False,True,
68441,False,True,
68442,False,True,
68443,False,True,
68444,False,True,
68445,False,True,
68446,False,True,
68447,False,True,
68448,False,True,
68450,False,True,
68451,False,True,
68452,False,True,
68453,False,True,
68455,False,True,
68456,False,True,
68457,False,True,
68458,False,True,
68459,False,True,
68460,False,False,
68461,False,True,
68462,False,True,
68463,False,True,
68464,False,True,
68465,False,True,
68466,False,True,
68467,False,True,
68468,False,True,
68469,False,True,
68472,False,True,
68473,False,True,
68474,False,True,
68475,False,True,
68476,False,True,
68477,False,True,
68480,True,False,
68481,False,True,
68482,True,False,
68483,False,True,
68484,False,True,
68485,False,True,
68486,False,True,
68487,False,True,
68488,False,True,
68490,False,True,
68491,False,True,
68492,False,True,
68493,False,True,
68495,False,True,
68496,False,True,
68497,False,True,
68498,False,True,
68499,False,True,
68501,False,True,
68506,False,True,
68507,False,True,
68509,False,True,
68510,False,False,
68513,False,True,
68514,False,True,
68515,False,True,
68516,False,True,
68518,False,True,
68519,False,True,
68520,False,True,
68521,False,True,
68522,False,True,
68524,False,True,
68525,False,True,
68526,False,True,
68528,False,True,
68529,False,True,
68530,False,True,
68531,False,True,
68532,False,True,
68533,False,True,
68534,False,True,
68535,False,True,
68536,False,True,
68537,True,False,
68538,False,True,
68539,True,False,
68540,True,False,
68541,False,True,
68542,True,False,
68543,True,False,
68545,False,True,
68547,False,False,
68548,False,False,
68549,False,False,
68550,False,False,
68551,False,True,
68552,False,True,
68553,False,True,
68554,False,True,
68555,False,True,
68556,False,True,
68557,False,True,
68558,False,True,
68559,False,True,
68560,False,True,
68561,True,False,
68562,False,True,
68563,False,True,
68564,True,False,
68565,False,True,
68566,False,True,
68567,False,True,
68568,True,False,
68569,False,True,
68570,False,True,
68572,True,False,
68573,False,True,
68574,False,True,
68575,False,True,
68576,True,False,
68577,True,False,
68578,False,True,
68579,False,True,
68580,True,False,
68581,True,False,
68582,False,True,
68583,False,True,
68584,True,False,
68585,False,True,
68586,False,True,
68587,False,True,
68589,False,True,
68590,False,True,
68591,False,True,
68592,True,False,
68593,False,True,
68594,False,True,
68595,False,True,
68596,False,True,
68601,False,True,
68602,True,False,
68603,True,False,
68604,False,True,
68605,False,True,
68606,False,True,
68607,False,True,
68608,True,False,
68609,False,True,
68610,False,True,
68611,False,True,
68612,True,False,
68613,False,True,
68614,False,True,
68615,True,False,
68616,True,False,
68619,False,True,
68620,False,False,
68621,False,True,
68623,False,True,
68625,False,False,
68627,False,False,
68630,False,True,
68631,False,True,
68633,False,True,
68634,False,True,
68635,False,True,
68636,False,True,
68637,False,True,
68638,False,True,
68639,False,True,
68640,False,True,
68642,False,True,
68643,False,True,
68644,False,True,
68645,False,True,
68646,False,True,
68648,False,True,
68653,False,True,
68655,True,False,
68656,False,True,
68657,False,True,
68658,False,True,
68659,False,True,
68660,False,True,
68661,False,True,
68662,False,True,
68663,False,True,
68664,False,True,
68665,False,True,
68667,False,True,
68669,False,True,
68670,False,True,
68671,False,True,
68673,False,True,
68674,False,True,
68677,False,True,
68679,False,True,
68680,False,True,
68681,False,True,
68682,False,True,
68683,False,True,
68684,False,True,
68685,False,True,
68686,False,True,
68688,False,True,
68689,False,True,
68690,False,True,
68691,False,False,
68692,False,False,
68693,False,True,
68694,False,True,
68695,False,True,
68696,False,True,
68697,False,True,
68698,False,True,
68699,False,True,
68700,False,True,
68701,False,True,
68702,False,True,
68703,False,True,
68704,False,True,
68705,False,True,
68706,False,True,
68707,False,True,
68710,False,True,
68711,False,True,
68712,False,True,
68713,False,True,
68714,False,True,
68715,False,True,
68716,False,True,
68717,False,True,
68718,False,True,
68719,False,True,
68720,False,True,
68721,False,True,
68722,False,True,
68723,False,True,
68724,False,True,
68725,False,True,
68726,False,True,
68727,False,True,
68729,False,True,
68730,False,True,
68731,False,True,
68732,False,True,
68733,False,True,
68734,False,True,
68735,False,True,
68736,False,True,
68737,False,True,
68738,False,True,
68739,False,True,
68740,False,True,
68741,False,True,
68743,False,True,
68744,True,False,
68745,False,True,
68746,False,True,
68747,False,True,
68750,False,True,
68751,False,True,
68752,False,True,
68753,False,True,
68754,False,True,
68755,True,False,
68756,True,False,
68757,False,True,
68758,False,True,
68759,False,True,
68760,False,True,
68761,False,True,
68762,False,True,
68763,False,True,
68765,False,True,
68766,True,False,
68767,False,True,
68768,False,False,
68769,False,True,
68770,False,True,
68771,False,True,
68772,False,True,
68773,False,True,
68774,False,True,
68775,False,True,
68776,False,True,
68778,False,True,
68779,False,True,
68780,False,True,
68781,False,True,
68782,False,True,
68783,False,True,
68785,False,True,
68786,False,False,
68787,False,True,
68788,False,False,
68789,False,True,
68790,False,True,
68791,False,True,
68792,False,True,
68793,False,True,
68794,False,True,
68795,False,True,
68796,False,True,
68797,False,True,
68798,False,True,
68799,False,True,
68800,False,True,
68802,False,True,
68803,False,True,
68804,False,True,
68806,False,True,
68807,False,True,
68808,False,True,
68809,False,True,
68810,False,True,
68811,False,True,
68812,False,True,
68813,False,True,
68814,False,True,
68815,False,True,
68816,False,True,
68818,False,True,
68819,False,True,
68821,False,False,
68822,False,True,
68826,False,True,
68827,False,True,
68828,False,True,
68829,False,True,
68830,False,True,
68832,False,True,
68833,False,True,
68834,False,True,
68835,False,True,
68836,False,True,
68838,False,True,
68840,False,False,
68841,False,True,
68842,False,True,
68843,False,True,
68844,False,True,
68845,False,True,
68846,False,True,
68848,False,True,
68849,False,True,
68850,False,True,
68852,False,True,
68853,False,True,
68854,False,True,
68855,False,True,
68856,False,True,
68857,False,True,
68861,False,True,
68862,False,True,
68863,False,True,
68864,False,True,
68865,False,True,
68866,False,True,
68867,True,False,
68868,False,True,
68870,False,True,
68871,False,True,
68872,True,False,
68873,True,False,
68874,False,True,
68875,True,False,
68876,True,False,
68877,False,True,
68878,False,True,
68879,True,False,
68880,False,True,
68881,True,False,
68882,False,True,
68883,True,False,
68884,False,True,
68885,False,True,
68887,False,True,
68888,True,False,
68890,False,True,
68891,False,True,
68892,False,True,
68893,False,True,
68894,False,True,
68895,False,True,
68896,False,True,
68897,False,True,
68898,False,True,
68899,False,True,
68900,True,False,
68901,False,True,
68902,True,False,
68903,False,True,
68904,False,True,
68905,False,True,
68906,False,True,
68907,False,True,
68908,False,True,
68909,False,True,
68910,False,True,
68911,False,True,
68912,False,True,
68914,False,True,
68915,False,True,
68916,False,True,
68917,False,True,
68918,False,True,
68919,False,True,
68920,False,True,
68921,False,True,
68922,False,True,
68923,False,True,
68924,False,True,
68925,False,True,
68926,False,True,
68927,False,True,
68929,False,True,
68930,False,True,
68932,False,True,
68933,False,True,
68934,False,True,
68936,False,True,
68938,False,True,
68939,False,True,
68940,False,True,
68941,False,True,
68942,False,True,
68943,False,True,
68944,False,True,
68945,True,False,
68947,True,False,
68948,True,False,
68949,True,False,
68950,True,False,
68951,True,False,
68952,True,False,
68953,False,True,
68954,False,True,
68955,False,True,
68956,False,True,
68957,False,True,
68958,False,True,
68959,False,True,
68960,False,True,
68961,False,True,
68962,False,True,
68963,False,True,
68964,False,True,
68965,False,True,
68966,True,False,
68967,False,True,
68968,False,True,
68973,True,False,
68974,True,False,
68975,True,False,
68976,True,False,
68977,False,True,
68978,False,True,
68979,False,True,
68980,False,True,
68981,False,True,
68982,False,True,
68983,False,True,
68984,False,True,
68985,True,False,
68986,True,False,
68987,True,False,
68988,True,False,
68989,True,False,
68990,True,False,
68991,True,False,
68992,False,True,
68993,False,True,
68994,False,True,
68995,False,True,
68996,False,True,
68997,False,True,
68998,False,True,
68999,False,True,
69000,False,True,
69001,False,True,
69002,False,True,
69003,False,True,
69004,True,False,
69005,True,False,
69006,True,False,
69007,True,False,
69008,False,True,
69009,False,True,
69010,False,True,
69011,False,True,
69012,False,True,
69013,False,True,
69014,False,False,
69015,False,True,
69016,False,True,
69017,False,True,
69018,False,True,
69019,False,True,
69020,False,True,
69021,False,True,
69022,False,True,
69023,False,True,
69024,False,True,
69027,False,True,
69028,False,True,
69029,False,True,
69030,False,True,
69031,False,True,
69032,False,True,
69033,False,True,
69034,True,False,
69035,True,False,
69036,False,True,
69037,False,True,
69038,False,True,
69039,False,True,
69040,False,True,
69041,False,True,
69042,False,True,
69043,False,True,
69045,False,True,
69046,False,True,
69047,False,True,
69048,False,True,
69049,False,True,
69050,False,True,
69052,False,True,
69053,False,True,
69054,False,True,
69055,False,True,
69056,False,True,
69057,False,True,
69058,False,True,
69059,False,True,
69060,False,True,
69061,False,False,
69062,False,True,
69063,False,True,
69064,False,True,
69065,False,True,
69066,False,True,
69067,False,True,
69068,False,True,
69069,False,True,
69070,False,True,
69071,False,True,
69072,False,True,
69073,False,True,
69075,True,False,
69076,True,False,
69077,False,True,
69078,False,True,
69079,False,True,
69080,False,True,
69081,False,True,
69082,False,True,
69083,False,True,
69084,False,True,
69085,False,True,
69086,False,True,
69087,False,True,
69089,False,True,
69091,False,True,
69092,False,True,
69093,False,True,
69095,False,True,
69096,False,True,
69097,False,True,
69098,False,True,
69100,False,True,
69101,False,True,
69102,False,True,
69103,False,True,
69104,False,True,
69105,False,True,
69106,False,True,
69107,True,False,
69108,False,True,
69109,True,False,
69110,False,True,
69111,True,False,
69112,True,False,
69113,True,False,
69114,True,False,
69115,True,False,
69116,True,False,
69117,True,False,
69118,True,False,
69119,False,True,
69120,True,False,
69121,False,True,
69123,True,False,
69124,False,True,
69125,False,True,
69126,False,True,
69127,False,True,
69128,False,True,
69129,True,False,
69130,False,True,
69131,False,True,
69132,False,True,
69133,True,False,
69134,True,False,
69135,True,False,
69136,False,True,
69137,False,True,
69138,False,True,
69139,False,True,
69140,False,True,
69141,False,True,
69142,True,False,
69143,True,False,
69144,True,False,
69145,True,False,
69146,False,True,
69147,True,False,
69148,True,False,
69149,True,False,
69150,True,False,
69151,True,False,
69152,True,False,
69153,True,False,
69154,True,False,
69155,True,False,
69156,True,False,
69157,True,False,
69158,True,False,
69159,False,True,
69160,False,True,
69161,True,False,
69162,False,True,
69163,True,False,
69164,True,False,
69165,False,True,
69166,False,True,
69167,False,True,
69168,False,True,
69169,True,False,
69170,True,False,
69171,True,False,
69172,True,False,
69173,True,False,
69174,True,False,
69175,True,False,
69176,False,True,
69177,True,False,
69182,False,True,
69183,False,True,
69184,False,True,
69185,False,True,
69186,False,True,
69187,False,True,
69188,True,False,
69189,False,True,
69190,False,True,
69191,True,False,
69192,True,False,
69193,True,False,
69194,True,False,
69195,True,False,
69196,True,False,
69197,True,False,
69198,True,False,
69199,True,False,
69200,True,False,
69201,False,True,
69202,True,False,
69203,False,True,
69204,False,True,
69205,True,False,
69207,False,True,
69209,True,False,
69210,True,False,
69211,True,False,
69212,True,False,
69213,True,False,
69214,True,False,
69215,True,False,
69217,False,False,
69218,True,False,
69219,False,True,
69220,True,False,
69221,True,False,
69222,False,True,
69223,False,True,
69224,False,True,
69225,False,True,
69226,False,True,
69229,True,False,
69230,True,False,
69231,False,True,
69232,False,True,
69233,False,True,
69234,False,True,
69235,False,True,
69236,False,True,
69237,False,True,
69238,True,False,
69239,True,False,
69241,True,False,
69242,True,False,
69243,True,False,
69244,True,False,
69245,True,False,
69246,False,True,
69247,False,True,
69248,False,True,
69250,False,True,
69252,False,True,
69253,True,False,
69254,False,True,
69255,True,False,
69256,False,True,
69257,True,False,
69258,False,True,
69259,True,False,
69260,True,False,
69261,False,True,
69262,False,True,
69263,False,True,
69264,False,False,
69265,True,False,
69266,False,False,
69267,False,True,
69268,False,True,
69269,False,True,
69270,True,False,
69271,False,False,
69272,False,True,
69273,False,True,
69274,False,True,
69275,False,True,
69276,True,False,
69277,True,False,
69278,True,False,
69279,True,False,
69280,True,False,
69281,False,True,
69282,True,False,
69283,False,True,
69284,False,True,
69285,False,True,
69286,True,False,
69288,False,True,
69289,False,True,
69290,False,True,
69291,False,True,
69292,False,True,
69293,False,True,
69294,False,True,
69295,False,True,
69296,False,True,
69297,False,True,
69298,False,True,
69299,True,False,
69301,True,False,
69302,True,False,
69304,True,False,
69310,False,False,
69311,False,True,
69312,False,True,
69314,False,True,
69315,False,True,
69317,False,True,
69319,False,True,
69320,False,True,
69321,False,True,
69322,False,True,
69323,False,True,
69326,False,True,
69327,False,True,
69328,False,True,
69330,False,True,
69332,False,True,
69334,False,True,
69335,False,True,
69336,False,True,
69337,False,False,
69338,True,False,
69340,True,False,
69341,False,True,
69343,False,True,
69344,False,True,
69345,True,False,
69346,False,True,
69347,True,False,
69348,True,False,
69350,False,True,
69351,False,True,
69352,False,True,
69353,True,False,
69354,True,False,
69355,True,False,
69356,True,False,
69357,True,False,
69358,True,False,
69359,True,False,
69360,True,False,
69361,True,False,
69362,True,False,
69364,False,True,
69365,False,True,
69366,False,True,
69367,False,True,
69368,False,True,
69369,False,True,
69370,False,True,
69371,False,False,
69372,False,True,
69373,False,True,
69374,False,True,
69375,False,True,
69378,False,True,
69379,False,True,
69381,False,True,
69382,False,True,
69383,False,True,
69384,False,True,
69385,True,False,
69386,True,False,
69387,False,False,
69388,True,False,
69389,False,True,
69392,False,True,
69393,False,True,
69394,False,False,
69395,False,True,
69396,False,True,
69397,False,True,
69398,False,True,
69399,False,True,
69400,False,True,
69401,False,True,
69402,False,True,
69403,False,True,
69404,False,True,
69405,False,True,
69406,False,True,
69407,False,False,
69408,False,True,
69409,False,True,
69410,False,True,
69411,False,True,
69412,False,True,
69413,False,True,
69414,False,True,
69415,True,False,
69416,True,False,
69417,True,False,
69418,True,False,
69419,True,False,
69420,True,False,
69421,True,False,
69422,True,False,
69423,True,False,
69424,True,False,
69425,False,True,
69426,False,True,
69427,True,False,
69428,False,True,
69429,False,True,
69431,True,False,
69432,False,True,
69435,False,True,
69436,False,True,
69438,True,False,
69440,False,True,
69441,True,False,
69442,True,False,
69443,False,True,
69444,False,True,
69445,True,False,
69446,False,True,
69448,False,True,
69449,False,True,
69450,False,True,
69451,False,True,
69452,True,False,
69453,True,False,
69454,True,False,
69455,False,True,
69456,True,False,
69457,False,True,
69458,False,True,
69459,False,True,
69460,True,False,
69461,True,False,
69463,True,False,
69464,False,True,
69465,True,False,
69466,False,True,
69467,True,False,
69468,False,True,
69469,True,False,
69470,True,False,
69471,True,False,
69472,True,False,
69473,True,False,
69474,True,False,
69475,False,True,
69476,True,False,
69477,False,True,
69478,True,False,
69479,True,False,
69480,True,False,
69481,False,True,
69482,False,True,
69483,False,True,
69484,False,True,
69485,False,True,
69486,True,False,
69487,True,False,
69488,True,False,
69489,True,False,
69491,True,False,
69492,False,True,
69495,True,False,
69496,True,False,
69497,True,False,
69499,False,True,
69500,False,True,
69501,False,True,
69502,True,False,
69503,True,False,
69504,True,False,
69506,False,True,
69507,False,True,
69508,True,False,
69509,True,False,
69511,False,True,
69512,False,True,
69513,False,True,
69514,True,False,
69515,True,False,
69516,True,False,
69517,True,False,
69518,True,False,
69519,True,False,
69520,False,True,
69521,True,False,
69523,False,True,
69524,False,True,
69525,False,True,
69526,True,False,
69527,True,False,
69528,True,False,
69529,True,False,
69530,True,False,
69531,True,False,
69550,True,False,
69551,True,False,
69554,True,False,
69556,True,False,
69558,True,False,
69559,True,False,
69560,True,False,
69561,True,False,
69562,True,False,
69563,True,False,
69567,False,True,
69568,False,True,
69570,False,True,
69571,True,False,
69572,False,False,
69573,True,False,
69575,True,False,
69576,False,True,
69579,False,True,
69580,True,False,
69581,False,True,
69582,False,True,
69583,False,True,
69584,True,False,
69586,False,True,
69587,True,False,
69588,True,False,
69589,False,True,
69591,False,True,
69592,True,False,
69593,False,True,
69595,True,False,
69596,True,False,
69597,False,True,
69599,True,False,
69600,False,True,
69601,False,True,
69602,False,True,
69603,True,False,
69604,False,True,
69605,False,True,
69606,False,True,
69607,False,True,
69608,False,True,
69609,False,True,
69610,False,True,
69611,False,True,
69612,False,True,
69613,False,True,
69614,False,True,
69615,True,False,
69616,True,False,
69617,True,False,
69618,True,False,
69620,False,True,
69621,False,True,
69623,True,False,
69624,False,True,
69625,False,True,
69626,False,True,
69627,False,True,
69628,False,True,
69629,True,False,
69630,True,False,
69631,True,False,
69632,False,True,
69634,False,False,
69635,False,False,
69636,False,True,
69637,True,False,
69638,True,False,
69639,False,True,
69640,False,True,
69641,False,True,
69642,False,True,
69643,False,True,
69644,False,True,
69645,False,True,
69646,False,True,
69647,False,True,
69648,False,True,
69651,False,True,
69652,False,True,
69653,False,True,
69654,False,True,
69655,False,True,
69656,False,False,
69657,False,True,
69658,False,False,
69659,False,True,
69660,False,True,
69662,False,True,
69663,False,True,
69664,False,True,
69665,False,True,
69666,False,False,
69667,False,True,
69668,False,False,
69669,False,True,
69670,False,True,
69672,False,True,
69673,False,True,
69674,False,True,
69675,False,True,
69676,False,True,
69678,True,False,
69680,False,True,
69682,False,True,
69683,False,True,
69684,False,True,
69685,False,True,
69686,False,True,
69688,False,True,
69689,False,True,
69690,False,True,
69691,False,True,
69692,False,True,
69693,True,False,
69694,True,False,
69695,True,False,
69696,False,True,
69698,True,False,
69699,True,False,
69700,False,True,
69701,True,False,
69702,True,False,
69703,True,False,
69704,False,True,
69705,False,True,
69706,True,False,
69707,False,True,
69708,True,False,
69709,False,True,
69710,False,True,
69711,False,True,
69712,False,True,
69713,True,False,
69714,True,False,
69715,True,False,
69716,True,False,
69717,True,False,
69718,True,False,
69719,True,False,
69720,True,False,
69721,True,False,
69722,True,False,
69724,False,True,
69725,True,False,
69726,True,False,
69727,False,True,
69728,True,False,
69729,False,True,
69730,False,True,
69732,True,False,
69734,False,True,
69735,True,False,
69737,False,True,
69738,False,True,
69739,False,True,
69740,False,True,
69741,True,False,
69743,False,True,
69744,True,False,
69745,False,True,
69746,False,True,
69747,False,True,
69748,True,False,
69749,False,True,
69750,False,True,
69751,False,True,
69752,True,False,
69753,True,False,
69754,False,True,
69755,False,True,
69756,False,True,
69757,False,True,
69758,False,True,
69759,True,False,
69760,True,False,
69761,True,False,
69762,True,False,
69763,False,True,
69764,True,False,
69765,False,True,
69766,False,True,
69767,True,False,
69768,False,True,
69769,False,True,
69770,False,True,
69771,False,True,
69773,False,True,
69775,False,True,
69776,True,False,
69777,False,True,
69778,False,True,
69780,False,True,
69782,False,True,
69783,False,True,
69784,True,False,
69785,True,False,
69786,True,False,
69787,True,False,
69788,False,True,
69789,True,False,
69790,False,True,
69791,False,True,
69792,False,True,
69793,False,True,
69794,False,True,
69795,False,True,
69796,False,True,
69798,True,False,
69799,False,True,
69800,False,True,
69801,True,False,
69802,False,True,
69803,False,True,
69804,False,True,
69806,False,True,
69807,True,False,
69808,False,True,
69809,False,True,
69811,False,True,
69813,False,True,
69814,False,True,
69816,False,True,
69818,False,True,
69819,False,True,
69820,False,True,
69821,False,True,
69822,False,True,
69823,False,True,
69824,False,True,
69825,False,True,
69826,False,True,
69827,False,True,
69828,False,True,
69829,False,True,
69830,False,True,
69831,False,True,
69832,False,True,
69833,False,True,
69834,False,True,
69835,False,True,
69836,False,True,
69837,False,True,
69838,False,True,
69839,False,True,
69840,True,False,
69841,False,True,
69842,False,True,
69843,False,True,
69844,False,True,
69845,False,True,
69848,False,True,
69850,True,False,
69851,False,True,
69853,False,True,
69854,False,True,
69855,False,True,
69856,False,True,
69857,False,True,
69858,True,False,
69859,True,False,
69860,False,True,
69861,False,True,
69862,False,True,
69863,False,True,
69864,False,True,
69865,False,True,
69866,True,False,
69867,True,False,
69868,True,False,
69869,True,False,
69872,False,True,
69873,False,True,
69874,False,True,
69875,False,True,
69876,False,True,
69878,True,False,
69879,True,False,
69880,False,True,
69881,True,False,
69882,True,False,
69883,True,False,
69884,True,False,
69887,True,False,
69889,True,False,
69890,True,False,
69892,False,True,
69893,True,False,
69894,True,False,
69895,True,False,
69896,True,False,
69897,True,False,
69899,True,False,
69900,True,False,
69901,True,False,
69902,True,False,
69903,True,False,
69904,True,False,
69905,True,False,
69906,True,False,
69907,True,False,
69908,False,True,
69909,False,True,
69910,False,True,
69912,True,False,
69916,True,False,
69917,True,False,
69918,True,False,
69919,True,False,
69922,True,False,
69923,False,True,
69924,True,False,
69925,True,False,
69926,True,False,
69927,True,False,
69928,True,False,
69929,True,False,
69930,True,False,
69932,True,False,
69933,True,False,
69934,True,False,
69935,True,False,
69936,True,False,
69937,True,False,
69939,True,False,
69941,False,True,
69942,True,False,
69943,True,False,
69944,False,True,
69945,False,True,
69947,False,True,
69948,False,True,
69949,False,True,
69950,False,True,
69951,False,True,
69952,False,True,
69953,False,True,
69954,False,False,
69955,False,False,
69958,False,True,
69959,False,True,
69960,False,True,
69961,True,False,
69962,True,False,
69963,False,True,
69964,False,True,
69966,False,True,
69967,True,False,
69968,True,False,
69969,True,False,
69970,True,False,
69971,False,True,
69972,True,False,
69974,False,True,
69976,False,True,
69977,False,True,
69979,True,False,
69980,True,False,
69981,True,False,
69983,False,True,
69984,False,True,
69985,True,False,
69986,False,True,
69988,False,True,
69990,False,True,
69991,True,False,
69992,False,True,
69993,False,True,
69994,True,False,
69995,True,False,
69996,True,False,
69997,True,False,
69998,True,False,
70000,False,True,
70001,False,True,
70002,False,True,
70003,False,True,
70005,True,False,
70007,False,True,
70008,False,True,
70009,False,True,
70011,True,False,
70013,True,False,
70014,True,False,
70015,True,False,
70016,False,True,
70017,True,False,
70018,True,False,
70019,False,True,
70020,False,True,
70022,False,True,
70023,False,True,
70024,False,True,
70026,False,True,
70236,False,True,
70237,False,True,
70238,False,True,
70239,True,False,
70240,True,False,
70241,True,False,
70242,False,True,
70243,False,True,
70244,True,False,
70245,False,True,
70246,False,True,
70247,True,False,
70248,True,False,
70249,True,False,
70250,False,True,
70251,True,False,
70252,True,False,
70253,True,False,
70254,True,False,
70255,True,False,
70256,True,False,
70257,True,False,
70258,True,False,
70259,True,False,
70260,False,True,
70261,False,True,
70262,True,False,
70263,True,False,
70264,True,False,
70265,True,False,
70266,True,False,
70268,False,True,
70270,False,True,
70272,True,False,
70273,True,False,
70274,False,True,
70275,True,False,
70276,True,False,
70277,True,False,
70278,True,False,
70279,False,True,
70280,False,True,
70282,False,True,
70283,False,True,
70284,True,False,
70285,False,False,
70286,False,True,
70288,True,False,
70290,True,False,
70291,True,False,
70292,True,False,
70293,True,False,
70294,True,False,
70295,True,False,
70296,True,False,
70297,False,True,
70299,True,False,
70300,True,False,
70301,False,True,
70303,False,True,
70304,False,True,
70305,False,True,
70306,False,True,
70307,False,True,
70308,False,True,
70309,True,False,
70310,False,True,
70311,False,True,
70312,False,True,
70313,False,True,
70314,False,True,
70315,False,True,
70316,False,True,
70317,False,True,
70318,True,False,
70319,True,False,
70320,False,True,
70321,True,False,
70322,False,True,
70323,True,False,
70324,True,False,
70325,True,False,
70326,True,False,
70327,True,False,
70328,True,False,
70329,True,False,
70330,True,False,
70333,True,False,
70334,True,False,
70335,True,False,
70336,True,False,
70337,True,False,
70339,False,True,
70340,False,True,
70341,True,False,
70342,True,False,
70344,False,True,
70345,True,False,
70346,True,False,
70347,False,True,
70348,False,True,
70349,True,False,
70350,True,False,
70351,True,False,
70352,True,False,
70353,True,False,
70358,True,False,
70359,True,False,
70362,False,True,
70363,False,True,
70364,False,True,
70366,False,True,
70368,True,False,
70369,True,False,
70370,True,False,
70371,True,False,
70372,True,False,
70373,False,True,
70374,True,False,
70375,False,True,
70376,False,True,
70377,True,False,
70379,False,True,
70381,False,True,
70382,False,True,
70384,True,False,
70385,True,False,
70387,False,True,
70388,True,False,
70389,True,False,
70390,True,False,
70391,False,True,
70392,False,True,
70394,False,True,
70396,False,True,
70397,False,True,
70398,False,False,
70399,False,False,
70401,False,True,
70404,False,True,
70405,False,True,
70406,True,False,
70407,False,True,
70408,True,False,
70409,True,False,
70410,True,False,
70411,True,False,
70412,True,False,
70413,True,False,
70414,True,False,
70415,False,True,
70416,False,True,
70417,False,True,
70418,False,True,
70419,False,True,
70420,False,True,
70421,False,True,
70422,False,True,
70423,False,True,
70424,False,True,
70425,False,True,
70426,False,True,
70429,False,True,
70430,False,True,
70432,False,True,
70433,False,True,
70435,True,False,
70436,False,True,
70437,False,True,
70438,False,True,
70439,False,True,
70440,False,True,
70449,False,True,
70450,True,False,
70451,True,False,
70452,False,True,
70453,False,True,
70454,False,True,
70455,False,True,
70456,False,True,
70457,True,False,
70458,True,False,
70459,True,False,
70460,True,False,
70461,True,False,
70462,True,False,
70463,False,True,
70464,False,True,
70465,False,True,
70466,False,True,
70467,False,True,
70468,False,True,
70469,True,False,
70470,True,False,
70471,True,False,
70472,True,False,
70473,True,False,
70474,True,False,
70475,False,True,
70477,False,True,
70478,False,True,
70479,False,True,
70480,False,True,
70481,False,True,
70482,True,False,
70483,True,False,
70485,False,True,
70487,False,True,
70488,False,True,
70489,False,True,
70490,False,True,
70491,False,True,
70493,False,True,
70495,False,True,
70498,False,True,
70499,False,True,
70500,False,True,
70502,False,True,
70503,False,True,
70504,False,True,
70505,False,True,
70506,False,True,
70507,False,True,
70508,False,True,
70509,False,True,
70511,False,True,
70512,False,True,
70513,False,True,
70514,False,True,
70517,False,True,
70523,False,True,
70527,False,True,
70528,False,True,
70531,False,True,
70532,True,False,
70533,False,True,
70534,True,False,
70536,False,True,
70537,False,True,
70539,True,False,
70540,True,False,
70541,False,True,
70542,False,True,
70543,False,True,
70544,False,True,
70545,False,True,
70546,True,False,
70547,True,False,
70549,True,False,
70550,False,True,
70551,False,True,
70552,False,True,
70553,False,True,
70554,False,True,
70555,False,True,
70556,True,False,
70557,False,True,
70558,False,True,
70561,True,False,
70562,False,True,
70563,True,False,
70564,True,False,
70565,True,False,
70566,True,False,
70567,True,False,
70568,False,True,
70569,True,False,
70570,False,True,
70571,False,True,
70572,True,False,
70573,False,True,
70574,False,True,
70575,True,False,
70576,True,False,
70577,True,False,
70578,True,False,
70579,False,True,
70580,True,False,
70581,False,True,
70582,True,False,
70583,True,False,
70584,True,False,
70585,True,False,
70586,False,True,
70587,True,False,
70588,True,False,
70589,True,False,
70590,False,True,
70591,True,False,
70593,True,False,
70594,True,False,
70595,False,True,
70596,True,False,
70597,True,False,
70598,True,False,
70599,True,False,
70600,True,False,
70601,True,False,
70602,True,False,
70603,True,False,
70605,True,False,
70606,True,False,
70607,True,False,
70608,False,True,
70609,True,False,
70610,True,False,
70612,False,True,
70613,False,False,
70614,False,True,
70615,True,False,
70616,True,False,
70617,True,False,
70618,True,False,
70619,True,False,
70623,True,False,
70624,False,True,
70625,True,False,
70626,True,False,
70627,True,False,
70628,True,False,
70629,True,False,
70630,True,False,
70631,True,False,
70632,True,False,
70633,True,False,
70634,True,False,
70635,True,False,
70636,True,False,
70637,True,False,
70638,True,False,
70639,True,False,
70640,True,False,
70641,True,False,
70642,True,False,
70643,True,False,
70644,True,False,
70645,True,False,
70646,True,False,
70647,True,False,
70648,True,False,
70649,True,False,
70650,False,False,
70651,False,True,
70652,False,True,
70653,False,True,
70654,False,False,
70655,False,True,
70656,False,True,
70657,False,True,
70658,False,True,
70659,False,True,
70660,True,False,
70661,True,False,
70662,True,False,
70663,False,True,
70664,False,True,
70665,True,False,
70666,False,True,
70667,False,True,
70668,True,False,
70669,False,True,
70670,True,False,
70671,False,False,
70672,False,False,
70673,False,True,
70674,True,False,
70675,True,False,
70676,False,False,
70677,True,False,
70678,True,False,
70679,True,False,
70680,True,False,
70681,True,False,
70682,False,True,
70683,False,True,
70685,True,False,
70686,True,False,
70687,False,True,
70688,False,True,
70689,False,True,
70690,True,False,
70691,True,False,
70692,False,False,
70693,True,False,
70694,False,False,
70695,False,True,
70697,False,True,
70698,False,False,
70699,False,True,
70700,False,True,
70702,False,True,
70703,False,True,
70706,False,True,
70707,False,True,
70708,False,True,
70709,False,True,
70710,False,False,
70712,False,True,
70713,False,True,
70716,False,True,
70720,False,True,
70724,False,True,
70726,False,True,
70727,False,True,
70729,False,False,
70730,False,True,
70731,False,False,
70732,False,True,
70737,False,True,
70738,False,True,
70739,False,True,
70740,False,True,
70742,False,True,
70743,False,True,
70744,False,True,
70745,False,True,
70746,False,True,
70751,False,True,
70752,False,True,
70753,False,True,
70754,False,True,
70755,False,True,
70756,True,False,
70757,True,False,
70758,True,False,
70759,False,True,
70760,False,True,
70761,True,False,
70762,True,False,
70763,True,False,
70764,True,False,
70765,False,True,
70766,False,True,
70767,True,False,
70768,True,False,
70769,False,True,
70770,True,False,
70771,False,True,
70772,True,False,
70773,True,False,
70774,True,False,
70776,True,False,
70779,False,True,
70780,False,True,
70781,False,True,
70782,False,True,
70783,False,True,
70784,False,True,
70786,False,True,
70787,False,True,
70788,True,False,
70789,True,False,
70790,False,True,
70792,False,True,
70794,False,True,
70795,False,True,
70796,False,True,
70797,False,True,
70798,False,True,
70799,False,True,
70800,False,True,
70801,False,True,
70802,False,True,
70805,True,False,
70806,True,False,
70807,False,True,
70808,False,True,
70809,False,True,
70811,False,True,
70812,False,True,
70813,False,True,
70814,False,True,
70815,False,True,
70816,False,True,
70817,False,True,
70818,True,False,
70819,False,True,
70820,True,False,
70821,True,False,
70822,False,True,
70825,False,True,
70827,False,False,
70828,False,True,
70829,False,False,
70830,False,False,
70831,False,True,
70832,False,True,
70833,False,True,
70834,False,True,
70835,False,True,
70837,False,True,
70839,False,True,
70840,False,True,
70841,False,True,
70843,False,True,
70844,False,True,
70845,False,True,
70846,True,False,
70847,False,True,
70848,False,True,
70849,False,True,
70850,False,True,
70851,True,False,
70852,False,True,
70853,False,True,
70854,False,True,
70855,False,True,
70856,False,True,
70857,True,False,
70858,True,False,
70859,True,False,
70860,False,True,
70862,False,True,
70863,True,False,
70865,False,True,
70866,False,True,
70867,True,False,
70868,False,True,
70869,False,True,
70870,False,True,
70871,False,True,
70872,False,True,
70874,False,True,
70875,False,True,
70876,False,False,
70877,False,False,
70878,False,False,
70879,False,True,
70880,False,True,
70881,True,False,
70882,False,False,
70884,False,True,
70886,True,False,
70887,False,True,
70888,False,True,
70889,True,False,
70890,True,False,
70891,False,True,
70892,False,True,
70893,False,True,
70894,False,True,
70895,False,True,
70896,True,False,
70897,True,False,
70898,True,False,
70899,True,False,
70903,True,False,
70905,True,False,
70906,True,False,
70909,False,True,
70910,False,True,
70911,False,True,
70912,False,True,
70913,False,True,
70914,False,True,
70915,False,True,
70916,True,False,
70917,False,True,
70918,False,True,
70919,False,True,
70920,False,True,
70922,False,True,
70923,False,True,
70924,False,True,
70925,False,True,
70926,False,True,
70927,False,True,
70929,False,True,
70931,False,True,
70932,False,True,
70934,False,True,
70935,False,False,
70936,False,True,
70937,False,True,
70938,False,True,
70939,False,True,
70940,False,True,
70944,False,True,
70945,False,True,
70946,False,True,
70947,True,False,
70948,True,False,
70949,False,True,
70950,True,False,
70951,True,False,
70952,False,True,
70953,False,False,
70954,False,False,
70955,False,True,
70956,False,True,
70959,True,False,
70961,True,False,
70962,True,False,
70963,True,False,
70964,False,True,
70965,False,True,
70966,False,True,
70967,False,True,
70968,False,True,
70969,False,True,
70970,True,False,
70971,True,False,
70972,True,False,
70973,False,True,
70974,False,True,
70975,True,False,
70976,False,True,
70977,True,False,
70978,True,False,
70979,True,False,
70980,True,False,
70981,True,False,
70982,True,False,
70983,True,False,
70984,False,True,
70985,False,True,
70986,True,False,
70987,True,False,
70988,True,False,
70989,False,True,
70990,False,True,
70991,False,True,
70992,False,True,
70993,False,True,
70995,False,True,
70996,False,True,
70997,False,True,
71001,False,True,
71002,False,True,
71003,False,True,
71004,False,True,
71005,True,False,
71006,True,False,
71007,True,False,
71008,False,True,
71010,False,True,
71013,False,True,
71015,False,True,
71016,False,True,
71018,False,True,
71019,False,True,
71020,False,True,
71021,False,True,
71023,False,True,
71024,False,True,
71025,False,True,
71026,False,True,
71027,False,True,
71028,False,True,
71030,False,True,
71032,False,True,
71033,False,True,
71035,False,True,
71038,True,False,
71039,True,False,
71040,False,True,
71041,True,False,
71042,True,False,
71043,True,False,
71044,True,False,
71045,False,True,
71046,True,False,
71047,True,False,
71048,True,False,
71049,True,False,
71050,True,False,
71051,False,True,
71052,False,True,
71053,False,True,
71054,True,False,
71055,True,False,
71057,False,True,
71059,True,False,
71060,True,False,
71061,True,False,
71062,True,False,
71063,False,True,
71064,False,True,
71065,True,False,
71066,True,False,
71067,True,False,
71073,False,True,
71075,False,True,
71076,False,True,
71078,False,True,
71079,False,True,
71081,False,True,
71084,False,True,
71085,False,True,
71087,True,False,
71088,False,True,
71089,True,False,
71090,True,False,
71091,True,False,
71092,False,True,
71094,False,True,
71095,True,False,
71096,False,True,
71097,True,False,
71098,True,False,
71099,True,False,
71100,True,False,
71101,False,True,
71102,True,False,
71104,False,True,
71105,True,False,
71106,True,False,
71107,True,False,
71108,True,False,
71109,True,False,
71110,True,False,
71111,True,False,
71112,True,False,
71113,True,False,
71114,True,False,
71115,True,False,
71116,True,False,
71118,False,True,
71119,False,True,
71123,False,True,
71124,False,True,
71125,False,True,
71126,False,True,
71127,False,True,
71128,False,True,
71129,False,True,
71130,False,True,
71131,False,True,
71132,False,True,
71133,False,True,
71134,False,True,
71135,False,True,
71136,False,True,
71137,False,True,
71138,False,True,
71139,False,True,
71140,True,False,
71141,False,True,
71142,True,False,
71143,True,False,
71144,True,False,
71145,True,False,
71146,False,True,
71148,False,True,
71149,True,False,
71150,False,True,
71151,True,False,
71152,False,True,
71153,False,True,
71154,False,True,
71155,True,False,
71156,False,True,
71157,True,False,
71158,True,False,
71159,True,False,
71160,False,True,
71161,True,False,
71162,False,True,
71164,False,True,
71165,True,False,
71166,False,True,
71167,True,False,
71168,False,True,
71169,False,True,
71170,True,False,
71171,False,True,
71172,False,True,
71175,False,True,
71177,False,True,
71179,False,True,
71180,False,True,
71181,False,True,
71182,False,True,
71183,False,True,
71186,False,True,
71188,True,False,
71189,True,False,
71190,True,False,
71191,True,False,
71192,True,False,
71193,False,True,
71195,False,True,
71197,True,False,
71198,True,False,
71199,False,True,
71200,True,False,
71201,False,True,
71202,False,True,
71203,True,False,
71204,False,True,
71205,False,True,
71207,False,False,
71208,False,True,
71209,False,True,
71211,False,False,
71214,False,False,
71216,False,True,
71218,False,True,
71219,False,True,
71220,False,True,
71221,False,True,
71222,True,False,
71224,False,True,
71225,False,True,
71226,False,True,
71227,False,True,
71229,False,True,
71230,False,True,
71231,False,True,
71232,True,False,
71233,True,False,
71235,False,True,
71238,False,True,
71240,False,True,
71252,False,False,
71253,False,True,
71254,False,False,
71255,False,True,
71259,False,True,
71260,True,False,
71262,False,True,
71263,False,True,
71264,False,False,
71265,True,False,
71267,True,False,
71269,False,True,
71271,False,True,
71273,False,True,
71274,True,False,
71275,False,True,
71277,False,True,
71278,False,True,
71279,False,True,
71280,False,True,
71282,False,True,
71283,False,True,
71284,False,True,
71286,False,True,
71287,False,True,
71288,False,True,
71289,False,True,
71290,False,False,
71291,False,True,
71292,False,True,
71294,True,False,
71295,True,False,
71296,True,False,
71297,False,True,
71298,False,True,
71299,False,True,
71300,False,True,
71301,False,True,
71302,False,True,
71303,False,True,
71304,False,True,
71305,False,True,
71306,False,True,
71307,False,True,
71308,False,True,
71309,False,True,
71310,False,True,
71312,False,True,
71315,False,True,
71316,False,True,
71317,False,True,
71318,False,True,
71319,False,True,
71320,False,False,
71321,False,True,
71322,False,True,
71324,False,True,
71326,False,True,
71327,False,True,
71328,False,True,
71329,False,True,
71330,False,True,
71331,True,False,
71332,True,False,
71333,True,False,
71334,False,True,
71335,False,True,
71338,False,True,
71339,True,False,
71340,False,True,
71341,True,False,
71342,False,True,
71343,False,True,
71344,False,True,
71345,False,False,
71346,False,True,
71347,False,True,
71349,False,True,
71350,False,True,
71351,False,True,
71352,False,True,
71354,False,True,
71355,False,True,
71357,False,True,
71359,False,True,
71361,False,True,
71362,False,True,
71363,False,True,
71364,False,True,
71365,False,True,
71366,False,True,
71367,False,True,
71368,False,True,
71370,False,True,
71371,False,True,
71372,False,True,
71375,False,False,
71377,False,True,
71378,False,True,
71379,False,True,
71380,False,True,
71381,False,True,
71383,False,True,
71384,False,True,
71385,False,True,
71386,False,True,
71387,False,True,
71388,False,False,
71389,False,False,
71390,False,True,
71393,False,True,
71395,True,False,
71396,False,True,
71397,True,False,
71398,True,False,
71399,True,False,
71400,False,True,
71401,False,True,
71402,False,True,
71403,True,False,
71404,False,True,
71405,True,False,
71406,True,False,
71407,True,False,
71408,True,False,
71409,True,False,
71410,False,True,
71411,True,False,
71412,True,False,
71413,True,False,
71414,False,True,
71415,True,False,
71416,False,True,
71419,False,True,
71420,True,False,
71424,False,False,
71426,False,True,
71427,False,True,
71428,False,True,
71429,False,True,
71430,False,True,
71431,False,True,
71432,False,True,
71433,False,True,
71434,False,True,
71435,False,True,
71436,False,True,
71437,False,True,
71438,False,True,
71439,False,True,
71440,False,True,
71441,False,True,
71444,False,True,
71445,True,False,
71446,False,True,
71447,False,True,
71448,False,False,
71449,False,True,
71450,False,False,
71451,False,True,
71455,False,True,
71456,False,True,
71457,False,True,
71461,False,True,
71462,False,True,
71468,False,True,
71469,False,True,
71470,False,True,
71471,False,True,
71472,False,True,
71473,False,True,
71474,False,False,
71475,False,True,
71476,False,False,
71477,False,False,
71478,False,True,
71479,False,True,
71480,False,True,
71482,False,True,
71483,True,False,
71484,False,True,
71485,True,False,
71486,False,True,
71487,False,True,
71488,False,True,
71489,False,True,
71490,False,True,
71491,False,True,
71492,False,True,
71493,False,True,
71494,False,True,
71496,False,True,
71497,False,True,
71498,False,True,
71500,False,True,
71501,False,True,
71502,False,True,
71503,True,False,
71504,True,False,
71505,True,False,
71506,False,True,
71507,False,True,
71508,True,False,
71509,False,True,
71510,False,True,
71511,True,False,
71512,True,False,
71513,True,False,
71514,False,True,
71515,False,True,
71517,False,True,
71518,False,True,
71519,False,True,
71520,False,True,
71521,False,True,
71522,True,False,
71523,True,False,
71524,False,True,
71526,False,True,
71527,False,True,
71528,False,True,
71529,False,True,
71530,False,True,
71531,False,True,
71532,False,True,
71533,False,True,
71535,False,True,
71536,False,True,
71537,True,False,
71538,True,False,
71539,False,True,
71540,False,True,
71541,False,True,
71542,False,True,
71543,False,True,
71544,False,True,
71545,False,True,
71546,False,True,
71547,False,True,
71548,False,True,
71549,False,True,
71550,False,True,
71551,False,True,
71552,True,False,
71553,False,True,
71554,False,True,
71555,True,False,
71556,False,True,
71557,True,False,
71558,True,False,
71559,False,True,
71560,False,True,
71561,False,True,
71562,False,True,
71563,False,True,
71564,False,True,
71565,False,True,
71566,False,True,
71567,False,True,
71568,False,True,
71569,False,True,
71570,False,True,
71571,True,False,
71572,False,True,
71573,False,True,
71574,False,True,
71576,False,True,
71577,True,False,
71578,False,True,
71579,False,True,
71581,False,True,
71582,False,True,
71583,False,False,
71584,True,False,
71585,True,False,
71586,False,True,
71587,True,False,
71588,True,False,
71589,False,True,
71590,False,True,
71591,False,True,
71592,False,True,
71593,False,True,
71594,False,True,
71595,False,True,
71596,False,True,
71597,False,True,
71598,False,True,
71599,True,False,
71600,False,False,
71601,False,True,
71602,True,False,
71603,False,True,
71604,True,False,
71605,True,False,
71606,False,True,
71607,True,False,
71608,True,False,
71609,False,True,
71610,False,True,
71611,False,True,
71612,False,True,
71613,False,True,
71614,False,True,
71615,False,True,
71616,False,True,
71617,False,True,
71618,False,True,
71619,False,True,
71620,False,True,
71622,False,False,
71623,False,True,
71624,False,True,
71625,False,True,
71626,True,False,
71627,True,False,
71628,True,False,
71629,False,True,
71630,False,True,
71631,False,True,
71632,False,True,
71633,False,True,
71634,False,True,
71635,False,True,
71636,False,True,
71637,False,True,
71638,False,True,
71639,False,True,
71640,False,True,
71642,False,True,
71644,False,True,
71645,False,True,
71646,False,True,
71647,False,True,
71648,False,True,
71650,False,True,
71654,False,True,
71655,False,True,
71656,False,True,
71657,False,True,
71658,False,True,
71659,False,False,
71660,False,False,
71661,True,False,
71662,False,True,
71663,True,False,
71664,False,True,
71665,False,True,
71666,True,False,
71667,False,True,
71668,True,False,
71669,True,False,
71670,False,True,
71671,True,False,
71672,True,False,
71673,True,False,
71674,True,False,
71675,True,False,
71676,True,False,
71677,True,False,
71679,False,True,
71680,True,False,
71681,True,False,
71682,True,False,
71683,True,False,
71684,False,True,
71685,False,True,
71689,False,True,
71690,False,True,
71691,False,True,
71694,False,True,
71698,False,True,
71699,False,True,
71700,False,True,
71701,False,True,
71702,False,True,
71704,False,True,
71705,False,True,
71706,False,True,
71707,False,True,
71708,False,True,
71709,False,True,
71710,True,False,
71711,False,True,
71712,False,True,
71714,True,False,
71715,True,False,
71716,False,True,
71717,False,True,
71719,False,True,
71720,False,True,
71721,False,True,
71723,False,True,
71724,False,True,
71725,False,True,
71726,False,True,
71727,False,True,
71728,False,True,
71733,False,True,
71734,False,True,
71737,False,True,
71738,False,True,
71739,False,True,
71740,False,True,
71741,False,True,
71742,False,True,
71743,False,True,
71744,True,False,
71746,False,True,
71748,False,True,
71749,True,False,
71750,False,True,
71752,False,True,
71756,False,True,
71757,False,True,
71758,False,True,
71759,False,True,
71760,False,True,
71761,False,True,
71762,False,True,
71763,False,True,
71764,False,True,
71765,False,True,
71767,False,True,
71768,False,True,
71769,False,True,
71771,False,True,
71772,True,False,
71773,True,False,
71774,True,False,
71775,True,False,
71776,True,False,
71777,True,False,
71778,True,False,
71779,True,False,
71780,True,False,
71781,True,False,
71782,True,False,
71784,True,False,
71785,False,True,
71786,True,False,
71787,True,False,
71788,True,False,
71789,True,False,
71790,False,True,
71791,False,False,
71792,False,False,
71793,True,False,
71794,True,False,
71795,False,True,
71796,True,False,
71797,True,False,
71798,False,False,
71799,False,True,
71802,True,False,
71803,False,True,
71804,True,False,
71805,False,True,
71806,True,False,
71807,False,True,
71808,False,True,
71809,False,True,
71810,False,True,
71811,False,True,
71812,False,True,
71813,True,False,
71814,True,False,
71815,True,False,
71816,False,True,
71817,False,True,
71818,False,True,
71819,True,False,
71820,False,True,
71821,True,False,
71822,True,False,
71823,False,True,
71824,False,True,
71825,True,False,
71826,True,False,
71827,True,False,
71828,True,False,
71829,True,False,
71830,True,False,
71831,True,False,
71832,False,True,
71833,False,True,
71834,False,True,
71835,False,True,
71836,False,True,
71837,False,True,
71838,False,True,
71840,False,True,
71841,False,True,
71842,False,True,
71843,False,True,
71844,False,True,
71845,True,False,
71846,False,True,
71847,False,True,
71848,False,True,
71849,False,True,
71850,False,True,
71851,False,True,
71852,False,True,
71853,False,True,
71854,False,True,
71855,False,True,
71856,False,True,
71857,False,True,
71859,False,True,
71860,False,True,
71861,False,True,
71862,False,True,
71863,False,True,
71864,True,False,
71865,True,False,
71866,False,True,
71867,False,True,
71869,False,True,
71870,False,True,
71871,False,True,
71872,False,True,
71873,False,True,
71874,False,True,
71876,False,True,
71877,False,True,
71878,False,True,
71879,False,True,
71880,False,True,
71881,False,True,
71882,False,True,
71883,False,True,
71884,False,True,
71885,True,False,
71887,False,True,
71888,False,True,
71889,False,True,
71890,True,False,
71891,False,True,
71892,False,True,
71893,False,True,
71894,False,True,
71895,False,True,
71896,False,True,
71897,False,True,
71898,False,True,
71899,False,True,
71900,False,True,
71901,False,True,
71903,False,True,
71904,False,True,
71905,False,False,
71906,False,True,
71907,False,True,
71908,False,True,
71909,False,True,
71910,False,True,
71911,False,True,
71912,False,True,
71914,False,True,
71919,False,True,
71920,False,False,
71923,False,True,
71924,False,True,
71926,False,True,
71927,False,True,
71928,False,True,
71929,False,True,
71930,False,True,
71931,False,True,
71933,False,True,
71934,False,True,
71935,False,True,
71936,False,True,
71937,False,True,
71939,False,False,
71940,False,True,
71941,False,True,
71942,False,True,
71943,False,True,
71945,False,True,
71949,True,False,
71950,False,True,
71951,False,True,
71952,False,True,
71953,False,False,
71954,False,True,
71955,True,False,
71956,True,False,
71959,False,True,
71961,False,True,
71962,False,True,
71963,False,True,
71964,False,True,
71965,False,True,
71966,False,True,
71967,False,True,
71968,False,True,
71969,False,True,
71970,False,True,
71971,False,True,
71972,False,True,
71973,False,True,
71974,False,True,
71978,False,True,
71980,False,True,
71985,False,True,
71986,False,True,
71987,False,True,
71990,False,True,
71991,False,True,
71992,False,True,
71993,False,True,
71994,False,True,
71995,False,True,
71996,False,True,
71997,False,True,
72000,False,True,
72003,False,True,
72004,False,True,
72005,False,True,
72006,False,True,
72007,False,True,
72008,False,True,
72010,False,True,
72011,False,True,
72012,False,True,
72013,False,True,
72014,False,True,
72018,False,True,
72019,False,True,
72021,False,True,
72022,False,True,
72023,False,True,
72025,False,True,
72026,False,True,
72028,False,True,
72029,False,False,
72030,False,False,
72031,False,False,
72033,False,True,
72034,False,True,
72035,False,True,
72036,False,True,
72037,False,True,
72038,False,True,
72039,True,False,
72040,False,False,
72041,False,True,
72043,True,False,
72045,True,False,
72046,True,False,
72047,False,True,
72048,True,False,
72049,False,True,
72050,False,True,
72051,True,False,
72052,False,True,
72053,False,True,
72054,False,True,
72055,False,False,
72056,False,True,
72057,False,True,
72058,False,True,
72059,False,True,
72060,False,True,
72061,False,True,
72062,False,True,
72063,False,True,
72064,False,True,
72066,False,True,
72067,False,True,
72068,False,True,
72070,False,True,
72073,False,True,
72075,False,True,
72076,False,True,
72077,False,True,
72078,False,True,
72082,True,False,
72083,True,False,
72084,True,False,
72085,True,False,
72086,True,False,
72087,True,False,
72088,True,False,
72089,False,True,
72090,True,False,
72091,True,False,
72093,False,True,
72094,False,True,
72095,False,True,
72096,False,True,
72097,False,True,
72099,False,True,
72100,False,True,
72101,False,True,
72102,False,True,
72103,False,True,
72104,False,True,
72106,False,True,
72107,False,True,
72108,False,True,
72109,False,True,
72110,True,False,
72111,False,False,
72112,False,True,
72113,False,False,
72114,False,True,
72115,True,False,
72116,True,False,
72117,True,False,
72119,False,True,
72120,False,True,
72121,False,True,
72122,False,True,
72123,False,True,
72124,True,False,
72125,True,False,
72126,False,True,
72127,True,False,
72128,False,True,
72130,False,True,
72131,False,True,
72133,False,True,
72135,True,False,
72137,False,True,
72138,False,False,
72141,False,True,
72142,False,True,
72144,False,True,
72145,False,True,
72146,False,True,
72147,False,True,
72148,False,True,
72150,False,True,
72151,False,True,
72152,False,True,
72153,False,True,
72157,False,True,
72158,False,True,
72159,False,True,
72160,False,True,
72161,False,True,
72162,False,True,
72164,False,True,
72165,False,True,
72166,False,True,
72167,False,True,
72168,False,True,
72169,False,True,
72170,False,True,
72171,False,True,
72172,False,True,
72173,False,True,
72174,False,True,
72175,False,True,
72176,False,True,
72178,False,True,
72179,False,True,
72180,False,True,
72181,False,True,
72182,False,True,
72183,False,True,
72184,False,True,
72185,False,True,
72186,False,True,
72187,False,True,
72188,False,True,
72189,False,True,
72190,False,True,
72191,False,True,
72192,False,True,
72193,False,True,
72194,False,True,
72195,False,True,
72196,False,True,
72197,False,True,
72198,False,True,
72199,False,True,
72200,False,True,
72201,True,False,
72202,True,False,
72203,False,True,
72204,True,False,
72205,False,True,
72207,True,False,
72208,True,False,
72209,False,True,
72210,False,True,
72212,False,True,
72213,False,True,
72217,False,True,
72218,False,True,
72219,False,True,
72220,False,True,
72221,True,False,
72222,False,True,
72224,True,False,
72229,True,False,
72232,True,False,
72233,True,False,
72234,False,True,
72235,False,True,
72236,True,False,
72237,False,True,
72238,True,False,
72239,False,True,
72240,False,True,
72241,False,True,
72242,False,True,
72244,False,True,
72246,False,True,
72247,False,True,
72249,False,True,
72252,False,True,
72253,False,True,
72254,False,True,
72256,False,True,
72257,False,True,
72269,False,True,
72271,False,True,
72272,False,True,
